id,smiles,domain,pqr_gap,pred_qm9_aligned_gap,cycle_error,final_confidence,charge,multiplicity,xyz_file,gaussian_input,orca_input
pqr_0000,O=C1c2ccccc2N=C2CCC[N+]12,charged_or_radical,8.447999999999999,5.616362517550057,2.72922712734494,low_confidence,1,2,runs/pqr_full_domain_moe_qm9_cycle/recompute_inputs/xyz/pqr_0000.xyz,runs/pqr_full_domain_moe_qm9_cycle/recompute_inputs/gaussian_gjf/pqr_0000.gjf,runs/pqr_full_domain_moe_qm9_cycle/recompute_inputs/orca_inp/pqr_0000.inp
pqr_0001,CC[C@@H](C)/C=C(C)/C=C/C(=O)C1=C(O)C(c2ccc(O)cc2)=C[N+](O)C1=O,charged_or_radical,7.757,5.660152036659913,3.4053799456650644,low_confidence,1,2,runs/pqr_full_domain_moe_qm9_cycle/recompute_inputs/xyz/pqr_0001.xyz,runs/pqr_full_domain_moe_qm9_cycle/recompute_inputs/gaussian_gjf/pqr_0001.gjf,runs/pqr_full_domain_moe_qm9_cycle/recompute_inputs/orca_inp/pqr_0001.inp
pqr_0002,COc1cc(-c2[oH+]c3cc(O)cc(O)c3c(=O)c2OC)ccc1O,charged_or_radical,7.678000000000001,5.533829746129358,3.0110322465448327,low_confidence,1,1,runs/pqr_full_domain_moe_qm9_cycle/recompute_inputs/xyz/pqr_0002.xyz,runs/pqr_full_domain_moe_qm9_cycle/recompute_inputs/gaussian_gjf/pqr_0002.gjf,runs/pqr_full_domain_moe_qm9_cycle/recompute_inputs/orca_inp/pqr_0002.inp
pqr_0003,COc1c2ccoc2cc2[oH+]c(=O)ccc12,charged_or_radical,8.003,5.39738606605211,2.704666868492991,low_confidence,1,1,runs/pqr_full_domain_moe_qm9_cycle/recompute_inputs/xyz/pqr_0003.xyz,runs/pqr_full_domain_moe_qm9_cycle/recompute_inputs/gaussian_gjf/pqr_0003.gjf,runs/pqr_full_domain_moe_qm9_cycle/recompute_inputs/orca_inp/pqr_0003.inp
pqr_0004,O=C1C2=Nc3ccccc3C(=O)[N+]2c2ccccc21,charged_or_radical,10.656,5.388876092834163,0.1733548837441958,low_confidence,1,2,runs/pqr_full_domain_moe_qm9_cycle/recompute_inputs/xyz/pqr_0004.xyz,runs/pqr_full_domain_moe_qm9_cycle/recompute_inputs/gaussian_gjf/pqr_0004.gjf,runs/pqr_full_domain_moe_qm9_cycle/recompute_inputs/orca_inp/pqr_0004.inp
pqr_0005,CC(C)=CCc1c(O)c(C(=O)CC(C)C)c(O)c2c(-c3ccccc3)cc(=O)[oH+]c12,charged_or_radical,7.980999999999999,5.56974114717196,3.3459417993419285,low_confidence,1,1,runs/pqr_full_domain_moe_qm9_cycle/recompute_inputs/xyz/pqr_0005.xyz,runs/pqr_full_domain_moe_qm9_cycle/recompute_inputs/gaussian_gjf/pqr_0005.gjf,runs/pqr_full_domain_moe_qm9_cycle/recompute_inputs/orca_inp/pqr_0005.inp
pqr_0006,COc1cc2nccc(Oc3ccc(NC(=O)C4=CC=C[N+](Cc5ccccc5)C4=O)nc3)c2cc1OC,charged_or_radical,10.251,5.557859156475567,0.730501578412774,low_confidence,1,2,runs/pqr_full_domain_moe_qm9_cycle/recompute_inputs/xyz/pqr_0006.xyz,runs/pqr_full_domain_moe_qm9_cycle/recompute_inputs/gaussian_gjf/pqr_0006.gjf,runs/pqr_full_domain_moe_qm9_cycle/recompute_inputs/orca_inp/pqr_0006.inp
pqr_0007,O=C(O)c1ccc2[oH+]c3ccc(OCCO)cc3c(=O)c2c1,charged_or_radical,8.003,5.579716939020444,2.874383726306611,low_confidence,1,1,runs/pqr_full_domain_moe_qm9_cycle/recompute_inputs/xyz/pqr_0007.xyz,runs/pqr_full_domain_moe_qm9_cycle/recompute_inputs/gaussian_gjf/pqr_0007.gjf,runs/pqr_full_domain_moe_qm9_cycle/recompute_inputs/orca_inp/pqr_0007.inp
pqr_0008,COc1cc(O)cc2cc3[oH+]c(C)cc(=O)c3c(O)c12,charged_or_radical,10.937,5.37192864219395,0.2324354699612829,low_confidence,1,1,runs/pqr_full_domain_moe_qm9_cycle/recompute_inputs/xyz/pqr_0008.xyz,runs/pqr_full_domain_moe_qm9_cycle/recompute_inputs/gaussian_gjf/pqr_0008.gjf,runs/pqr_full_domain_moe_qm9_cycle/recompute_inputs/orca_inp/pqr_0008.inp
pqr_0009,O=C1[NH+]C=C(c2ccncc2)C=C1NC(=O)c1ccccc1,charged_or_radical,10.868,5.44553778591561,0.0102945721191076,low_confidence,1,2,runs/pqr_full_domain_moe_qm9_cycle/recompute_inputs/xyz/pqr_0009.xyz,runs/pqr_full_domain_moe_qm9_cycle/recompute_inputs/gaussian_gjf/pqr_0009.gjf,runs/pqr_full_domain_moe_qm9_cycle/recompute_inputs/orca_inp/pqr_0009.inp
pqr_0010,COc1c(O)cc2[oH+]c3cc(O)c(CC=C(C)C)c(O)c3c(=O)c2c1CC=C(C)C,charged_or_radical,7.901000000000001,5.6644190808341035,3.118849131701835,low_confidence,1,1,runs/pqr_full_domain_moe_qm9_cycle/recompute_inputs/xyz/pqr_0010.xyz,runs/pqr_full_domain_moe_qm9_cycle/recompute_inputs/gaussian_gjf/pqr_0010.gjf,runs/pqr_full_domain_moe_qm9_cycle/recompute_inputs/orca_inp/pqr_0010.inp
pqr_0011,COc1c(O)c(=O)[oH+]c2c(O)cccc12,charged_or_radical,8.081,5.656601169428482,2.443040909004212,low_confidence,1,1,runs/pqr_full_domain_moe_qm9_cycle/recompute_inputs/xyz/pqr_0011.xyz,runs/pqr_full_domain_moe_qm9_cycle/recompute_inputs/gaussian_gjf/pqr_0011.gjf,runs/pqr_full_domain_moe_qm9_cycle/recompute_inputs/orca_inp/pqr_0011.inp
pqr_0012,CC1=C(Oc2cc(Cl)cc(C#N)c2)C(=O)[N+](Cc2[nH]nc3ncccc23)C=C1,charged_or_radical,11.264,5.602343039903628,0.2653668508855542,low_confidence,1,2,runs/pqr_full_domain_moe_qm9_cycle/recompute_inputs/xyz/pqr_0012.xyz,runs/pqr_full_domain_moe_qm9_cycle/recompute_inputs/gaussian_gjf/pqr_0012.gjf,runs/pqr_full_domain_moe_qm9_cycle/recompute_inputs/orca_inp/pqr_0012.inp
pqr_0013,NC1=Cc2ccccc2[NH+]C1=S,charged_or_radical,6.741,5.334863351141454,4.011879596784739,low_confidence,1,2,runs/pqr_full_domain_moe_qm9_cycle/recompute_inputs/xyz/pqr_0013.xyz,runs/pqr_full_domain_moe_qm9_cycle/recompute_inputs/gaussian_gjf/pqr_0013.gjf,runs/pqr_full_domain_moe_qm9_cycle/recompute_inputs/orca_inp/pqr_0013.inp
pqr_0014,COc1ccc(-c2cc(=O)c3c(OC)cc(OC)c(OC)c3[oH+]2)cc1,charged_or_radical,8.299,5.632548146583334,2.2974125102976792,low_confidence,1,1,runs/pqr_full_domain_moe_qm9_cycle/recompute_inputs/xyz/pqr_0014.xyz,runs/pqr_full_domain_moe_qm9_cycle/recompute_inputs/gaussian_gjf/pqr_0014.gjf,runs/pqr_full_domain_moe_qm9_cycle/recompute_inputs/orca_inp/pqr_0014.inp
pqr_0015,O=C1[NH+]c2ccc([N+](=O)[O-])cc2[NH+]C1=O,charged_or_radical,7.755999999999999,5.517466457664355,3.5187520218031567,low_confidence,2,3,runs/pqr_full_domain_moe_qm9_cycle/recompute_inputs/xyz/pqr_0015.xyz,runs/pqr_full_domain_moe_qm9_cycle/recompute_inputs/gaussian_gjf/pqr_0015.gjf,runs/pqr_full_domain_moe_qm9_cycle/recompute_inputs/orca_inp/pqr_0015.inp
pqr_0016,O=c1ccc2ccc(OS(=O)(=O)O)cc2[oH+]1,charged_or_radical,7.95,5.538988094429859,2.7700739190402848,low_confidence,1,1,runs/pqr_full_domain_moe_qm9_cycle/recompute_inputs/xyz/pqr_0016.xyz,runs/pqr_full_domain_moe_qm9_cycle/recompute_inputs/gaussian_gjf/pqr_0016.gjf,runs/pqr_full_domain_moe_qm9_cycle/recompute_inputs/orca_inp/pqr_0016.inp
pqr_0017,COC1=C(C)C(=O)C2=CC(=O)[N+](C)C=C2C1=O,charged_or_radical,7.955,5.4802480889612095,3.4559805731699313,low_confidence,1,2,runs/pqr_full_domain_moe_qm9_cycle/recompute_inputs/xyz/pqr_0017.xyz,runs/pqr_full_domain_moe_qm9_cycle/recompute_inputs/gaussian_gjf/pqr_0017.gjf,runs/pqr_full_domain_moe_qm9_cycle/recompute_inputs/orca_inp/pqr_0017.inp
pqr_0018,COc1ccc(-c2[oH+]c3cc(OC)c(O)c(O)c3c(=O)c2O)cc1,charged_or_radical,7.94,5.536994838182665,2.7846063831947054,low_confidence,1,1,runs/pqr_full_domain_moe_qm9_cycle/recompute_inputs/xyz/pqr_0018.xyz,runs/pqr_full_domain_moe_qm9_cycle/recompute_inputs/gaussian_gjf/pqr_0018.gjf,runs/pqr_full_domain_moe_qm9_cycle/recompute_inputs/orca_inp/pqr_0018.inp
pqr_0019,O=c1cc(-c2ccc3c(c2)OCO3)[oH+]c2ccccc12,charged_or_radical,11.176,5.381434270105053,0.402698359548582,low_confidence,1,1,runs/pqr_full_domain_moe_qm9_cycle/recompute_inputs/xyz/pqr_0019.xyz,runs/pqr_full_domain_moe_qm9_cycle/recompute_inputs/gaussian_gjf/pqr_0019.gjf,runs/pqr_full_domain_moe_qm9_cycle/recompute_inputs/orca_inp/pqr_0019.inp
pqr_0020,O=C1c2ccccc2N=C[N+]1c1nn[nH]n1,charged_or_radical,7.980999999999999,5.562486747316136,2.835389144012267,low_confidence,1,2,runs/pqr_full_domain_moe_qm9_cycle/recompute_inputs/xyz/pqr_0020.xyz,runs/pqr_full_domain_moe_qm9_cycle/recompute_inputs/gaussian_gjf/pqr_0020.gjf,runs/pqr_full_domain_moe_qm9_cycle/recompute_inputs/orca_inp/pqr_0020.inp
pqr_0021,COc1cc(O)c2c(=O)c(O)c(-c3ccc(OC)c(O)c3)[oH+]c2c1,charged_or_radical,8.434,5.541854596708955,2.306827484768778,low_confidence,1,1,runs/pqr_full_domain_moe_qm9_cycle/recompute_inputs/xyz/pqr_0021.xyz,runs/pqr_full_domain_moe_qm9_cycle/recompute_inputs/gaussian_gjf/pqr_0021.gjf,runs/pqr_full_domain_moe_qm9_cycle/recompute_inputs/orca_inp/pqr_0021.inp
pqr_0022,COc1ccc2cc(C(C)=O)c(=O)[oH+]c2c1,charged_or_radical,11.064,5.356678625998821,0.2967112613457203,low_confidence,1,1,runs/pqr_full_domain_moe_qm9_cycle/recompute_inputs/xyz/pqr_0022.xyz,runs/pqr_full_domain_moe_qm9_cycle/recompute_inputs/gaussian_gjf/pqr_0022.gjf,runs/pqr_full_domain_moe_qm9_cycle/recompute_inputs/orca_inp/pqr_0022.inp
pqr_0023,COc1cc(-c2[oH+]c3cc(OC)c(OC)c(O)c3c(=O)c2OC)ccc1O,charged_or_radical,7.697,5.671662751455109,2.951141322860999,low_confidence,1,1,runs/pqr_full_domain_moe_qm9_cycle/recompute_inputs/xyz/pqr_0023.xyz,runs/pqr_full_domain_moe_qm9_cycle/recompute_inputs/gaussian_gjf/pqr_0023.gjf,runs/pqr_full_domain_moe_qm9_cycle/recompute_inputs/orca_inp/pqr_0023.inp
pqr_0024,Cc1cc(N)[n+]2[nH]cnc2n1,charged_or_radical,8.605,5.613834126686975,2.354624017709977,low_confidence,1,1,runs/pqr_full_domain_moe_qm9_cycle/recompute_inputs/xyz/pqr_0024.xyz,runs/pqr_full_domain_moe_qm9_cycle/recompute_inputs/gaussian_gjf/pqr_0024.gjf,runs/pqr_full_domain_moe_qm9_cycle/recompute_inputs/orca_inp/pqr_0024.inp
pqr_0025,COc1cc([C@H]2Oc3ccc(-c4cc(=O)c5c(O)cc(O)cc5[oH+]4)cc3O[C@@H]2CO)ccc1O,charged_or_radical,7.960999999999999,5.568482039231952,2.9582127300529395,low_confidence,1,1,runs/pqr_full_domain_moe_qm9_cycle/recompute_inputs/xyz/pqr_0025.xyz,runs/pqr_full_domain_moe_qm9_cycle/recompute_inputs/gaussian_gjf/pqr_0025.gjf,runs/pqr_full_domain_moe_qm9_cycle/recompute_inputs/orca_inp/pqr_0025.inp
pqr_0026,O=c1[oH+]c2ccc3ccccc3c2cc1-c1ccccc1,charged_or_radical,7.698,5.297728523514244,3.121423926988351,low_confidence,1,1,runs/pqr_full_domain_moe_qm9_cycle/recompute_inputs/xyz/pqr_0026.xyz,runs/pqr_full_domain_moe_qm9_cycle/recompute_inputs/gaussian_gjf/pqr_0026.gjf,runs/pqr_full_domain_moe_qm9_cycle/recompute_inputs/orca_inp/pqr_0026.inp
pqr_0027,O=c1c(O)c(-c2ccc(O)cc2)[oH+]c2cc(O)cc(O)c12,charged_or_radical,7.501,5.477359684089931,3.25726434596527,low_confidence,1,1,runs/pqr_full_domain_moe_qm9_cycle/recompute_inputs/xyz/pqr_0027.xyz,runs/pqr_full_domain_moe_qm9_cycle/recompute_inputs/gaussian_gjf/pqr_0027.gjf,runs/pqr_full_domain_moe_qm9_cycle/recompute_inputs/orca_inp/pqr_0027.inp
pqr_0028,O=C1C2=C(NCCCN3CCN(CCCNC4=C5C(=O)c6ccccc6[N+]6=NN=C(C=C4)[C@@H]56)CC3)C=CC3=NN=[N+](c4ccccc41)[C@@H]32,charged_or_radical,9.593,5.57829187890904,1.7799404315301146,low_confidence,2,1,runs/pqr_full_domain_moe_qm9_cycle/recompute_inputs/xyz/pqr_0028.xyz,runs/pqr_full_domain_moe_qm9_cycle/recompute_inputs/gaussian_gjf/pqr_0028.gjf,runs/pqr_full_domain_moe_qm9_cycle/recompute_inputs/orca_inp/pqr_0028.inp
pqr_0029,Cc1nccc2c1C=CC(=O)[NH+]2,charged_or_radical,11.416,5.4553952470526115,0.258379358667069,low_confidence,1,2,runs/pqr_full_domain_moe_qm9_cycle/recompute_inputs/xyz/pqr_0029.xyz,runs/pqr_full_domain_moe_qm9_cycle/recompute_inputs/gaussian_gjf/pqr_0029.gjf,runs/pqr_full_domain_moe_qm9_cycle/recompute_inputs/orca_inp/pqr_0029.inp
pqr_0030,COc1c(OC)c(O)c2c(=O)cc(-c3ccc(O)cc3)[oH+]c2c1OC,charged_or_radical,7.836,5.5370367661041655,2.818778289164017,low_confidence,1,1,runs/pqr_full_domain_moe_qm9_cycle/recompute_inputs/xyz/pqr_0030.xyz,runs/pqr_full_domain_moe_qm9_cycle/recompute_inputs/gaussian_gjf/pqr_0030.gjf,runs/pqr_full_domain_moe_qm9_cycle/recompute_inputs/orca_inp/pqr_0030.inp
pqr_0031,COc1cc2ccc(=O)[oH+]c2c(OC)c1O,charged_or_radical,10.719,5.56683510407941,0.2563248276554066,low_confidence,1,1,runs/pqr_full_domain_moe_qm9_cycle/recompute_inputs/xyz/pqr_0031.xyz,runs/pqr_full_domain_moe_qm9_cycle/recompute_inputs/gaussian_gjf/pqr_0031.gjf,runs/pqr_full_domain_moe_qm9_cycle/recompute_inputs/orca_inp/pqr_0031.inp
pqr_0032,CC(=O)C[C@H](c1ccco1)c1c(O)c2ccccc2[oH+]c1=O,charged_or_radical,7.755000000000001,5.545507551389881,3.32121559492842,low_confidence,1,1,runs/pqr_full_domain_moe_qm9_cycle/recompute_inputs/xyz/pqr_0032.xyz,runs/pqr_full_domain_moe_qm9_cycle/recompute_inputs/gaussian_gjf/pqr_0032.gjf,runs/pqr_full_domain_moe_qm9_cycle/recompute_inputs/orca_inp/pqr_0032.inp
pqr_0033,CCN(CC)c1ccc2c(C)c(-c3ccc(N4C(=O)C=CC4=O)cc3)c(=O)[oH+]c2c1,charged_or_radical,6.78,5.580605362382765,4.142221185771416,low_confidence,1,1,runs/pqr_full_domain_moe_qm9_cycle/recompute_inputs/xyz/pqr_0033.xyz,runs/pqr_full_domain_moe_qm9_cycle/recompute_inputs/gaussian_gjf/pqr_0033.gjf,runs/pqr_full_domain_moe_qm9_cycle/recompute_inputs/orca_inp/pqr_0033.inp
pqr_0034,Cc1cc(=O)[oH+]c2cc3c(cc12)CCO3,charged_or_radical,8.158,5.608822079644523,2.7165847909860688,low_confidence,1,1,runs/pqr_full_domain_moe_qm9_cycle/recompute_inputs/xyz/pqr_0034.xyz,runs/pqr_full_domain_moe_qm9_cycle/recompute_inputs/gaussian_gjf/pqr_0034.gjf,runs/pqr_full_domain_moe_qm9_cycle/recompute_inputs/orca_inp/pqr_0034.inp
pqr_0035,O=C=Nc1c(C[NH2+]O)ccc(Cl)c1Cl,charged_or_radical,8.028,5.485319278182298,3.3545120217997084,low_confidence,1,1,runs/pqr_full_domain_moe_qm9_cycle/recompute_inputs/xyz/pqr_0035.xyz,runs/pqr_full_domain_moe_qm9_cycle/recompute_inputs/gaussian_gjf/pqr_0035.gjf,runs/pqr_full_domain_moe_qm9_cycle/recompute_inputs/orca_inp/pqr_0035.inp
pqr_0036,O=C(O)Cc1cc(=O)[oH+]c2cc(O)ccc12,charged_or_radical,8.254999999999999,5.581990444362797,2.817478055521093,low_confidence,1,1,runs/pqr_full_domain_moe_qm9_cycle/recompute_inputs/xyz/pqr_0036.xyz,runs/pqr_full_domain_moe_qm9_cycle/recompute_inputs/gaussian_gjf/pqr_0036.gjf,runs/pqr_full_domain_moe_qm9_cycle/recompute_inputs/orca_inp/pqr_0036.inp
pqr_0037,C[N+]1C(=O)C2=C([NH+]C(=O)C(C=O)=N2)[N+](C)C1=O,charged_or_radical,11.233,5.672888432117427,0.2126329757851657,low_confidence,3,4,runs/pqr_full_domain_moe_qm9_cycle/recompute_inputs/xyz/pqr_0037.xyz,runs/pqr_full_domain_moe_qm9_cycle/recompute_inputs/gaussian_gjf/pqr_0037.gjf,runs/pqr_full_domain_moe_qm9_cycle/recompute_inputs/orca_inp/pqr_0037.inp
pqr_0038,COc1cc(O)c2c(=O)c(OC)c(-c3ccccc3)[oH+]c2c1,charged_or_radical,7.956,5.51994096976847,2.7644503172258137,low_confidence,1,1,runs/pqr_full_domain_moe_qm9_cycle/recompute_inputs/xyz/pqr_0038.xyz,runs/pqr_full_domain_moe_qm9_cycle/recompute_inputs/gaussian_gjf/pqr_0038.gjf,runs/pqr_full_domain_moe_qm9_cycle/recompute_inputs/orca_inp/pqr_0038.inp
pqr_0039,Nc1[oH+]c2ccccc2c(=O)c1C=O,charged_or_radical,11.890999999999998,5.196812044137737,0.9994305708525636,low_confidence,1,1,runs/pqr_full_domain_moe_qm9_cycle/recompute_inputs/xyz/pqr_0039.xyz,runs/pqr_full_domain_moe_qm9_cycle/recompute_inputs/gaussian_gjf/pqr_0039.gjf,runs/pqr_full_domain_moe_qm9_cycle/recompute_inputs/orca_inp/pqr_0039.inp
pqr_0040,Cc1ccccc1-c1c[oH+]c2cc(OCC(=O)O)cc(Cl)c2c1=O,charged_or_radical,8.306000000000001,5.544597094336559,2.7702354689533717,low_confidence,1,1,runs/pqr_full_domain_moe_qm9_cycle/recompute_inputs/xyz/pqr_0040.xyz,runs/pqr_full_domain_moe_qm9_cycle/recompute_inputs/gaussian_gjf/pqr_0040.gjf,runs/pqr_full_domain_moe_qm9_cycle/recompute_inputs/orca_inp/pqr_0040.inp
pqr_0041,O=C1[NH+]C=C(Cc2ccccc2)C(=O)[NH+]1,charged_or_radical,8.967,5.674789980873024,2.164748456338595,low_confidence,2,3,runs/pqr_full_domain_moe_qm9_cycle/recompute_inputs/xyz/pqr_0041.xyz,runs/pqr_full_domain_moe_qm9_cycle/recompute_inputs/gaussian_gjf/pqr_0041.gjf,runs/pqr_full_domain_moe_qm9_cycle/recompute_inputs/orca_inp/pqr_0041.inp
pqr_0042,O=c1[oH+]c(-c2ccc(O)c(O)c2)cc2cc(O)cc(O)c12,charged_or_radical,11.819,5.440616608638589,0.9411512385940012,low_confidence,1,1,runs/pqr_full_domain_moe_qm9_cycle/recompute_inputs/xyz/pqr_0042.xyz,runs/pqr_full_domain_moe_qm9_cycle/recompute_inputs/gaussian_gjf/pqr_0042.gjf,runs/pqr_full_domain_moe_qm9_cycle/recompute_inputs/orca_inp/pqr_0042.inp
pqr_0043,O=C1C=CC(Cc2ccc(Cl)c(Oc3ccccc3)c2F)=N[NH+]1,charged_or_radical,11.324000000000002,5.527125130771889,0.3767882410392218,low_confidence,1,2,runs/pqr_full_domain_moe_qm9_cycle/recompute_inputs/xyz/pqr_0043.xyz,runs/pqr_full_domain_moe_qm9_cycle/recompute_inputs/gaussian_gjf/pqr_0043.gjf,runs/pqr_full_domain_moe_qm9_cycle/recompute_inputs/orca_inp/pqr_0043.inp
pqr_0044,O=C(O)C1=CC(=O)[N+](O)C=C1,charged_or_radical,8.056000000000001,5.6496033977598294,3.443353858143704,low_confidence,1,2,runs/pqr_full_domain_moe_qm9_cycle/recompute_inputs/xyz/pqr_0044.xyz,runs/pqr_full_domain_moe_qm9_cycle/recompute_inputs/gaussian_gjf/pqr_0044.gjf,runs/pqr_full_domain_moe_qm9_cycle/recompute_inputs/orca_inp/pqr_0044.inp
pqr_0045,CC(C)c1oc2cc3[oH+]c(=O)ccc3cc2c1O,charged_or_radical,11.534,5.569299481544228,0.905789961063217,low_confidence,1,1,runs/pqr_full_domain_moe_qm9_cycle/recompute_inputs/xyz/pqr_0045.xyz,runs/pqr_full_domain_moe_qm9_cycle/recompute_inputs/gaussian_gjf/pqr_0045.gjf,runs/pqr_full_domain_moe_qm9_cycle/recompute_inputs/orca_inp/pqr_0045.inp
pqr_0046,CCN(C)c1cc(=O)c2c(ccc3ccccc32)[oH+]1,charged_or_radical,8.081999999999999,5.436809506097251,2.891377714530668,low_confidence,1,1,runs/pqr_full_domain_moe_qm9_cycle/recompute_inputs/xyz/pqr_0046.xyz,runs/pqr_full_domain_moe_qm9_cycle/recompute_inputs/gaussian_gjf/pqr_0046.gjf,runs/pqr_full_domain_moe_qm9_cycle/recompute_inputs/orca_inp/pqr_0046.inp
pqr_0047,CNc1nc(Br)c[n+]2cc(C#N)[nH]c12,charged_or_radical,7.829000000000001,5.604637399056903,2.854860781812942,low_confidence,1,1,runs/pqr_full_domain_moe_qm9_cycle/recompute_inputs/xyz/pqr_0047.xyz,runs/pqr_full_domain_moe_qm9_cycle/recompute_inputs/gaussian_gjf/pqr_0047.gjf,runs/pqr_full_domain_moe_qm9_cycle/recompute_inputs/orca_inp/pqr_0047.inp
pqr_0048,O=C=C1C2=NC=CCC(C#CN3C=CC4(C=C3)NC[NH2+]Oc3ccccc34)=C2c2ccc(Cl)c(Cl)c21,charged_or_radical,6.553,5.4553465916112565,4.348653368865517,low_confidence,1,1,runs/pqr_full_domain_moe_qm9_cycle/recompute_inputs/xyz/pqr_0048.xyz,runs/pqr_full_domain_moe_qm9_cycle/recompute_inputs/gaussian_gjf/pqr_0048.gjf,runs/pqr_full_domain_moe_qm9_cycle/recompute_inputs/orca_inp/pqr_0048.inp
pqr_0049,CC(C)=CCc1c(O)cc(O)c2c(=O)cc(-c3ccc(O)cc3)[oH+]c12,charged_or_radical,8.442,5.518451181182269,2.4763378800209015,low_confidence,1,1,runs/pqr_full_domain_moe_qm9_cycle/recompute_inputs/xyz/pqr_0049.xyz,runs/pqr_full_domain_moe_qm9_cycle/recompute_inputs/gaussian_gjf/pqr_0049.gjf,runs/pqr_full_domain_moe_qm9_cycle/recompute_inputs/orca_inp/pqr_0049.inp
pqr_0050,COc1ccc(-c2[oH+]c3c(OC)c(OC)ccc3c(=O)c2OC)cc1O,charged_or_radical,7.714,5.744541641693319,2.8734193262473315,low_confidence,1,1,runs/pqr_full_domain_moe_qm9_cycle/recompute_inputs/xyz/pqr_0050.xyz,runs/pqr_full_domain_moe_qm9_cycle/recompute_inputs/gaussian_gjf/pqr_0050.gjf,runs/pqr_full_domain_moe_qm9_cycle/recompute_inputs/orca_inp/pqr_0050.inp
pqr_0051,CCc1cc(OC)c2c(c1)c(=O)[oH+]c1c2cc(OC)c2c(O)ccc([C@H]3O[C@H]([C@@H](C)O)[C@H](O)[C@H]3O)c21,charged_or_radical,7.018999999999999,5.926199511528707,3.687188452479293,low_confidence,1,1,runs/pqr_full_domain_moe_qm9_cycle/recompute_inputs/xyz/pqr_0051.xyz,runs/pqr_full_domain_moe_qm9_cycle/recompute_inputs/gaussian_gjf/pqr_0051.gjf,runs/pqr_full_domain_moe_qm9_cycle/recompute_inputs/orca_inp/pqr_0051.inp
pqr_0052,Nc1[nH]c(=O)c2cc(CNc3ccc(C(=O)N[C@@H](CCC(=O)O)C(=O)O)cc3)ccc2[nH+]1,charged_or_radical,7.699000000000001,5.838493791595181,3.2015373870809656,low_confidence,1,1,runs/pqr_full_domain_moe_qm9_cycle/recompute_inputs/xyz/pqr_0052.xyz,runs/pqr_full_domain_moe_qm9_cycle/recompute_inputs/gaussian_gjf/pqr_0052.gjf,runs/pqr_full_domain_moe_qm9_cycle/recompute_inputs/orca_inp/pqr_0052.inp
pqr_0053,COc1ccc(-c2c[oH+]c3cc4c(c(O)c3c2=O)C=CC(C)(C)O4)cc1,charged_or_radical,8.0,5.682413890878574,2.8513866253765876,low_confidence,1,1,runs/pqr_full_domain_moe_qm9_cycle/recompute_inputs/xyz/pqr_0053.xyz,runs/pqr_full_domain_moe_qm9_cycle/recompute_inputs/gaussian_gjf/pqr_0053.gjf,runs/pqr_full_domain_moe_qm9_cycle/recompute_inputs/orca_inp/pqr_0053.inp
pqr_0054,CCCOc1[oH+]c(=O)c2cc(NC(=O)Nc3ccccc3)ccc2c1Cl,charged_or_radical,10.577,5.7487417392084215,0.2137449081331937,low_confidence,1,1,runs/pqr_full_domain_moe_qm9_cycle/recompute_inputs/xyz/pqr_0054.xyz,runs/pqr_full_domain_moe_qm9_cycle/recompute_inputs/gaussian_gjf/pqr_0054.gjf,runs/pqr_full_domain_moe_qm9_cycle/recompute_inputs/orca_inp/pqr_0054.inp
pqr_0055,CC(C)CC[N+]1C(=O)/C(=C2/Nc3ccc(NS(C)(=O)=O)cc3S(=O)(=O)N2)C(=O)[C@H]2CCCN21,charged_or_radical,7.590999999999999,5.776252518742502,3.5986133014082267,low_confidence,1,2,runs/pqr_full_domain_moe_qm9_cycle/recompute_inputs/xyz/pqr_0055.xyz,runs/pqr_full_domain_moe_qm9_cycle/recompute_inputs/gaussian_gjf/pqr_0055.gjf,runs/pqr_full_domain_moe_qm9_cycle/recompute_inputs/orca_inp/pqr_0055.inp
pqr_0056,CC[C@H](C)C1=C(O)[N+]2(O)Oc3ccc(C4=C(O)C(=O)C(c5ccc(O)cc5)=C(O)C4=O)cc3O[C@@]2([C@@H](C)CC)C(=O)N1O,charged_or_radical,9.973,5.775478357292621,1.0560913137188894,low_confidence,1,1,runs/pqr_full_domain_moe_qm9_cycle/recompute_inputs/xyz/pqr_0056.xyz,runs/pqr_full_domain_moe_qm9_cycle/recompute_inputs/gaussian_gjf/pqr_0056.gjf,runs/pqr_full_domain_moe_qm9_cycle/recompute_inputs/orca_inp/pqr_0056.inp
pqr_0057,Nc1[nH]c(=O)c2c([nH+]1)NCC(CNc1ccc(C(=O)N[C@H](CCC(=O)O)C(=O)O)cc1)=N2,charged_or_radical,7.935,5.89676834752739,3.0396731123840883,low_confidence,1,1,runs/pqr_full_domain_moe_qm9_cycle/recompute_inputs/xyz/pqr_0057.xyz,runs/pqr_full_domain_moe_qm9_cycle/recompute_inputs/gaussian_gjf/pqr_0057.gjf,runs/pqr_full_domain_moe_qm9_cycle/recompute_inputs/orca_inp/pqr_0057.inp
pqr_0058,N#Cc1ccccc1C[N+]1C(=O)c2ccccc2N=C1N1CCC[C@@H](N)C1,charged_or_radical,11.19,5.911995740553824,0.2526793128382163,low_confidence,1,2,runs/pqr_full_domain_moe_qm9_cycle/recompute_inputs/xyz/pqr_0058.xyz,runs/pqr_full_domain_moe_qm9_cycle/recompute_inputs/gaussian_gjf/pqr_0058.gjf,runs/pqr_full_domain_moe_qm9_cycle/recompute_inputs/orca_inp/pqr_0058.inp
pqr_0059,CO[C@H]1C[C@H]2[C@@H](C[C@@H]1Cc1cccc(Cl)c1F)C(=O)[C@@H](C(=O)O)C[N@@H+]2[C@H](CO)C(C)C,charged_or_radical,11.075,5.803759640245376,0.0082073118934413,low_confidence,1,1,runs/pqr_full_domain_moe_qm9_cycle/recompute_inputs/xyz/pqr_0059.xyz,runs/pqr_full_domain_moe_qm9_cycle/recompute_inputs/gaussian_gjf/pqr_0059.gjf,runs/pqr_full_domain_moe_qm9_cycle/recompute_inputs/orca_inp/pqr_0059.inp
pqr_0060,O=C1[NH+]C(c2ccc(NCC3CCNCC3)cc2Cl)=Nc2c1oc1ccc(Br)cc21,charged_or_radical,7.692,5.812674129519237,3.337310904338569,low_confidence,1,2,runs/pqr_full_domain_moe_qm9_cycle/recompute_inputs/xyz/pqr_0060.xyz,runs/pqr_full_domain_moe_qm9_cycle/recompute_inputs/gaussian_gjf/pqr_0060.gjf,runs/pqr_full_domain_moe_qm9_cycle/recompute_inputs/orca_inp/pqr_0060.inp
pqr_0061,COc1cc2c(c3[oH+]c4c(O)cccc4c(=O)c13)C[C@H]([C@@]1(C)CO1)O2,charged_or_radical,8.227,5.8595299899314375,2.6374512837565387,low_confidence,1,1,runs/pqr_full_domain_moe_qm9_cycle/recompute_inputs/xyz/pqr_0061.xyz,runs/pqr_full_domain_moe_qm9_cycle/recompute_inputs/gaussian_gjf/pqr_0061.gjf,runs/pqr_full_domain_moe_qm9_cycle/recompute_inputs/orca_inp/pqr_0061.inp
pqr_0062,COc1c(-c2ccc(O)c(O)c2)[oH+]c2c(CC=C(C)C)c(O)c(CC=C(C)C)c(O)c2c1=O,charged_or_radical,10.706,5.738752052296754,0.2992642427839573,low_confidence,1,1,runs/pqr_full_domain_moe_qm9_cycle/recompute_inputs/xyz/pqr_0062.xyz,runs/pqr_full_domain_moe_qm9_cycle/recompute_inputs/gaussian_gjf/pqr_0062.gjf,runs/pqr_full_domain_moe_qm9_cycle/recompute_inputs/orca_inp/pqr_0062.inp
pqr_0063,CC1=CC(C)=NC(=S)[NH+]1,charged_or_radical,7.095,5.88733952608842,4.522690339710297,low_confidence,1,2,runs/pqr_full_domain_moe_qm9_cycle/recompute_inputs/xyz/pqr_0063.xyz,runs/pqr_full_domain_moe_qm9_cycle/recompute_inputs/gaussian_gjf/pqr_0063.gjf,runs/pqr_full_domain_moe_qm9_cycle/recompute_inputs/orca_inp/pqr_0063.inp
pqr_0064,C=C(C)[C@@H](O)Cc1c(O)c(CC=C(C)C)c2[oH+]cc(-c3ccc(O)c(O)c3)c(=O)c2c1O,charged_or_radical,8.691,5.701462753442977,2.534239195923801,low_confidence,1,1,runs/pqr_full_domain_moe_qm9_cycle/recompute_inputs/xyz/pqr_0064.xyz,runs/pqr_full_domain_moe_qm9_cycle/recompute_inputs/gaussian_gjf/pqr_0064.gjf,runs/pqr_full_domain_moe_qm9_cycle/recompute_inputs/orca_inp/pqr_0064.inp
pqr_0065,COc1cc2[oH+]c3c(c(=O)c2cc1OC)C(=O)c1c(ccc2cc4c(c(O)c12)C(=O)N1[C@@](C)(C4)OC(=O)[C@]1(C)COC(=O)C(C)C)C3=O,charged_or_radical,7.0809999999999995,5.783257287781106,3.8043134098741422,low_confidence,1,1,runs/pqr_full_domain_moe_qm9_cycle/recompute_inputs/xyz/pqr_0065.xyz,runs/pqr_full_domain_moe_qm9_cycle/recompute_inputs/gaussian_gjf/pqr_0065.gjf,runs/pqr_full_domain_moe_qm9_cycle/recompute_inputs/orca_inp/pqr_0065.inp
pqr_0066,COc1cc(O)c(CC=C(C)C)c2[oH+]c(-c3ccc(O)cc3)c(O)c(=O)c12,charged_or_radical,8.05,5.723107953877342,2.9119260435190366,low_confidence,1,1,runs/pqr_full_domain_moe_qm9_cycle/recompute_inputs/xyz/pqr_0066.xyz,runs/pqr_full_domain_moe_qm9_cycle/recompute_inputs/gaussian_gjf/pqr_0066.gjf,runs/pqr_full_domain_moe_qm9_cycle/recompute_inputs/orca_inp/pqr_0066.inp
pqr_0067,Cc1cc(C)cc(-[n+]2c3c(nc4cc(C)c(C)cc42)C(=O)[N+](C)C(=O)N3)c1,charged_or_radical,7.366,5.849438073352926,3.725896900922841,low_confidence,2,2,runs/pqr_full_domain_moe_qm9_cycle/recompute_inputs/xyz/pqr_0067.xyz,runs/pqr_full_domain_moe_qm9_cycle/recompute_inputs/gaussian_gjf/pqr_0067.gjf,runs/pqr_full_domain_moe_qm9_cycle/recompute_inputs/orca_inp/pqr_0067.inp
pqr_0068,CC1(C)C=C([N+]2C=CC=CC2=O)c2cc(C#N)ccc2O1,charged_or_radical,8.087,5.694522994724131,2.9200298903359254,low_confidence,1,2,runs/pqr_full_domain_moe_qm9_cycle/recompute_inputs/xyz/pqr_0068.xyz,runs/pqr_full_domain_moe_qm9_cycle/recompute_inputs/gaussian_gjf/pqr_0068.gjf,runs/pqr_full_domain_moe_qm9_cycle/recompute_inputs/orca_inp/pqr_0068.inp
pqr_0069,O=C1[NH+]C(=O)C([N+](=O)[O-])=C(C(=O)O)[NH+]1,charged_or_radical,11.954,5.772606225705118,0.4950440254613415,low_confidence,2,3,runs/pqr_full_domain_moe_qm9_cycle/recompute_inputs/xyz/pqr_0069.xyz,runs/pqr_full_domain_moe_qm9_cycle/recompute_inputs/gaussian_gjf/pqr_0069.gjf,runs/pqr_full_domain_moe_qm9_cycle/recompute_inputs/orca_inp/pqr_0069.inp
pqr_0070,O=c1cc(C(F)(F)F)c2ccc(OCc3ccccc3)cc2[oH+]1,charged_or_radical,7.882,5.726110489092432,2.9778708513093797,low_confidence,1,1,runs/pqr_full_domain_moe_qm9_cycle/recompute_inputs/xyz/pqr_0070.xyz,runs/pqr_full_domain_moe_qm9_cycle/recompute_inputs/gaussian_gjf/pqr_0070.gjf,runs/pqr_full_domain_moe_qm9_cycle/recompute_inputs/orca_inp/pqr_0070.inp
pqr_0071,Nc1[nH]c(=O)c2nc(CCCc3ccc(C(=O)N[C@@H](CCC(=O)O)C(=O)O)cc3)cnc2[nH+]1,charged_or_radical,8.404,5.917925385935153,2.538488921533027,low_confidence,1,1,runs/pqr_full_domain_moe_qm9_cycle/recompute_inputs/xyz/pqr_0071.xyz,runs/pqr_full_domain_moe_qm9_cycle/recompute_inputs/gaussian_gjf/pqr_0071.gjf,runs/pqr_full_domain_moe_qm9_cycle/recompute_inputs/orca_inp/pqr_0071.inp
pqr_0072,Cc1c[nH]c2c(NCc3ccncc3)ncc[n+]12,charged_or_radical,10.942,5.69120885425623,0.3457247263572292,low_confidence,1,1,runs/pqr_full_domain_moe_qm9_cycle/recompute_inputs/xyz/pqr_0072.xyz,runs/pqr_full_domain_moe_qm9_cycle/recompute_inputs/gaussian_gjf/pqr_0072.gjf,runs/pqr_full_domain_moe_qm9_cycle/recompute_inputs/orca_inp/pqr_0072.inp
pqr_0073,Cc1ccc2[nH]c(-c3ccc(C(=O)O)cc3)c(CC(=O)N(C)C)[n+]2c1,charged_or_radical,7.908,5.809683583987481,3.12928608880455,low_confidence,1,1,runs/pqr_full_domain_moe_qm9_cycle/recompute_inputs/xyz/pqr_0073.xyz,runs/pqr_full_domain_moe_qm9_cycle/recompute_inputs/gaussian_gjf/pqr_0073.gjf,runs/pqr_full_domain_moe_qm9_cycle/recompute_inputs/orca_inp/pqr_0073.inp
pqr_0074,O=c1c(O)c(CCCCCO)[oH+]c2ccccc12,charged_or_radical,8.285,5.866248045905811,2.5880259307040756,low_confidence,1,1,runs/pqr_full_domain_moe_qm9_cycle/recompute_inputs/xyz/pqr_0074.xyz,runs/pqr_full_domain_moe_qm9_cycle/recompute_inputs/gaussian_gjf/pqr_0074.gjf,runs/pqr_full_domain_moe_qm9_cycle/recompute_inputs/orca_inp/pqr_0074.inp
pqr_0075,COc1ccc2[nH]cc(CCNC(=O)c3cc(=O)cc[oH+]3)c2c1,charged_or_radical,7.758,5.7339555058825615,3.147527812524639,low_confidence,1,1,runs/pqr_full_domain_moe_qm9_cycle/recompute_inputs/xyz/pqr_0075.xyz,runs/pqr_full_domain_moe_qm9_cycle/recompute_inputs/gaussian_gjf/pqr_0075.gjf,runs/pqr_full_domain_moe_qm9_cycle/recompute_inputs/orca_inp/pqr_0075.inp
pqr_0076,COc1cc2c(c3[oH+]c(C(=O)O)cc(=O)c13)C=CC(C)(C)O2,charged_or_radical,7.683,5.875720077670652,3.3377078077984024,low_confidence,1,1,runs/pqr_full_domain_moe_qm9_cycle/recompute_inputs/xyz/pqr_0076.xyz,runs/pqr_full_domain_moe_qm9_cycle/recompute_inputs/gaussian_gjf/pqr_0076.gjf,runs/pqr_full_domain_moe_qm9_cycle/recompute_inputs/orca_inp/pqr_0076.inp
pqr_0077,C\C=C(C)/C=C(C)/C=C(C)/C=C/C=C/C=C/c1[oH+]c(=O)cc(OC)c1C,charged_or_radical,7.361999999999999,5.7854509959901,3.503645014812398,low_confidence,1,1,runs/pqr_full_domain_moe_qm9_cycle/recompute_inputs/xyz/pqr_0077.xyz,runs/pqr_full_domain_moe_qm9_cycle/recompute_inputs/gaussian_gjf/pqr_0077.gjf,runs/pqr_full_domain_moe_qm9_cycle/recompute_inputs/orca_inp/pqr_0077.inp
pqr_0078,O=c1[oH+]c2ccccc2c(O)c1Cc1c(O)c2ccccc2[oH+]c1=O,charged_or_radical,8.398,5.68000397782989,2.371899552355927,low_confidence,2,1,runs/pqr_full_domain_moe_qm9_cycle/recompute_inputs/xyz/pqr_0078.xyz,runs/pqr_full_domain_moe_qm9_cycle/recompute_inputs/gaussian_gjf/pqr_0078.gjf,runs/pqr_full_domain_moe_qm9_cycle/recompute_inputs/orca_inp/pqr_0078.inp
pqr_0079,C/C(=N\NC(=N)[NH+]O)c1ccc(NC(=O)Nc2ccc(/C(C)=N/N/C(N)=N/O)cc2)cc1,charged_or_radical,11.11,5.747817205986359,0.2893245908270572,low_confidence,1,2,runs/pqr_full_domain_moe_qm9_cycle/recompute_inputs/xyz/pqr_0079.xyz,runs/pqr_full_domain_moe_qm9_cycle/recompute_inputs/gaussian_gjf/pqr_0079.gjf,runs/pqr_full_domain_moe_qm9_cycle/recompute_inputs/orca_inp/pqr_0079.inp
pqr_0080,CC1(C)C[C@H]1c1cc2cc3ccoc3cc2[oH+]c1=O,charged_or_radical,7.972,5.786101419053611,2.9553279090802436,low_confidence,1,1,runs/pqr_full_domain_moe_qm9_cycle/recompute_inputs/xyz/pqr_0080.xyz,runs/pqr_full_domain_moe_qm9_cycle/recompute_inputs/gaussian_gjf/pqr_0080.gjf,runs/pqr_full_domain_moe_qm9_cycle/recompute_inputs/orca_inp/pqr_0080.inp
pqr_0081,COc1ccc(C2=Cc3c(OC)cc(OC)cc3[N+](CCc3nn[nH]n3)C2=O)cc1,charged_or_radical,11.193,5.797540901513824,0.2864792375076046,low_confidence,1,2,runs/pqr_full_domain_moe_qm9_cycle/recompute_inputs/xyz/pqr_0081.xyz,runs/pqr_full_domain_moe_qm9_cycle/recompute_inputs/gaussian_gjf/pqr_0081.gjf,runs/pqr_full_domain_moe_qm9_cycle/recompute_inputs/orca_inp/pqr_0081.inp
pqr_0082,CC[C@@]1(O)C(=O)OCC2=C1C=C1c3nc4cc5c(cc4cc3C[N+]1C2=O)OCO5,charged_or_radical,7.416,5.88901641555581,3.5748517894181475,low_confidence,1,2,runs/pqr_full_domain_moe_qm9_cycle/recompute_inputs/xyz/pqr_0082.xyz,runs/pqr_full_domain_moe_qm9_cycle/recompute_inputs/gaussian_gjf/pqr_0082.gjf,runs/pqr_full_domain_moe_qm9_cycle/recompute_inputs/orca_inp/pqr_0082.inp
pqr_0083,Nc1c(N2CCc3ccc(CNC(=O)C4=Nc5sc6c(c5C(=O)[NH+]4)CCS(=O)(=O)C6)cc3C2)c(=O)c1=O,charged_or_radical,6.405999999999999,5.852083881906399,4.695869656392876,low_confidence,1,2,runs/pqr_full_domain_moe_qm9_cycle/recompute_inputs/xyz/pqr_0083.xyz,runs/pqr_full_domain_moe_qm9_cycle/recompute_inputs/gaussian_gjf/pqr_0083.gjf,runs/pqr_full_domain_moe_qm9_cycle/recompute_inputs/orca_inp/pqr_0083.inp
pqr_0084,CCO[C@@H](O)c1c[nH][n+]2ccccc12,charged_or_radical,7.922000000000001,5.884058525744396,2.864298284914071,low_confidence,1,1,runs/pqr_full_domain_moe_qm9_cycle/recompute_inputs/xyz/pqr_0084.xyz,runs/pqr_full_domain_moe_qm9_cycle/recompute_inputs/gaussian_gjf/pqr_0084.gjf,runs/pqr_full_domain_moe_qm9_cycle/recompute_inputs/orca_inp/pqr_0084.inp
pqr_0085,COc1cc2cc(-c3cc4cc(O)c(O)cc4[oH+]c3=O)c(=O)[oH+]c2c(OC)c1O,charged_or_radical,7.1080000000000005,5.709972102069801,3.612158366422525,low_confidence,2,1,runs/pqr_full_domain_moe_qm9_cycle/recompute_inputs/xyz/pqr_0085.xyz,runs/pqr_full_domain_moe_qm9_cycle/recompute_inputs/gaussian_gjf/pqr_0085.gjf,runs/pqr_full_domain_moe_qm9_cycle/recompute_inputs/orca_inp/pqr_0085.inp
pqr_0086,CCN(CC)Cc1cc(-c2c[oH+]c3ccc(OC)cc3c2=O)ccc1O,charged_or_radical,7.895999999999999,5.789089919780729,2.955010308679979,low_confidence,1,1,runs/pqr_full_domain_moe_qm9_cycle/recompute_inputs/xyz/pqr_0086.xyz,runs/pqr_full_domain_moe_qm9_cycle/recompute_inputs/gaussian_gjf/pqr_0086.gjf,runs/pqr_full_domain_moe_qm9_cycle/recompute_inputs/orca_inp/pqr_0086.inp
pqr_0087,COc1c(-c2ccc3cc(NS(C)(=O)=O)ccc3c2)cc([N+]2C=CC(=O)[NH+]C2=O)cc1C(C)(C)C,charged_or_radical,10.763000000000002,5.890900314933081,0.2363404410604985,low_confidence,2,3,runs/pqr_full_domain_moe_qm9_cycle/recompute_inputs/xyz/pqr_0087.xyz,runs/pqr_full_domain_moe_qm9_cycle/recompute_inputs/gaussian_gjf/pqr_0087.gjf,runs/pqr_full_domain_moe_qm9_cycle/recompute_inputs/orca_inp/pqr_0087.inp
pqr_0088,C[C@@H]1O[C@@H](Oc2c(-c3ccc(O)c(O)c3)[oH+]c3cc(O)cc(O)c3c2=O)[C@H](O)[C@H](O)[C@H]1O,charged_or_radical,8.144,5.826405009606647,2.906333048678924,low_confidence,1,1,runs/pqr_full_domain_moe_qm9_cycle/recompute_inputs/xyz/pqr_0088.xyz,runs/pqr_full_domain_moe_qm9_cycle/recompute_inputs/gaussian_gjf/pqr_0088.gjf,runs/pqr_full_domain_moe_qm9_cycle/recompute_inputs/orca_inp/pqr_0088.inp
pqr_0089,C#CCCC[n+]1cnc(N)c2[nH]c(Sc3ccc(C)cc3C)nc21,charged_or_radical,8.866,5.818343783558214,1.7256355860431205,low_confidence,1,1,runs/pqr_full_domain_moe_qm9_cycle/recompute_inputs/xyz/pqr_0089.xyz,runs/pqr_full_domain_moe_qm9_cycle/recompute_inputs/gaussian_gjf/pqr_0089.gjf,runs/pqr_full_domain_moe_qm9_cycle/recompute_inputs/orca_inp/pqr_0089.inp
pqr_0090,N=C(N)[NH+]OCCNC(=O)Cc1c(Cl)ccc(NCC(F)(F)c2ccccc2)c1F,charged_or_radical,8.041,5.837560495276935,2.9120665449046257,low_confidence,1,2,runs/pqr_full_domain_moe_qm9_cycle/recompute_inputs/xyz/pqr_0090.xyz,runs/pqr_full_domain_moe_qm9_cycle/recompute_inputs/gaussian_gjf/pqr_0090.gjf,runs/pqr_full_domain_moe_qm9_cycle/recompute_inputs/orca_inp/pqr_0090.inp
pqr_0091,COc1cc(C)c2c(OC)cc(=O)[oH+]c2c1-c1c(O)cc(C)c2c(OC)cc(=O)[oH+]c12,charged_or_radical,8.166,5.814936787079924,2.4714721073198405,low_confidence,2,1,runs/pqr_full_domain_moe_qm9_cycle/recompute_inputs/xyz/pqr_0091.xyz,runs/pqr_full_domain_moe_qm9_cycle/recompute_inputs/gaussian_gjf/pqr_0091.gjf,runs/pqr_full_domain_moe_qm9_cycle/recompute_inputs/orca_inp/pqr_0091.inp
pqr_0092,O=C(O)[C@@H]1CC(=O)[C@H]2CC[C@@H](Cl)C[C@@H]2[NH2+]1,charged_or_radical,10.866,5.814895923281913,1.5441537758920738,low_confidence,1,1,runs/pqr_full_domain_moe_qm9_cycle/recompute_inputs/xyz/pqr_0092.xyz,runs/pqr_full_domain_moe_qm9_cycle/recompute_inputs/gaussian_gjf/pqr_0092.gjf,runs/pqr_full_domain_moe_qm9_cycle/recompute_inputs/orca_inp/pqr_0092.inp
pqr_0093,CC(=O)Cc1cc(=O)c2c(C)cc(O)c([C@@H]3O[C@H](CO)[C@@H](O)[C@H](O)[C@H]3OC(=O)/C=C/c3ccc(O)cc3)c2[oH+]1,charged_or_radical,11.390999999999998,5.853569011085267,0.4467868749682484,low_confidence,1,1,runs/pqr_full_domain_moe_qm9_cycle/recompute_inputs/xyz/pqr_0093.xyz,runs/pqr_full_domain_moe_qm9_cycle/recompute_inputs/gaussian_gjf/pqr_0093.gjf,runs/pqr_full_domain_moe_qm9_cycle/recompute_inputs/orca_inp/pqr_0093.inp
pqr_0094,CC[C@@]1(O)CC(=O)OCC2=C1C=C1c3nc4cc(F)c(F)cc4cc3C[N+]1C2=O,charged_or_radical,7.336,5.840204135704723,3.7169501871533495,low_confidence,1,2,runs/pqr_full_domain_moe_qm9_cycle/recompute_inputs/xyz/pqr_0094.xyz,runs/pqr_full_domain_moe_qm9_cycle/recompute_inputs/gaussian_gjf/pqr_0094.gjf,runs/pqr_full_domain_moe_qm9_cycle/recompute_inputs/orca_inp/pqr_0094.inp
pqr_0095,Cc1cccc(-c2[nH]c(N(C)c3cccc(C#N)c3)nc2-c2ccc3nc[nH][n+]3c2)n1,charged_or_radical,9.247,5.686959733481227,1.487938192411086,low_confidence,1,1,runs/pqr_full_domain_moe_qm9_cycle/recompute_inputs/xyz/pqr_0095.xyz,runs/pqr_full_domain_moe_qm9_cycle/recompute_inputs/gaussian_gjf/pqr_0095.gjf,runs/pqr_full_domain_moe_qm9_cycle/recompute_inputs/orca_inp/pqr_0095.inp
pqr_0096,C[C@H]1[C@H](C)Oc2c3c(c4c(-c5ccccc5)cc(=O)[oH+]c4c2[C@H]1O)OC(C)(C)C=C3,charged_or_radical,8.052,5.878942392194729,3.0676206411686096,low_confidence,1,1,runs/pqr_full_domain_moe_qm9_cycle/recompute_inputs/xyz/pqr_0096.xyz,runs/pqr_full_domain_moe_qm9_cycle/recompute_inputs/gaussian_gjf/pqr_0096.gjf,runs/pqr_full_domain_moe_qm9_cycle/recompute_inputs/orca_inp/pqr_0096.inp
pqr_0097,O=C1c2ccccc2N=C2CCCCC[N+]12,charged_or_radical,8.396999999999998,5.75436552471715,3.0066072234438934,low_confidence,1,2,runs/pqr_full_domain_moe_qm9_cycle/recompute_inputs/xyz/pqr_0097.xyz,runs/pqr_full_domain_moe_qm9_cycle/recompute_inputs/gaussian_gjf/pqr_0097.gjf,runs/pqr_full_domain_moe_qm9_cycle/recompute_inputs/orca_inp/pqr_0097.inp
pqr_0098,Cc1cc2nc3c(=O)n(OCCS(O)(O)c4ccc(NNc5c(S(O)(O)O)cc6cc(S(O)(O)O)c(NNc7ccc(S(C)(O)O)cc7)c(O)c6c5N)cc4)c(=O)[nH]c3[n+](C[C@H](O)[C@H](O)[C@H](O)COP(=O)(O)O)c2cc1C,charged_or_radical,5.908,5.869692960079003,5.013407952343285,low_confidence,1,1,runs/pqr_full_domain_moe_qm9_cycle/recompute_inputs/xyz/pqr_0098.xyz,runs/pqr_full_domain_moe_qm9_cycle/recompute_inputs/gaussian_gjf/pqr_0098.gjf,runs/pqr_full_domain_moe_qm9_cycle/recompute_inputs/orca_inp/pqr_0098.inp
pqr_0099,COc1cccc2[oH+]c3cc4c(c(O)c3c(=O)c12)[C@@H]1CCC[C@](C)(O4)O1,charged_or_radical,8.316,5.880859775488414,2.6504708086501747,low_confidence,1,1,runs/pqr_full_domain_moe_qm9_cycle/recompute_inputs/xyz/pqr_0099.xyz,runs/pqr_full_domain_moe_qm9_cycle/recompute_inputs/gaussian_gjf/pqr_0099.gjf,runs/pqr_full_domain_moe_qm9_cycle/recompute_inputs/orca_inp/pqr_0099.inp
pqr_0100,CC(C)=CCc1c(O)cc(O)c2c(=O)c(O[C@@H]3O[C@H](C)[C@H](O)[C@H](O)[C@@H]3O)c(-c3ccc(O)cc3)[oH+]c12,charged_or_radical,8.134,5.9418981780776985,2.7475018239961777,low_confidence,1,1,runs/pqr_full_domain_moe_qm9_cycle/recompute_inputs/xyz/pqr_0100.xyz,runs/pqr_full_domain_moe_qm9_cycle/recompute_inputs/gaussian_gjf/pqr_0100.gjf,runs/pqr_full_domain_moe_qm9_cycle/recompute_inputs/orca_inp/pqr_0100.inp
pqr_0101,CN1[C@@H]2C(=O)[N+](Cc3cccc(N)c3)NC[C@@H]2[C@@H]2S[C@@H]([S@@](C)=O)C[C@@H]21,charged_or_radical,7.31,6.060953883951914,3.772795280171944,low_confidence,1,2,runs/pqr_full_domain_moe_qm9_cycle/recompute_inputs/xyz/pqr_0101.xyz,runs/pqr_full_domain_moe_qm9_cycle/recompute_inputs/gaussian_gjf/pqr_0101.gjf,runs/pqr_full_domain_moe_qm9_cycle/recompute_inputs/orca_inp/pqr_0101.inp
pqr_0102,CCCCCCCC[C@H]1CCC(=O)[C@H]2[NH2+][C@H](C)[C@H](OC)C(=O)[C@@H]12,charged_or_radical,10.525,5.980137770811849,1.7251579778762878,low_confidence,1,1,runs/pqr_full_domain_moe_qm9_cycle/recompute_inputs/xyz/pqr_0102.xyz,runs/pqr_full_domain_moe_qm9_cycle/recompute_inputs/gaussian_gjf/pqr_0102.gjf,runs/pqr_full_domain_moe_qm9_cycle/recompute_inputs/orca_inp/pqr_0102.inp
pqr_0103,COc1cc2c3cc1Oc1c(OC)c(OC)cc4c1[C@H](Cc1ccc(O)c(c1)-c1cc(ccc1OC)C[C@@H]3N(C)CC2)[N@+](C)(O)CC4,charged_or_radical,8.112,6.033740239428171,2.715649665739148,low_confidence,1,1,runs/pqr_full_domain_moe_qm9_cycle/recompute_inputs/xyz/pqr_0103.xyz,runs/pqr_full_domain_moe_qm9_cycle/recompute_inputs/gaussian_gjf/pqr_0103.gjf,runs/pqr_full_domain_moe_qm9_cycle/recompute_inputs/orca_inp/pqr_0103.inp
pqr_0104,O=CC1=C[N+]([C@H]2C[C@H](O)[C@@H](COP(=O)(O)O)O2)C(=O)[NH+]C1=O,charged_or_radical,9.18,6.079706446035305,2.5151566343581138,low_confidence,2,3,runs/pqr_full_domain_moe_qm9_cycle/recompute_inputs/xyz/pqr_0104.xyz,runs/pqr_full_domain_moe_qm9_cycle/recompute_inputs/gaussian_gjf/pqr_0104.gjf,runs/pqr_full_domain_moe_qm9_cycle/recompute_inputs/orca_inp/pqr_0104.inp
pqr_0105,CC(=O)N[C@H]1[C@@H](O[P@](=O)(O)O[P@@](=O)(O)OC[C@@H]2O[C@@H]([N+]3C=CC(=O)[NH+]C3=O)[C@@H](O)[C@H]2O)O[C@H](C(=O)O)[C@@H](O)[C@@H]1/N=C/c1c(COP(=O)(O)O)cnc(C)c1O,charged_or_radical,7.439000000000001,6.1555788566035625,3.645517689298248,low_confidence,2,3,runs/pqr_full_domain_moe_qm9_cycle/recompute_inputs/xyz/pqr_0105.xyz,runs/pqr_full_domain_moe_qm9_cycle/recompute_inputs/gaussian_gjf/pqr_0105.gjf,runs/pqr_full_domain_moe_qm9_cycle/recompute_inputs/orca_inp/pqr_0105.inp
pqr_0106,N[C@H]1N[C@@H]2C(=O)NC[N@@H+](Cc3ccccc3)[C@@H]2N1,charged_or_radical,8.44,6.0265643652299925,2.481681605876373,low_confidence,1,1,runs/pqr_full_domain_moe_qm9_cycle/recompute_inputs/xyz/pqr_0106.xyz,runs/pqr_full_domain_moe_qm9_cycle/recompute_inputs/gaussian_gjf/pqr_0106.gjf,runs/pqr_full_domain_moe_qm9_cycle/recompute_inputs/orca_inp/pqr_0106.inp
pqr_0107,COc1ccc2[oH+]c3cc(O[C@@H]4O[C@H](CO)[C@@H](O)[C@H](O)[C@H]4O)cc(O)c3c(=O)c2c1,charged_or_radical,7.944000000000001,5.933434988533833,2.9382645141899353,low_confidence,1,1,runs/pqr_full_domain_moe_qm9_cycle/recompute_inputs/xyz/pqr_0107.xyz,runs/pqr_full_domain_moe_qm9_cycle/recompute_inputs/gaussian_gjf/pqr_0107.gjf,runs/pqr_full_domain_moe_qm9_cycle/recompute_inputs/orca_inp/pqr_0107.inp
pqr_0108,O=C1[NH+]C(=O)[N+]([C@@H]2O[C@H](CO[P@](=O)(O)OP(=O)(O)O)[C@@H](O)[C@H]2O)C=C1c1ccccc1,charged_or_radical,8.103,5.9932373616735335,2.6343281855068152,low_confidence,2,3,runs/pqr_full_domain_moe_qm9_cycle/recompute_inputs/xyz/pqr_0108.xyz,runs/pqr_full_domain_moe_qm9_cycle/recompute_inputs/gaussian_gjf/pqr_0108.gjf,runs/pqr_full_domain_moe_qm9_cycle/recompute_inputs/orca_inp/pqr_0108.inp
pqr_0109,O=C1[NH+]C(=O)[N+]([C@H]2CCC[S@@]2=O)C=C1F,charged_or_radical,11.197,6.093611118731835,0.4696929220861641,low_confidence,2,3,runs/pqr_full_domain_moe_qm9_cycle/recompute_inputs/xyz/pqr_0109.xyz,runs/pqr_full_domain_moe_qm9_cycle/recompute_inputs/gaussian_gjf/pqr_0109.gjf,runs/pqr_full_domain_moe_qm9_cycle/recompute_inputs/orca_inp/pqr_0109.inp
pqr_0110,N[N+]1C(=O)C2=C(CCCC2)N=C1CCCCN1CCN(c2ccc3ccccc3n2)CC1,charged_or_radical,7.827,5.979782909437697,3.2738714618508205,low_confidence,1,2,runs/pqr_full_domain_moe_qm9_cycle/recompute_inputs/xyz/pqr_0110.xyz,runs/pqr_full_domain_moe_qm9_cycle/recompute_inputs/gaussian_gjf/pqr_0110.gjf,runs/pqr_full_domain_moe_qm9_cycle/recompute_inputs/orca_inp/pqr_0110.inp
pqr_0111,CCO[P@](S)(N[C@H](C)CC)Oc1cc(C)ccc1[N+](=O)[O-],charged_or_radical,12.125,6.084695296894184,0.9627754150931248,low_confidence,0,2,runs/pqr_full_domain_moe_qm9_cycle/recompute_inputs/xyz/pqr_0111.xyz,runs/pqr_full_domain_moe_qm9_cycle/recompute_inputs/gaussian_gjf/pqr_0111.gjf,runs/pqr_full_domain_moe_qm9_cycle/recompute_inputs/orca_inp/pqr_0111.inp
pqr_0112,CC(=O)O[C@H]1C[C@H]([N+]2C=C(C)C(=O)[NH+]C2=O)O[C@@H]1CO[P@@](=O)(O)O[P@@](=O)(O)Oc1ccccc1,charged_or_radical,10.557,6.046739398746653,0.3754967181824167,low_confidence,2,3,runs/pqr_full_domain_moe_qm9_cycle/recompute_inputs/xyz/pqr_0112.xyz,runs/pqr_full_domain_moe_qm9_cycle/recompute_inputs/gaussian_gjf/pqr_0112.gjf,runs/pqr_full_domain_moe_qm9_cycle/recompute_inputs/orca_inp/pqr_0112.inp
pqr_0113,COC(=O)[C@H]1[C@@H](C[C@H]2CC[C@H](S(=O)(=O)CCO)CC2)C(=O)[C@H]2CC[C@@H](F)C[C@H]2[N@@H+]1C1CCCCC1,charged_or_radical,7.682,5.937409152901061,4.643539087752382,low_confidence,1,1,runs/pqr_full_domain_moe_qm9_cycle/recompute_inputs/xyz/pqr_0113.xyz,runs/pqr_full_domain_moe_qm9_cycle/recompute_inputs/gaussian_gjf/pqr_0113.gjf,runs/pqr_full_domain_moe_qm9_cycle/recompute_inputs/orca_inp/pqr_0113.inp
pqr_0114,CC(C)=C[C@H](O)C/C(C)=C/CC/C(C)=C/C[C@H]1C(=O)[C@H]2CCCC[C@@H]2[N@@H+](O)[C@@H]1C,charged_or_radical,11.179,6.006574573150031,0.6549157139696202,low_confidence,1,1,runs/pqr_full_domain_moe_qm9_cycle/recompute_inputs/xyz/pqr_0114.xyz,runs/pqr_full_domain_moe_qm9_cycle/recompute_inputs/gaussian_gjf/pqr_0114.gjf,runs/pqr_full_domain_moe_qm9_cycle/recompute_inputs/orca_inp/pqr_0114.inp
pqr_0115,C[N@H+]1CCC(=O)[C@H](C#N)C1,charged_or_radical,8.439,6.093203002032212,3.935806598515845,low_confidence,1,1,runs/pqr_full_domain_moe_qm9_cycle/recompute_inputs/xyz/pqr_0115.xyz,runs/pqr_full_domain_moe_qm9_cycle/recompute_inputs/gaussian_gjf/pqr_0115.gjf,runs/pqr_full_domain_moe_qm9_cycle/recompute_inputs/orca_inp/pqr_0115.inp
pqr_0116,CC(C)/N=C(N)/N=C(\N)[NH+]OCCCOc1cc(Cl)c(Cl)cc1Cl,charged_or_radical,8.161,5.988719196531562,2.7271248464506286,low_confidence,1,2,runs/pqr_full_domain_moe_qm9_cycle/recompute_inputs/xyz/pqr_0116.xyz,runs/pqr_full_domain_moe_qm9_cycle/recompute_inputs/gaussian_gjf/pqr_0116.gjf,runs/pqr_full_domain_moe_qm9_cycle/recompute_inputs/orca_inp/pqr_0116.inp
pqr_0117,CCN1CCN(c2ccc(C(C)(C)NC(=O)[C@H]3C[C@@H]4[NH2+][C@@H]5CCCC[C@H]5C(=O)[C@H]4C[C@H]3F)cn2)CC1,charged_or_radical,7.222,6.039360405806302,3.806293869543625,low_confidence,1,1,runs/pqr_full_domain_moe_qm9_cycle/recompute_inputs/xyz/pqr_0117.xyz,runs/pqr_full_domain_moe_qm9_cycle/recompute_inputs/gaussian_gjf/pqr_0117.gjf,runs/pqr_full_domain_moe_qm9_cycle/recompute_inputs/orca_inp/pqr_0117.inp
pqr_0118,CC1=C[N+]([C@H]2C[C@H](O)[C@@H](CO)O2)C(=O)[N+](Cc2ccccc2)C1=O,charged_or_radical,9.03,6.14898113489752,1.718415240980926,low_confidence,2,3,runs/pqr_full_domain_moe_qm9_cycle/recompute_inputs/xyz/pqr_0118.xyz,runs/pqr_full_domain_moe_qm9_cycle/recompute_inputs/gaussian_gjf/pqr_0118.gjf,runs/pqr_full_domain_moe_qm9_cycle/recompute_inputs/orca_inp/pqr_0118.inp
pqr_0119,CCOC(=O)N1CCN(C(=O)[C@H](Cc2cccc(/C=N/[NH+]O)c2)NS(=O)(=O)c2c(C(C)C)cc(C(C)C)cc2C(C)C)CC1,charged_or_radical,8.537,6.073556302292365,2.480703152959439,low_confidence,1,2,runs/pqr_full_domain_moe_qm9_cycle/recompute_inputs/xyz/pqr_0119.xyz,runs/pqr_full_domain_moe_qm9_cycle/recompute_inputs/gaussian_gjf/pqr_0119.gjf,runs/pqr_full_domain_moe_qm9_cycle/recompute_inputs/orca_inp/pqr_0119.inp
pqr_0120,CN1[C@@H]2CC[C@H]1CN([C@@H]1C[C@@H]3[C@H](C[C@@H]1F)C(=O)[C@H](C(=O)O)C[N@H+]3C1CC1)C2,charged_or_radical,11.124,6.170774234334771,1.056547253845732,low_confidence,1,1,runs/pqr_full_domain_moe_qm9_cycle/recompute_inputs/xyz/pqr_0120.xyz,runs/pqr_full_domain_moe_qm9_cycle/recompute_inputs/gaussian_gjf/pqr_0120.gjf,runs/pqr_full_domain_moe_qm9_cycle/recompute_inputs/orca_inp/pqr_0120.inp
pqr_0121,C[C@H]1COC2(CCN(c3nc(=O)c4cc(C(F)(F)F)cc([NH+]O)c4s3)CC2)O1,charged_or_radical,10.861,6.163204225312474,0.07381714809142,low_confidence,1,2,runs/pqr_full_domain_moe_qm9_cycle/recompute_inputs/xyz/pqr_0121.xyz,runs/pqr_full_domain_moe_qm9_cycle/recompute_inputs/gaussian_gjf/pqr_0121.gjf,runs/pqr_full_domain_moe_qm9_cycle/recompute_inputs/orca_inp/pqr_0121.inp
pqr_0122,O=C1[NH+]C(=O)C2=C(CCC2)[NH+]1,charged_or_radical,9.047,6.188679369054766,2.561119255767686,low_confidence,2,3,runs/pqr_full_domain_moe_qm9_cycle/recompute_inputs/xyz/pqr_0122.xyz,runs/pqr_full_domain_moe_qm9_cycle/recompute_inputs/gaussian_gjf/pqr_0122.gjf,runs/pqr_full_domain_moe_qm9_cycle/recompute_inputs/orca_inp/pqr_0122.inp
pqr_0123,CN(C=O)C1=C(N)[N+](C)C(=O)[NH+]C1=O,charged_or_radical,8.924,6.038601704741455,2.6101808106479147,low_confidence,2,3,runs/pqr_full_domain_moe_qm9_cycle/recompute_inputs/xyz/pqr_0123.xyz,runs/pqr_full_domain_moe_qm9_cycle/recompute_inputs/gaussian_gjf/pqr_0123.gjf,runs/pqr_full_domain_moe_qm9_cycle/recompute_inputs/orca_inp/pqr_0123.inp
pqr_0124,CCCC[C@@H]1C[C@H]2C(=O)[C@@H](C(=O)OC)C[NH2+][C@H]2C[C@H]1OCCOC1CCCCC1,charged_or_radical,11.164,6.140576116855742,1.0309638355415256,low_confidence,1,1,runs/pqr_full_domain_moe_qm9_cycle/recompute_inputs/xyz/pqr_0124.xyz,runs/pqr_full_domain_moe_qm9_cycle/recompute_inputs/gaussian_gjf/pqr_0124.gjf,runs/pqr_full_domain_moe_qm9_cycle/recompute_inputs/orca_inp/pqr_0124.inp
pqr_0125,C[N+](C)(C)[C@@H](Cc1c[nH]c2ccccc12)C(=O)O,charged_or_radical,8.327,5.967503311826844,2.716808533071015,low_confidence,1,1,runs/pqr_full_domain_moe_qm9_cycle/recompute_inputs/xyz/pqr_0125.xyz,runs/pqr_full_domain_moe_qm9_cycle/recompute_inputs/gaussian_gjf/pqr_0125.gjf,runs/pqr_full_domain_moe_qm9_cycle/recompute_inputs/orca_inp/pqr_0125.inp
pqr_0126,CC(=O)N[C@H]1[C@@H](O[P@@](=O)(O)O[P@@](=O)(O)OC[C@H]2O[C@@H]([N+]3C=C(c4ccc(C=O)s4)C(=O)[NH+]C3=O)[C@H](O)[C@@H]2O)O[C@H](CO)[C@H](O)[C@@H]1O,charged_or_radical,7.716999999999999,6.03681487660004,3.2754351289652277,low_confidence,2,3,runs/pqr_full_domain_moe_qm9_cycle/recompute_inputs/xyz/pqr_0126.xyz,runs/pqr_full_domain_moe_qm9_cycle/recompute_inputs/gaussian_gjf/pqr_0126.gjf,runs/pqr_full_domain_moe_qm9_cycle/recompute_inputs/orca_inp/pqr_0126.inp
pqr_0127,CCCC[C@H](SC1=Nc2ccccc2C(=O)[N+]1c1cccc(Cl)c1)C(=O)N1CCC[C@]2(CCCNC2)C1,charged_or_radical,7.619999999999999,6.035468817959571,3.4896514010805486,low_confidence,1,2,runs/pqr_full_domain_moe_qm9_cycle/recompute_inputs/xyz/pqr_0127.xyz,runs/pqr_full_domain_moe_qm9_cycle/recompute_inputs/gaussian_gjf/pqr_0127.gjf,runs/pqr_full_domain_moe_qm9_cycle/recompute_inputs/orca_inp/pqr_0127.inp
pqr_0128,CCN1C[C@H](C)N2[C@@H]3[C@@H](C(=O)[N+](Cc4ccc(F)c(Cl)c4)N[C@@H]3N3CCN(C)S3(=O)=O)[C@@H](O)[C@H]2C1=O,charged_or_radical,10.756,6.076140839431515,0.2830466539856786,low_confidence,1,2,runs/pqr_full_domain_moe_qm9_cycle/recompute_inputs/xyz/pqr_0128.xyz,runs/pqr_full_domain_moe_qm9_cycle/recompute_inputs/gaussian_gjf/pqr_0128.gjf,runs/pqr_full_domain_moe_qm9_cycle/recompute_inputs/orca_inp/pqr_0128.inp
pqr_0129,CN1c2c([nH+]c(N)[nH]c2=O)NC[C@@H]1CNc1ccc(C(=O)N[C@@H](CCC(=O)N[C@@H](CCC(=O)O)C(=O)O)C(=O)O)cc1,charged_or_radical,7.956,6.0838869918269785,3.1554309444695896,low_confidence,1,1,runs/pqr_full_domain_moe_qm9_cycle/recompute_inputs/xyz/pqr_0129.xyz,runs/pqr_full_domain_moe_qm9_cycle/recompute_inputs/gaussian_gjf/pqr_0129.gjf,runs/pqr_full_domain_moe_qm9_cycle/recompute_inputs/orca_inp/pqr_0129.inp
pqr_0130,CCc1cc(=O)[oH+]c2cc(O[C@@H]3SC[C@@H](O)[C@H](O)[C@H]3O)ccc12,charged_or_radical,7.880000000000001,5.9673433041114485,2.8648489262138224,low_confidence,1,1,runs/pqr_full_domain_moe_qm9_cycle/recompute_inputs/xyz/pqr_0130.xyz,runs/pqr_full_domain_moe_qm9_cycle/recompute_inputs/gaussian_gjf/pqr_0130.gjf,runs/pqr_full_domain_moe_qm9_cycle/recompute_inputs/orca_inp/pqr_0130.inp
pqr_0131,COc1[oH+]c(C/C=C(\C)C/C=C/C(C)=C/[C@@H](C)O)c(C)c(=O)c1C,charged_or_radical,9.109,6.136978233713055,1.8442287414625105,low_confidence,1,1,runs/pqr_full_domain_moe_qm9_cycle/recompute_inputs/xyz/pqr_0131.xyz,runs/pqr_full_domain_moe_qm9_cycle/recompute_inputs/gaussian_gjf/pqr_0131.gjf,runs/pqr_full_domain_moe_qm9_cycle/recompute_inputs/orca_inp/pqr_0131.inp
pqr_0132,C[C@H]1O[C@H](O[P@](=O)(O)O[P@](=O)(O)OC[C@H]2O[C@@H]([N+]3C=CC(=O)[NH+]C3=O)[C@H](O)[C@@H]2O)[C@H](O)[C@@H](O)C1=O,charged_or_radical,8.176,5.932143759277963,3.604987539923002,low_confidence,2,3,runs/pqr_full_domain_moe_qm9_cycle/recompute_inputs/xyz/pqr_0132.xyz,runs/pqr_full_domain_moe_qm9_cycle/recompute_inputs/gaussian_gjf/pqr_0132.gjf,runs/pqr_full_domain_moe_qm9_cycle/recompute_inputs/orca_inp/pqr_0132.inp
pqr_0133,C[C@H]1C[C@@H]2C[C@@H]3C(=O)NC(=O)N[C@H]3[N@@H+](C[C@@H](O)[C@@H](O)[C@H](O)COP(=O)(O)O)[C@@H]2CC1=O,charged_or_radical,7.335999999999999,5.972199206394379,4.7727148482875785,low_confidence,1,1,runs/pqr_full_domain_moe_qm9_cycle/recompute_inputs/xyz/pqr_0133.xyz,runs/pqr_full_domain_moe_qm9_cycle/recompute_inputs/gaussian_gjf/pqr_0133.gjf,runs/pqr_full_domain_moe_qm9_cycle/recompute_inputs/orca_inp/pqr_0133.inp
pqr_0134,C[N+]1C(=O)c2c(ncc(C#N)c2N)[N+](C)C1=O,charged_or_radical,8.395000000000001,5.994680202402847,2.738699181982655,low_confidence,2,3,runs/pqr_full_domain_moe_qm9_cycle/recompute_inputs/xyz/pqr_0134.xyz,runs/pqr_full_domain_moe_qm9_cycle/recompute_inputs/gaussian_gjf/pqr_0134.gjf,runs/pqr_full_domain_moe_qm9_cycle/recompute_inputs/orca_inp/pqr_0134.inp
pqr_0135,C[N+]1=C(CCCN=C(N)N)C=[N+]2C=CC=C2C1=O,charged_or_radical,7.899,6.04853183868687,3.6679652383166497,low_confidence,2,1,runs/pqr_full_domain_moe_qm9_cycle/recompute_inputs/xyz/pqr_0135.xyz,runs/pqr_full_domain_moe_qm9_cycle/recompute_inputs/gaussian_gjf/pqr_0135.gjf,runs/pqr_full_domain_moe_qm9_cycle/recompute_inputs/orca_inp/pqr_0135.inp
pqr_0136,COc1ccc2c(c1)C(=O)[N+](C)C(c1ccc(OC[C@H](O)CNC(C)(C)C)cc1)=N2,charged_or_radical,7.918,6.0575642906473846,2.8622862256635075,low_confidence,1,2,runs/pqr_full_domain_moe_qm9_cycle/recompute_inputs/xyz/pqr_0136.xyz,runs/pqr_full_domain_moe_qm9_cycle/recompute_inputs/gaussian_gjf/pqr_0136.gjf,runs/pqr_full_domain_moe_qm9_cycle/recompute_inputs/orca_inp/pqr_0136.inp
pqr_0137,CC1(C)CC(=NNC2=NC=NC3=NC=N[C@@H]32)CC(C)(C)[NH+]1O,charged_or_radical,10.835,6.196379838622546,1.0409661675046935,low_confidence,1,1,runs/pqr_full_domain_moe_qm9_cycle/recompute_inputs/xyz/pqr_0137.xyz,runs/pqr_full_domain_moe_qm9_cycle/recompute_inputs/gaussian_gjf/pqr_0137.gjf,runs/pqr_full_domain_moe_qm9_cycle/recompute_inputs/orca_inp/pqr_0137.inp
pqr_0138,COc1ccc(CN(CC[N+](C)(C)O)c2ccccn2)cc1,charged_or_radical,8.495,5.9525368449083995,2.0751247205329175,low_confidence,1,1,runs/pqr_full_domain_moe_qm9_cycle/recompute_inputs/xyz/pqr_0138.xyz,runs/pqr_full_domain_moe_qm9_cycle/recompute_inputs/gaussian_gjf/pqr_0138.gjf,runs/pqr_full_domain_moe_qm9_cycle/recompute_inputs/orca_inp/pqr_0138.inp
pqr_0139,C[N+]1C=CC2=C(C(=O)OC2(C)C)C1=O,charged_or_radical,8.279,5.980807725768064,3.146139119412128,low_confidence,1,2,runs/pqr_full_domain_moe_qm9_cycle/recompute_inputs/xyz/pqr_0139.xyz,runs/pqr_full_domain_moe_qm9_cycle/recompute_inputs/gaussian_gjf/pqr_0139.gjf,runs/pqr_full_domain_moe_qm9_cycle/recompute_inputs/orca_inp/pqr_0139.inp
pqr_0140,CC(C)c1cc2c(cc1-c1ccnn1C)C(=O)[N+](NS(C)(=O)=O)C(=O)[NH+]2,charged_or_radical,8.237,5.9480620629096865,2.813538149819358,low_confidence,2,3,runs/pqr_full_domain_moe_qm9_cycle/recompute_inputs/xyz/pqr_0140.xyz,runs/pqr_full_domain_moe_qm9_cycle/recompute_inputs/gaussian_gjf/pqr_0140.gjf,runs/pqr_full_domain_moe_qm9_cycle/recompute_inputs/orca_inp/pqr_0140.inp
pqr_0141,CC1(C)CC(=NNc2ncnc3nc[nH]c23)CC(C)(C)[NH+]1O,charged_or_radical,8.411999999999999,6.108072251572953,2.7875914902062107,low_confidence,1,1,runs/pqr_full_domain_moe_qm9_cycle/recompute_inputs/xyz/pqr_0141.xyz,runs/pqr_full_domain_moe_qm9_cycle/recompute_inputs/gaussian_gjf/pqr_0141.gjf,runs/pqr_full_domain_moe_qm9_cycle/recompute_inputs/orca_inp/pqr_0141.inp
pqr_0142,O=C(O)[C@H]1O[C@@H]([N+](O)c2ccc3ccccc3c2)[C@H](O)[C@@H](O)[C@@H]1O,charged_or_radical,8.311,6.064034470119438,2.5010313722530526,low_confidence,1,2,runs/pqr_full_domain_moe_qm9_cycle/recompute_inputs/xyz/pqr_0142.xyz,runs/pqr_full_domain_moe_qm9_cycle/recompute_inputs/gaussian_gjf/pqr_0142.gjf,runs/pqr_full_domain_moe_qm9_cycle/recompute_inputs/orca_inp/pqr_0142.inp
pqr_0143,CCn1c(C2=C(N)[NH+]O[NH+]2)nc2c(C#CC(C)(C)O)nc(O[C@@H](CCN)c3ccccc3)cc21,charged_or_radical,10.24,6.152360475395543,0.5528179683821968,low_confidence,2,3,runs/pqr_full_domain_moe_qm9_cycle/recompute_inputs/xyz/pqr_0143.xyz,runs/pqr_full_domain_moe_qm9_cycle/recompute_inputs/gaussian_gjf/pqr_0143.gjf,runs/pqr_full_domain_moe_qm9_cycle/recompute_inputs/orca_inp/pqr_0143.inp
pqr_0144,CCCOCC[N+]1C(=O)C(NCCN2CCOCC2)=Nc2ccc(-c3ccc(OC)nc3)nc21,charged_or_radical,7.015000000000001,6.081483267729198,3.802620495930155,low_confidence,1,2,runs/pqr_full_domain_moe_qm9_cycle/recompute_inputs/xyz/pqr_0144.xyz,runs/pqr_full_domain_moe_qm9_cycle/recompute_inputs/gaussian_gjf/pqr_0144.gjf,runs/pqr_full_domain_moe_qm9_cycle/recompute_inputs/orca_inp/pqr_0144.inp
pqr_0145,Cn1ccnc1[C@H](NC[C@H]1O[C@@H]([N+]2C=CC(=O)[NH+]C2=O)C[C@@H]1O)c1ccccc1,charged_or_radical,12.259,6.164803462843702,1.382493337331132,low_confidence,2,3,runs/pqr_full_domain_moe_qm9_cycle/recompute_inputs/xyz/pqr_0145.xyz,runs/pqr_full_domain_moe_qm9_cycle/recompute_inputs/gaussian_gjf/pqr_0145.gjf,runs/pqr_full_domain_moe_qm9_cycle/recompute_inputs/orca_inp/pqr_0145.inp
pqr_0146,CN(C=O)C1=C(N)[N+](C)C(=O)[N+](C)C1=O,charged_or_radical,8.64,6.09055476032928,2.9666320605981262,low_confidence,2,3,runs/pqr_full_domain_moe_qm9_cycle/recompute_inputs/xyz/pqr_0146.xyz,runs/pqr_full_domain_moe_qm9_cycle/recompute_inputs/gaussian_gjf/pqr_0146.gjf,runs/pqr_full_domain_moe_qm9_cycle/recompute_inputs/orca_inp/pqr_0146.inp
pqr_0147,NC(=O)[C@@H]1CCCN1C(=O)[C@@H](Cc1cnc[nH]1)NC(=O)C1=CC(=O)[NH+]C(=O)[NH+]1,charged_or_radical,8.706,6.1104478162934015,2.355693012345739,low_confidence,2,3,runs/pqr_full_domain_moe_qm9_cycle/recompute_inputs/xyz/pqr_0147.xyz,runs/pqr_full_domain_moe_qm9_cycle/recompute_inputs/gaussian_gjf/pqr_0147.gjf,runs/pqr_full_domain_moe_qm9_cycle/recompute_inputs/orca_inp/pqr_0147.inp
pqr_0148,CO[C@H]1C[N@@H+]2[C@H]3[C@H](CC(C)C)NCC[C@H]3C(=O)[C@H]2CC1=O,charged_or_radical,6.6000000000000005,5.978039991821863,5.314658372788098,low_confidence,1,1,runs/pqr_full_domain_moe_qm9_cycle/recompute_inputs/xyz/pqr_0148.xyz,runs/pqr_full_domain_moe_qm9_cycle/recompute_inputs/gaussian_gjf/pqr_0148.gjf,runs/pqr_full_domain_moe_qm9_cycle/recompute_inputs/orca_inp/pqr_0148.inp
pqr_0149,O=c1c(O[C@@H]2O[C@H](CO)[C@H](O)[C@H](O)[C@H]2O)c(-c2ccc(O)c(O)c2)[oH+]c2cc(O[C@@H]3O[C@H](CO)[C@@H](O)[C@H](O)[C@H]3O)cc(O)c12,charged_or_radical,8.225999999999999,6.072062969806634,2.811216609790021,low_confidence,1,1,runs/pqr_full_domain_moe_qm9_cycle/recompute_inputs/xyz/pqr_0149.xyz,runs/pqr_full_domain_moe_qm9_cycle/recompute_inputs/gaussian_gjf/pqr_0149.gjf,runs/pqr_full_domain_moe_qm9_cycle/recompute_inputs/orca_inp/pqr_0149.inp
pqr_0150,NC1=NC(=O)[N+]([C@H]2C[C@H](O)[C@@H](CO)O2)C=C1Cl,charged_or_radical,8.8,6.426720439295517,2.6809382384937948,low_confidence,1,2,runs/pqr_full_domain_moe_qm9_cycle/recompute_inputs/xyz/pqr_0150.xyz,runs/pqr_full_domain_moe_qm9_cycle/recompute_inputs/gaussian_gjf/pqr_0150.gjf,runs/pqr_full_domain_moe_qm9_cycle/recompute_inputs/orca_inp/pqr_0150.inp
pqr_0151,CC1=C[N+]([C@H]2C[C@H](O)[C@@H](CO[P@@](C)(=O)O[P@@](=O)(O)OP(=O)(O)O)O2)C(=O)[NH+]C1=O,charged_or_radical,7.893999999999999,6.318284096112258,3.910651345211561,low_confidence,2,3,runs/pqr_full_domain_moe_qm9_cycle/recompute_inputs/xyz/pqr_0151.xyz,runs/pqr_full_domain_moe_qm9_cycle/recompute_inputs/gaussian_gjf/pqr_0151.gjf,runs/pqr_full_domain_moe_qm9_cycle/recompute_inputs/orca_inp/pqr_0151.inp
pqr_0152,O=C1[C@H](I)C[NH2+]C[C@H]1I,charged_or_radical,10.751,6.26534076372996,1.913385499483077,low_confidence,1,1,runs/pqr_full_domain_moe_qm9_cycle/recompute_inputs/xyz/pqr_0152.xyz,runs/pqr_full_domain_moe_qm9_cycle/recompute_inputs/gaussian_gjf/pqr_0152.gjf,runs/pqr_full_domain_moe_qm9_cycle/recompute_inputs/orca_inp/pqr_0152.inp
pqr_0153,NC1=CC(=O)[N+]([C@@H]2C[C@H](O)[C@@H](CO)O2)C=C1,charged_or_radical,8.894,6.3678642249813056,2.63357890980115,low_confidence,1,2,runs/pqr_full_domain_moe_qm9_cycle/recompute_inputs/xyz/pqr_0153.xyz,runs/pqr_full_domain_moe_qm9_cycle/recompute_inputs/gaussian_gjf/pqr_0153.gjf,runs/pqr_full_domain_moe_qm9_cycle/recompute_inputs/orca_inp/pqr_0153.inp
pqr_0154,O=C(O)CC1=C[N+]([C@@H]2O[C@H](CO)[C@@H](O)[C@H]2O)C(=O)[NH+]C1=O,charged_or_radical,9.129,6.464575443140204,2.458724565872176,low_confidence,2,3,runs/pqr_full_domain_moe_qm9_cycle/recompute_inputs/xyz/pqr_0154.xyz,runs/pqr_full_domain_moe_qm9_cycle/recompute_inputs/gaussian_gjf/pqr_0154.gjf,runs/pqr_full_domain_moe_qm9_cycle/recompute_inputs/orca_inp/pqr_0154.inp
pqr_0155,C[NH+]1CCC(=N[C@H]2CC[C@H](NC(=O)[C@H]3CC[C@@H](/N=C4\CC[N@@H+](C)[C@@H]5CC[C@@H]([N+](=O)[O-])C[C@@H]45)CC3)CC2)CC1,charged_or_radical,8.434,6.4618681496422425,3.794885425814124,low_confidence,2,1,runs/pqr_full_domain_moe_qm9_cycle/recompute_inputs/xyz/pqr_0155.xyz,runs/pqr_full_domain_moe_qm9_cycle/recompute_inputs/gaussian_gjf/pqr_0155.gjf,runs/pqr_full_domain_moe_qm9_cycle/recompute_inputs/orca_inp/pqr_0155.inp
pqr_0156,CC1=C[N+]([C@H]2CO[C@@H](CO)O2)C(=O)[NH+]C1=O,charged_or_radical,9.073,6.50301299648358,2.336888235464283,low_confidence,2,3,runs/pqr_full_domain_moe_qm9_cycle/recompute_inputs/xyz/pqr_0156.xyz,runs/pqr_full_domain_moe_qm9_cycle/recompute_inputs/gaussian_gjf/pqr_0156.gjf,runs/pqr_full_domain_moe_qm9_cycle/recompute_inputs/orca_inp/pqr_0156.inp
pqr_0157,CCCCCCN(CCO)c1cc(N2CCCCC2)nc2nc[nH][n+]12,charged_or_radical,8.187,6.361690735460327,2.918124026206955,low_confidence,1,1,runs/pqr_full_domain_moe_qm9_cycle/recompute_inputs/xyz/pqr_0157.xyz,runs/pqr_full_domain_moe_qm9_cycle/recompute_inputs/gaussian_gjf/pqr_0157.gjf,runs/pqr_full_domain_moe_qm9_cycle/recompute_inputs/orca_inp/pqr_0157.inp
pqr_0158,O=C1CC[C@H]2CCC[NH2+][C@@H]2[C@@H]1Br,charged_or_radical,10.0,6.312620827412317,2.569181388156096,low_confidence,1,1,runs/pqr_full_domain_moe_qm9_cycle/recompute_inputs/xyz/pqr_0158.xyz,runs/pqr_full_domain_moe_qm9_cycle/recompute_inputs/gaussian_gjf/pqr_0158.gjf,runs/pqr_full_domain_moe_qm9_cycle/recompute_inputs/orca_inp/pqr_0158.inp
pqr_0159,CC1=C[N+]([C@@H]2C=C[C@@]3(CO)C[C@@H]23)C(=O)[NH+]C1=O,charged_or_radical,9.007,6.320198195053019,2.5155054855856367,low_confidence,2,3,runs/pqr_full_domain_moe_qm9_cycle/recompute_inputs/xyz/pqr_0159.xyz,runs/pqr_full_domain_moe_qm9_cycle/recompute_inputs/gaussian_gjf/pqr_0159.gjf,runs/pqr_full_domain_moe_qm9_cycle/recompute_inputs/orca_inp/pqr_0159.inp
pqr_0160,O=C1C=C[N+]([C@@H]2O[C@H](CO[P@@](=O)(O)O[P@](=O)(O)C[C@H]3O[C@H](CO)[C@H](O)[C@H](O)[C@H]3O)[C@@H](O)[C@H]2O)C(=O)[NH+]1,charged_or_radical,8.442,6.334071681562609,3.415098340596254,low_confidence,2,3,runs/pqr_full_domain_moe_qm9_cycle/recompute_inputs/xyz/pqr_0160.xyz,runs/pqr_full_domain_moe_qm9_cycle/recompute_inputs/gaussian_gjf/pqr_0160.gjf,runs/pqr_full_domain_moe_qm9_cycle/recompute_inputs/orca_inp/pqr_0160.inp
pqr_0161,CN[C@@H]1CCCN([C@H]2[C@H](OC)[C@@H]3[C@H](C[C@@H]2F)C(=O)[C@@H](C(=O)O)C[N@H+]3C2CC2)C1,charged_or_radical,10.885000000000002,6.211464224998939,1.195648944248477,low_confidence,1,1,runs/pqr_full_domain_moe_qm9_cycle/recompute_inputs/xyz/pqr_0161.xyz,runs/pqr_full_domain_moe_qm9_cycle/recompute_inputs/gaussian_gjf/pqr_0161.gjf,runs/pqr_full_domain_moe_qm9_cycle/recompute_inputs/orca_inp/pqr_0161.inp
pqr_0162,CCCCCCC[C@H]1[NH2+][C@@H]2CCCC[C@@H]2C(=O)[C@@H]1O,charged_or_radical,10.81,6.310549510794912,1.8808076618398033,low_confidence,1,1,runs/pqr_full_domain_moe_qm9_cycle/recompute_inputs/xyz/pqr_0162.xyz,runs/pqr_full_domain_moe_qm9_cycle/recompute_inputs/gaussian_gjf/pqr_0162.gjf,runs/pqr_full_domain_moe_qm9_cycle/recompute_inputs/orca_inp/pqr_0162.inp
pqr_0163,CN[C@H]1[C@H](C)[C@H]2[C@@H](C[C@@H]1F)C(=O)[C@H](C(=O)O)C[N@@H+]2[C@H]1C[C@H](N)[C@H](F)C[C@@H]1F,charged_or_radical,7.583,6.2431319751722,4.606160763570228,low_confidence,1,1,runs/pqr_full_domain_moe_qm9_cycle/recompute_inputs/xyz/pqr_0163.xyz,runs/pqr_full_domain_moe_qm9_cycle/recompute_inputs/gaussian_gjf/pqr_0163.gjf,runs/pqr_full_domain_moe_qm9_cycle/recompute_inputs/orca_inp/pqr_0163.inp
pqr_0164,CCOC[N+]1C(=O)[NH+]C(=O)C(C(C)C)=C1SC1CCCCC1,charged_or_radical,11.248,6.32421786192627,0.7079273210831527,low_confidence,2,3,runs/pqr_full_domain_moe_qm9_cycle/recompute_inputs/xyz/pqr_0164.xyz,runs/pqr_full_domain_moe_qm9_cycle/recompute_inputs/gaussian_gjf/pqr_0164.gjf,runs/pqr_full_domain_moe_qm9_cycle/recompute_inputs/orca_inp/pqr_0164.inp
pqr_0165,O=C1[NH+]C(=O)[N+]([C@H]2C[C@H](CO)[C@H](O)C2)C=C1I,charged_or_radical,7.962,6.344629758666889,4.055250929354688,low_confidence,2,3,runs/pqr_full_domain_moe_qm9_cycle/recompute_inputs/xyz/pqr_0165.xyz,runs/pqr_full_domain_moe_qm9_cycle/recompute_inputs/gaussian_gjf/pqr_0165.gjf,runs/pqr_full_domain_moe_qm9_cycle/recompute_inputs/orca_inp/pqr_0165.inp
pqr_0166,CC1=C[N+]([C@H]2O[C@H](COP(=O)(O)O)[C@@H](O)[C@@H]2O)C(=O)[NH+]C1=O,charged_or_radical,9.057,6.276120089894362,2.65437657635162,low_confidence,2,3,runs/pqr_full_domain_moe_qm9_cycle/recompute_inputs/xyz/pqr_0166.xyz,runs/pqr_full_domain_moe_qm9_cycle/recompute_inputs/gaussian_gjf/pqr_0166.gjf,runs/pqr_full_domain_moe_qm9_cycle/recompute_inputs/orca_inp/pqr_0166.inp
pqr_0167,CCNC[C@H]1CCN([C@@H]2[C@H](F)[C@H]3[C@@H](C[C@@H]2F)C(=O)[C@H](C(=O)O)C[N@H+]3CC)C1,charged_or_radical,8.006,6.232272844845829,3.9540387430213,low_confidence,1,1,runs/pqr_full_domain_moe_qm9_cycle/recompute_inputs/xyz/pqr_0167.xyz,runs/pqr_full_domain_moe_qm9_cycle/recompute_inputs/gaussian_gjf/pqr_0167.gjf,runs/pqr_full_domain_moe_qm9_cycle/recompute_inputs/orca_inp/pqr_0167.inp
pqr_0168,O=C1[C@H](I)C[NH2+]C[C@@H]1I,charged_or_radical,10.751,6.26534076372996,1.913385499483077,low_confidence,1,1,runs/pqr_full_domain_moe_qm9_cycle/recompute_inputs/xyz/pqr_0168.xyz,runs/pqr_full_domain_moe_qm9_cycle/recompute_inputs/gaussian_gjf/pqr_0168.gjf,runs/pqr_full_domain_moe_qm9_cycle/recompute_inputs/orca_inp/pqr_0168.inp
pqr_0169,O=C1[NH+]C=C([C@@H]2O[C@H](CO)[C@@H](O)[C@H]2O)C(=O)[NH+]1,charged_or_radical,9.08,6.523487060133382,2.4425831495874597,low_confidence,2,3,runs/pqr_full_domain_moe_qm9_cycle/recompute_inputs/xyz/pqr_0169.xyz,runs/pqr_full_domain_moe_qm9_cycle/recompute_inputs/gaussian_gjf/pqr_0169.gjf,runs/pqr_full_domain_moe_qm9_cycle/recompute_inputs/orca_inp/pqr_0169.inp
pqr_0170,CCOC[N+]1C=C(F)C(=O)[NH+]C1=O,charged_or_radical,9.067,6.381266998302543,2.542572859860952,low_confidence,2,3,runs/pqr_full_domain_moe_qm9_cycle/recompute_inputs/xyz/pqr_0170.xyz,runs/pqr_full_domain_moe_qm9_cycle/recompute_inputs/gaussian_gjf/pqr_0170.gjf,runs/pqr_full_domain_moe_qm9_cycle/recompute_inputs/orca_inp/pqr_0170.inp
pqr_0171,C[C@H]1C[C@H](N)CN1[C@H]1C[C@@H]2[C@H](C[C@H]1F)C(=O)[C@H](C(=O)O)C[N@H+]2[C@@H]1CC[C@H](F)C[C@@H]1F,charged_or_radical,10.217,6.242895511324311,2.015127053390936,low_confidence,1,1,runs/pqr_full_domain_moe_qm9_cycle/recompute_inputs/xyz/pqr_0171.xyz,runs/pqr_full_domain_moe_qm9_cycle/recompute_inputs/gaussian_gjf/pqr_0171.gjf,runs/pqr_full_domain_moe_qm9_cycle/recompute_inputs/orca_inp/pqr_0171.inp
pqr_0172,CC1=C[N+]([C@H]2C[C@@H]3O[P@@](=O)(O)OC[C@H]3O2)C(=O)[NH+]C1=O,charged_or_radical,9.021,6.229211654693637,2.5150506546704765,low_confidence,2,3,runs/pqr_full_domain_moe_qm9_cycle/recompute_inputs/xyz/pqr_0172.xyz,runs/pqr_full_domain_moe_qm9_cycle/recompute_inputs/gaussian_gjf/pqr_0172.gjf,runs/pqr_full_domain_moe_qm9_cycle/recompute_inputs/orca_inp/pqr_0172.inp
pqr_0173,Cc1cn([C@@H]2O[C@H](COP(=O)(O)O)[C@@H](O)[C@H]2OCCO[NH2+]CO)c(=O)[nH]c1=O,charged_or_radical,8.822000000000001,6.295598099279994,2.2252022823029396,low_confidence,1,1,runs/pqr_full_domain_moe_qm9_cycle/recompute_inputs/xyz/pqr_0173.xyz,runs/pqr_full_domain_moe_qm9_cycle/recompute_inputs/gaussian_gjf/pqr_0173.gjf,runs/pqr_full_domain_moe_qm9_cycle/recompute_inputs/orca_inp/pqr_0173.inp
pqr_0174,NC1=NC(=O)[N+]([C@@H]2C[C@H](N)[C@@H](CO)O2)C=C1,charged_or_radical,9.135000000000002,6.4695763803943915,2.43318560312645,low_confidence,1,2,runs/pqr_full_domain_moe_qm9_cycle/recompute_inputs/xyz/pqr_0174.xyz,runs/pqr_full_domain_moe_qm9_cycle/recompute_inputs/gaussian_gjf/pqr_0174.gjf,runs/pqr_full_domain_moe_qm9_cycle/recompute_inputs/orca_inp/pqr_0174.inp
pqr_0175,O[N+]1CCC(C[C@H](c2ccc(C(O)(C(F)(F)F)C(F)(F)F)cc2)c2ccc(OC(F)F)c(OC(F)F)c2)CC1,charged_or_radical,8.078000000000001,6.479436437917625,2.6367848461062664,low_confidence,1,2,runs/pqr_full_domain_moe_qm9_cycle/recompute_inputs/xyz/pqr_0175.xyz,runs/pqr_full_domain_moe_qm9_cycle/recompute_inputs/gaussian_gjf/pqr_0175.gjf,runs/pqr_full_domain_moe_qm9_cycle/recompute_inputs/orca_inp/pqr_0175.inp
pqr_0176,O=C(O)C[C@H]1[C@@H](C2=C(C(=O)O)[NH+]C(=O)C=C2)CN[C@@H]1C(=O)O,charged_or_radical,8.157,6.316157330023115,3.4158376614284975,low_confidence,1,2,runs/pqr_full_domain_moe_qm9_cycle/recompute_inputs/xyz/pqr_0176.xyz,runs/pqr_full_domain_moe_qm9_cycle/recompute_inputs/gaussian_gjf/pqr_0176.gjf,runs/pqr_full_domain_moe_qm9_cycle/recompute_inputs/orca_inp/pqr_0176.inp
pqr_0177,NC1=NC(=O)[N+]([C@@H]2O[C@H](CO[P@](=O)(O)O[P@](=O)(O)OCCN(O)C=O)[C@@H](O)[C@H]2O)C=C1,charged_or_radical,8.026,6.316514497897638,3.685502697295019,low_confidence,1,2,runs/pqr_full_domain_moe_qm9_cycle/recompute_inputs/xyz/pqr_0177.xyz,runs/pqr_full_domain_moe_qm9_cycle/recompute_inputs/gaussian_gjf/pqr_0177.gjf,runs/pqr_full_domain_moe_qm9_cycle/recompute_inputs/orca_inp/pqr_0177.inp
pqr_0178,O=C1[NH+]C(=O)[N+]([C@H]2C=C[C@@H](CO)O2)C=C1CO,charged_or_radical,9.207,6.330721289543024,2.265161764195387,low_confidence,2,3,runs/pqr_full_domain_moe_qm9_cycle/recompute_inputs/xyz/pqr_0178.xyz,runs/pqr_full_domain_moe_qm9_cycle/recompute_inputs/gaussian_gjf/pqr_0178.gjf,runs/pqr_full_domain_moe_qm9_cycle/recompute_inputs/orca_inp/pqr_0178.inp
pqr_0179,O=C1[NH+]C(=O)[N+]([C@@H]2CS[C@H](CO)O2)C=C1F,charged_or_radical,8.356,6.262698092668021,3.207824373611839,low_confidence,2,3,runs/pqr_full_domain_moe_qm9_cycle/recompute_inputs/xyz/pqr_0179.xyz,runs/pqr_full_domain_moe_qm9_cycle/recompute_inputs/gaussian_gjf/pqr_0179.gjf,runs/pqr_full_domain_moe_qm9_cycle/recompute_inputs/orca_inp/pqr_0179.inp
pqr_0180,COC1=C(C)C=NC(=O)[NH+]1,charged_or_radical,8.651,6.352936923445411,2.798999648390037,low_confidence,1,2,runs/pqr_full_domain_moe_qm9_cycle/recompute_inputs/xyz/pqr_0180.xyz,runs/pqr_full_domain_moe_qm9_cycle/recompute_inputs/gaussian_gjf/pqr_0180.gjf,runs/pqr_full_domain_moe_qm9_cycle/recompute_inputs/orca_inp/pqr_0180.inp
pqr_0181,Cc1c[n+]2c([nH]c1=O)O[C@H]1[C@H](O)[C@@H](CO)O[C@H]12,charged_or_radical,9.129,6.581694390320124,1.9752985494519104,low_confidence,1,1,runs/pqr_full_domain_moe_qm9_cycle/recompute_inputs/xyz/pqr_0181.xyz,runs/pqr_full_domain_moe_qm9_cycle/recompute_inputs/gaussian_gjf/pqr_0181.gjf,runs/pqr_full_domain_moe_qm9_cycle/recompute_inputs/orca_inp/pqr_0181.inp
pqr_0182,CC(=O)N[C@H]1[C@@H](O[P@](=O)(O)O[P@](=O)(O)OC[C@H]2O[C@@H]([N+]3C=CC(=O)[NH+]C3=O)[C@H](O)[C@@H]2O)O[C@H](CO)[C@@H](O)[C@@H]1O[C@H](C)C(=O)O,charged_or_radical,8.032,6.3582460296040155,3.7589242178276248,low_confidence,2,3,runs/pqr_full_domain_moe_qm9_cycle/recompute_inputs/xyz/pqr_0182.xyz,runs/pqr_full_domain_moe_qm9_cycle/recompute_inputs/gaussian_gjf/pqr_0182.gjf,runs/pqr_full_domain_moe_qm9_cycle/recompute_inputs/orca_inp/pqr_0182.inp
pqr_0183,C[N@@H+]1C[C@H](O)C(=O)C[C@@H]1C(=O)O,charged_or_radical,7.273,6.212316498928258,4.684081918703507,low_confidence,1,1,runs/pqr_full_domain_moe_qm9_cycle/recompute_inputs/xyz/pqr_0183.xyz,runs/pqr_full_domain_moe_qm9_cycle/recompute_inputs/gaussian_gjf/pqr_0183.gjf,runs/pqr_full_domain_moe_qm9_cycle/recompute_inputs/orca_inp/pqr_0183.inp
pqr_0184,O=C1[NH+]C(=O)[N+](C2CCCC2)C=C1[N+](=O)[O-],charged_or_radical,8.985,6.23425326509674,2.664755944382989,low_confidence,2,3,runs/pqr_full_domain_moe_qm9_cycle/recompute_inputs/xyz/pqr_0184.xyz,runs/pqr_full_domain_moe_qm9_cycle/recompute_inputs/gaussian_gjf/pqr_0184.gjf,runs/pqr_full_domain_moe_qm9_cycle/recompute_inputs/orca_inp/pqr_0184.inp
pqr_0185,O=C1[NH+]C(=O)[N+]([C@@H]2C[C@H](O)[C@@H](COP(=O)(O)O)O2)C=C1I,charged_or_radical,8.013,6.5234741228447986,3.825474028765461,low_confidence,2,3,runs/pqr_full_domain_moe_qm9_cycle/recompute_inputs/xyz/pqr_0185.xyz,runs/pqr_full_domain_moe_qm9_cycle/recompute_inputs/gaussian_gjf/pqr_0185.gjf,runs/pqr_full_domain_moe_qm9_cycle/recompute_inputs/orca_inp/pqr_0185.inp
pqr_0186,CC1=C[N+]([C@@H]2C[C@@H](CO)[C@H](O)C2)C(=O)[NH+]C1=O,charged_or_radical,9.042,6.4400230836322265,2.7978891513569035,low_confidence,2,3,runs/pqr_full_domain_moe_qm9_cycle/recompute_inputs/xyz/pqr_0186.xyz,runs/pqr_full_domain_moe_qm9_cycle/recompute_inputs/gaussian_gjf/pqr_0186.gjf,runs/pqr_full_domain_moe_qm9_cycle/recompute_inputs/orca_inp/pqr_0186.inp
pqr_0187,N#C[C@H]1[C@@H](N2C[C@@H]3NCCO[C@H]3C2)[C@@H](F)C[C@H]2C(=O)[C@H](C(=O)O)C[N@H+](C3CC3)[C@@H]12,charged_or_radical,10.865,6.259486526426415,1.2724011980464454,low_confidence,1,1,runs/pqr_full_domain_moe_qm9_cycle/recompute_inputs/xyz/pqr_0187.xyz,runs/pqr_full_domain_moe_qm9_cycle/recompute_inputs/gaussian_gjf/pqr_0187.gjf,runs/pqr_full_domain_moe_qm9_cycle/recompute_inputs/orca_inp/pqr_0187.inp
pqr_0188,C#C[C@@]1(O)[C@@H](CO)O[C@@H]([N+]2C=CC(=O)[NH+]C2=O)[C@@H]1O,charged_or_radical,12.376,6.470119090966403,0.677015296470449,low_confidence,2,3,runs/pqr_full_domain_moe_qm9_cycle/recompute_inputs/xyz/pqr_0188.xyz,runs/pqr_full_domain_moe_qm9_cycle/recompute_inputs/gaussian_gjf/pqr_0188.gjf,runs/pqr_full_domain_moe_qm9_cycle/recompute_inputs/orca_inp/pqr_0188.inp
pqr_0189,CCCC#CC1=C[N+]([C@H]2C[C@H](O)[C@@H](CO)O2)C(=O)[NH+]C1=O,charged_or_radical,8.42,6.555143271318407,3.189653391520027,low_confidence,2,3,runs/pqr_full_domain_moe_qm9_cycle/recompute_inputs/xyz/pqr_0189.xyz,runs/pqr_full_domain_moe_qm9_cycle/recompute_inputs/gaussian_gjf/pqr_0189.gjf,runs/pqr_full_domain_moe_qm9_cycle/recompute_inputs/orca_inp/pqr_0189.inp
pqr_0190,C[NH2+]CCO[P@@](=O)(O)OC[C@@H](COC=O)OC=O,charged_or_radical,9.291,6.55256052650655,2.7383459040876943,low_confidence,1,1,runs/pqr_full_domain_moe_qm9_cycle/recompute_inputs/xyz/pqr_0190.xyz,runs/pqr_full_domain_moe_qm9_cycle/recompute_inputs/gaussian_gjf/pqr_0190.gjf,runs/pqr_full_domain_moe_qm9_cycle/recompute_inputs/orca_inp/pqr_0190.inp
pqr_0191,COC(=O)Cc1cc(=O)[oH+]c2cc(O[C@@H]3O[C@H](CO)[C@H](O)[C@H](O)[C@H]3O)ccc12,charged_or_radical,8.241000000000001,6.204327424740966,2.713553604340005,low_confidence,1,1,runs/pqr_full_domain_moe_qm9_cycle/recompute_inputs/xyz/pqr_0191.xyz,runs/pqr_full_domain_moe_qm9_cycle/recompute_inputs/gaussian_gjf/pqr_0191.gjf,runs/pqr_full_domain_moe_qm9_cycle/recompute_inputs/orca_inp/pqr_0191.inp
pqr_0192,CCC1=C[N+]([C@@H]2C[C@@H](O)[C@H](COP(=O)(O)O)O2)C(=O)[NH+]C1=O,charged_or_radical,9.13,6.272359352180565,2.454850809350482,low_confidence,2,3,runs/pqr_full_domain_moe_qm9_cycle/recompute_inputs/xyz/pqr_0192.xyz,runs/pqr_full_domain_moe_qm9_cycle/recompute_inputs/gaussian_gjf/pqr_0192.gjf,runs/pqr_full_domain_moe_qm9_cycle/recompute_inputs/orca_inp/pqr_0192.inp
pqr_0193,COCC1=C[N+]([C@H]2C[C@@H](OC(C)=O)[C@H](CO)O2)C(=O)[NH+]C1=O,charged_or_radical,12.178,6.567067557848917,0.6388837880580063,low_confidence,2,3,runs/pqr_full_domain_moe_qm9_cycle/recompute_inputs/xyz/pqr_0193.xyz,runs/pqr_full_domain_moe_qm9_cycle/recompute_inputs/gaussian_gjf/pqr_0193.gjf,runs/pqr_full_domain_moe_qm9_cycle/recompute_inputs/orca_inp/pqr_0193.inp
pqr_0194,CC1=C[N+]([C@H]2C[C@H](S)[C@@H](CO[P@](=O)(O)O[P@@](=O)(O)OP(=O)(O)O)O2)C(=O)[NH+]C1=O,charged_or_radical,7.845,6.481536270511264,3.936349530614312,low_confidence,2,3,runs/pqr_full_domain_moe_qm9_cycle/recompute_inputs/xyz/pqr_0194.xyz,runs/pqr_full_domain_moe_qm9_cycle/recompute_inputs/gaussian_gjf/pqr_0194.gjf,runs/pqr_full_domain_moe_qm9_cycle/recompute_inputs/orca_inp/pqr_0194.inp
pqr_0195,CCCC[C@H]1C[C@H]2C(=O)C[C@@H](C(=O)O)[NH2+][C@H]2[C@H]2C(=O)C[C@@H](C(=O)O)[NH2+][C@@H]12,charged_or_radical,10.388,6.292366608736414,1.8226598974425985,low_confidence,2,1,runs/pqr_full_domain_moe_qm9_cycle/recompute_inputs/xyz/pqr_0195.xyz,runs/pqr_full_domain_moe_qm9_cycle/recompute_inputs/gaussian_gjf/pqr_0195.gjf,runs/pqr_full_domain_moe_qm9_cycle/recompute_inputs/orca_inp/pqr_0195.inp
pqr_0196,CC1(C)C[C@@]2(NCC3=C[N+]([C@H]4C[C@H](O)[C@@H](CO)O4)C(=O)[NH+]C3=O)O[N@@H+]1C2(C)C,charged_or_radical,8.689,6.544408299926617,2.9672057628753254,low_confidence,3,3,runs/pqr_full_domain_moe_qm9_cycle/recompute_inputs/xyz/pqr_0196.xyz,runs/pqr_full_domain_moe_qm9_cycle/recompute_inputs/gaussian_gjf/pqr_0196.gjf,runs/pqr_full_domain_moe_qm9_cycle/recompute_inputs/orca_inp/pqr_0196.inp
pqr_0197,CC1=C(C=C(CO)CO)[NH+]C(=O)[NH+]C1=O,charged_or_radical,12.079,6.249114915553267,0.693655365046304,low_confidence,2,3,runs/pqr_full_domain_moe_qm9_cycle/recompute_inputs/xyz/pqr_0197.xyz,runs/pqr_full_domain_moe_qm9_cycle/recompute_inputs/gaussian_gjf/pqr_0197.gjf,runs/pqr_full_domain_moe_qm9_cycle/recompute_inputs/orca_inp/pqr_0197.inp
pqr_0198,O=C1C[C@H](C(=O)O)[NH2+][C@H]2[C@@H]1CCC[C@@H]2O,charged_or_radical,7.323,6.209546034692483,4.947170930411098,low_confidence,1,1,runs/pqr_full_domain_moe_qm9_cycle/recompute_inputs/xyz/pqr_0198.xyz,runs/pqr_full_domain_moe_qm9_cycle/recompute_inputs/gaussian_gjf/pqr_0198.gjf,runs/pqr_full_domain_moe_qm9_cycle/recompute_inputs/orca_inp/pqr_0198.inp
pqr_0199,O=C1[NH+]C(=O)[N+]([C@@H]2C[C@@H](O)[C@@H](COP(=O)(O)O)O2)C=C1F,charged_or_radical,9.034,6.265390909580578,2.7334555687998705,low_confidence,2,3,runs/pqr_full_domain_moe_qm9_cycle/recompute_inputs/xyz/pqr_0199.xyz,runs/pqr_full_domain_moe_qm9_cycle/recompute_inputs/gaussian_gjf/pqr_0199.gjf,runs/pqr_full_domain_moe_qm9_cycle/recompute_inputs/orca_inp/pqr_0199.inp
pqr_0200,C[C@@H]1CC[C@H]1[N@H+](O)[C@@H]1C[C@@H]1C,charged_or_radical,14.191,8.843766388611805,1.163004673345366,low_confidence,1,1,runs/pqr_full_domain_moe_qm9_cycle/recompute_inputs/xyz/pqr_0200.xyz,runs/pqr_full_domain_moe_qm9_cycle/recompute_inputs/gaussian_gjf/pqr_0200.gjf,runs/pqr_full_domain_moe_qm9_cycle/recompute_inputs/orca_inp/pqr_0200.inp
pqr_0201,OC[C@@H]1[C@@H](O)[C@H](O)C[S]1C[C@@H](O)[C@@H](O)CO,charged_or_radical,9.041,8.11831111625429,3.7732610674938343,low_confidence,0,2,runs/pqr_full_domain_moe_qm9_cycle/recompute_inputs/xyz/pqr_0201.xyz,runs/pqr_full_domain_moe_qm9_cycle/recompute_inputs/gaussian_gjf/pqr_0201.gjf,runs/pqr_full_domain_moe_qm9_cycle/recompute_inputs/orca_inp/pqr_0201.inp
pqr_0202,C[C@@H]1CC[C@H]1[N@H+](O)C1CCCCC1,charged_or_radical,10.909,8.780059077839917,2.2494948149960745,low_confidence,1,1,runs/pqr_full_domain_moe_qm9_cycle/recompute_inputs/xyz/pqr_0202.xyz,runs/pqr_full_domain_moe_qm9_cycle/recompute_inputs/gaussian_gjf/pqr_0202.gjf,runs/pqr_full_domain_moe_qm9_cycle/recompute_inputs/orca_inp/pqr_0202.inp
pqr_0203,CCC[N@@H+](O)[C@H]1CC[C@@H]1C,charged_or_radical,14.479,8.840513203074595,1.1286908568744192,low_confidence,1,1,runs/pqr_full_domain_moe_qm9_cycle/recompute_inputs/xyz/pqr_0203.xyz,runs/pqr_full_domain_moe_qm9_cycle/recompute_inputs/gaussian_gjf/pqr_0203.gjf,runs/pqr_full_domain_moe_qm9_cycle/recompute_inputs/orca_inp/pqr_0203.inp
pqr_0204,CC[C@@H](C)[N@@H+](O)CC(C)(C)CC,charged_or_radical,14.396,8.875171257463943,0.4947054013614185,low_confidence,1,1,runs/pqr_full_domain_moe_qm9_cycle/recompute_inputs/xyz/pqr_0204.xyz,runs/pqr_full_domain_moe_qm9_cycle/recompute_inputs/gaussian_gjf/pqr_0204.gjf,runs/pqr_full_domain_moe_qm9_cycle/recompute_inputs/orca_inp/pqr_0204.inp
pqr_0205,C[N@@H+]1[C@H](N)NC(=O)[C@@H]2NCN[C@H]21,charged_or_radical,8.712,6.603626455823403,3.5670516902738036,low_confidence,1,1,runs/pqr_full_domain_moe_qm9_cycle/recompute_inputs/xyz/pqr_0205.xyz,runs/pqr_full_domain_moe_qm9_cycle/recompute_inputs/gaussian_gjf/pqr_0205.gjf,runs/pqr_full_domain_moe_qm9_cycle/recompute_inputs/orca_inp/pqr_0205.inp
pqr_0206,CC(C)C[N@@H+](O)[C@H]1CC[C@@H]1C,charged_or_radical,14.449,8.877009540076878,0.8500250406275089,low_confidence,1,1,runs/pqr_full_domain_moe_qm9_cycle/recompute_inputs/xyz/pqr_0206.xyz,runs/pqr_full_domain_moe_qm9_cycle/recompute_inputs/gaussian_gjf/pqr_0206.gjf,runs/pqr_full_domain_moe_qm9_cycle/recompute_inputs/orca_inp/pqr_0206.inp
pqr_0207,C[N@@H+](O)C1CC1,charged_or_radical,14.402,8.946254995593725,1.5192236075865466,low_confidence,1,1,runs/pqr_full_domain_moe_qm9_cycle/recompute_inputs/xyz/pqr_0207.xyz,runs/pqr_full_domain_moe_qm9_cycle/recompute_inputs/gaussian_gjf/pqr_0207.gjf,runs/pqr_full_domain_moe_qm9_cycle/recompute_inputs/orca_inp/pqr_0207.inp
pqr_0208,C/[N+](O)=N/CO[C@@H]1O[C@H](CO[C@@H]2OC[C@@H](O)[C@H](O)[C@H]2O)[C@@H](O)[C@H](O)[C@H]1O,charged_or_radical,12.849,8.127665071302522,0.5472201855043188,low_confidence,1,1,runs/pqr_full_domain_moe_qm9_cycle/recompute_inputs/xyz/pqr_0208.xyz,runs/pqr_full_domain_moe_qm9_cycle/recompute_inputs/gaussian_gjf/pqr_0208.gjf,runs/pqr_full_domain_moe_qm9_cycle/recompute_inputs/orca_inp/pqr_0208.inp
pqr_0209,CO[N+](O)CC(=O)N[C@H](C(C)C)[C@H](O)[C@H](C)C(=O)O,charged_or_radical,12.162,6.971355364702287,0.0363918281133806,low_confidence,1,2,runs/pqr_full_domain_moe_qm9_cycle/recompute_inputs/xyz/pqr_0209.xyz,runs/pqr_full_domain_moe_qm9_cycle/recompute_inputs/gaussian_gjf/pqr_0209.gjf,runs/pqr_full_domain_moe_qm9_cycle/recompute_inputs/orca_inp/pqr_0209.inp
pqr_0210,O=C(O)[C@@H]1CC(=S)[C@@H]2CCCC[C@H]2[NH2+]1,charged_or_radical,9.54,6.8016415169554,2.779828188150553,low_confidence,1,1,runs/pqr_full_domain_moe_qm9_cycle/recompute_inputs/xyz/pqr_0210.xyz,runs/pqr_full_domain_moe_qm9_cycle/recompute_inputs/gaussian_gjf/pqr_0210.gjf,runs/pqr_full_domain_moe_qm9_cycle/recompute_inputs/orca_inp/pqr_0210.inp
pqr_0211,CC(C)CCC[N@H+](O)CC(C)C,charged_or_radical,14.568,8.945125421055117,1.0223680433162468,low_confidence,1,1,runs/pqr_full_domain_moe_qm9_cycle/recompute_inputs/xyz/pqr_0211.xyz,runs/pqr_full_domain_moe_qm9_cycle/recompute_inputs/gaussian_gjf/pqr_0211.gjf,runs/pqr_full_domain_moe_qm9_cycle/recompute_inputs/orca_inp/pqr_0211.inp
pqr_0212,CC(C)C[N@@H+](O)CC(C)(C)C,charged_or_radical,14.486999999999998,8.87097471963104,0.5944514768733598,low_confidence,1,1,runs/pqr_full_domain_moe_qm9_cycle/recompute_inputs/xyz/pqr_0212.xyz,runs/pqr_full_domain_moe_qm9_cycle/recompute_inputs/gaussian_gjf/pqr_0212.gjf,runs/pqr_full_domain_moe_qm9_cycle/recompute_inputs/orca_inp/pqr_0212.inp
pqr_0213,CCCCCCCCCC[N+](C)(C)CCCS(=O)(=O)O,charged_or_radical,7.311999999999999,7.730867865431256,5.239203979867019,low_confidence,1,1,runs/pqr_full_domain_moe_qm9_cycle/recompute_inputs/xyz/pqr_0213.xyz,runs/pqr_full_domain_moe_qm9_cycle/recompute_inputs/gaussian_gjf/pqr_0213.gjf,runs/pqr_full_domain_moe_qm9_cycle/recompute_inputs/orca_inp/pqr_0213.inp
pqr_0214,CCC[N@@H+](O)C(C)C,charged_or_radical,14.498,8.914801650182214,0.9882965924785712,low_confidence,1,1,runs/pqr_full_domain_moe_qm9_cycle/recompute_inputs/xyz/pqr_0214.xyz,runs/pqr_full_domain_moe_qm9_cycle/recompute_inputs/gaussian_gjf/pqr_0214.gjf,runs/pqr_full_domain_moe_qm9_cycle/recompute_inputs/orca_inp/pqr_0214.inp
pqr_0215,CCCCCCCCCCCCCCCCCC(=O)OC[C@H](CO[P@@](=O)(O)OCC[N+](C)(C)C)OC(=O)CCCCCCCCCCCCCCCCC,charged_or_radical,8.247,7.292515460411686,4.160129238440005,low_confidence,1,1,runs/pqr_full_domain_moe_qm9_cycle/recompute_inputs/xyz/pqr_0215.xyz,runs/pqr_full_domain_moe_qm9_cycle/recompute_inputs/gaussian_gjf/pqr_0215.gjf,runs/pqr_full_domain_moe_qm9_cycle/recompute_inputs/orca_inp/pqr_0215.inp
pqr_0216,CC1(C)C[C@@H]1[N@H+](O)C1CC1,charged_or_radical,14.156,8.706366236280367,1.213596962107898,low_confidence,1,1,runs/pqr_full_domain_moe_qm9_cycle/recompute_inputs/xyz/pqr_0216.xyz,runs/pqr_full_domain_moe_qm9_cycle/recompute_inputs/gaussian_gjf/pqr_0216.gjf,runs/pqr_full_domain_moe_qm9_cycle/recompute_inputs/orca_inp/pqr_0216.inp
pqr_0217,CCCC(CCC)C(=O)O[C@H](CC(=O)O)C[N+](C)(C)C,charged_or_radical,8.285,6.976541329078675,3.851380363113421,low_confidence,1,1,runs/pqr_full_domain_moe_qm9_cycle/recompute_inputs/xyz/pqr_0217.xyz,runs/pqr_full_domain_moe_qm9_cycle/recompute_inputs/gaussian_gjf/pqr_0217.gjf,runs/pqr_full_domain_moe_qm9_cycle/recompute_inputs/orca_inp/pqr_0217.inp
pqr_0218,C[NH2+]OC,charged_or_radical,11.343,9.201711023392354,1.2282100718031792,low_confidence,1,1,runs/pqr_full_domain_moe_qm9_cycle/recompute_inputs/xyz/pqr_0218.xyz,runs/pqr_full_domain_moe_qm9_cycle/recompute_inputs/gaussian_gjf/pqr_0218.gjf,runs/pqr_full_domain_moe_qm9_cycle/recompute_inputs/orca_inp/pqr_0218.inp
pqr_0219,CC(C)(C)[N@@H+](O)C1(C)CCC1,charged_or_radical,14.138,8.787206844279957,0.7009385594156008,low_confidence,1,1,runs/pqr_full_domain_moe_qm9_cycle/recompute_inputs/xyz/pqr_0219.xyz,runs/pqr_full_domain_moe_qm9_cycle/recompute_inputs/gaussian_gjf/pqr_0219.gjf,runs/pqr_full_domain_moe_qm9_cycle/recompute_inputs/orca_inp/pqr_0219.inp
pqr_0220,O[NH+]1CCCCC1,charged_or_radical,14.456,8.935606164541909,1.3430647817390238,low_confidence,1,1,runs/pqr_full_domain_moe_qm9_cycle/recompute_inputs/xyz/pqr_0220.xyz,runs/pqr_full_domain_moe_qm9_cycle/recompute_inputs/gaussian_gjf/pqr_0220.gjf,runs/pqr_full_domain_moe_qm9_cycle/recompute_inputs/orca_inp/pqr_0220.inp
pqr_0221,O=C1[N+](C[C@H]2CO2)C(=O)[N+](C[C@@H]2CO2)C(=O)[N+]1C[C@@H]1CO1,charged_or_radical,12.895,6.863487562890185,0.9915911290930204,low_confidence,3,4,runs/pqr_full_domain_moe_qm9_cycle/recompute_inputs/xyz/pqr_0221.xyz,runs/pqr_full_domain_moe_qm9_cycle/recompute_inputs/gaussian_gjf/pqr_0221.gjf,runs/pqr_full_domain_moe_qm9_cycle/recompute_inputs/orca_inp/pqr_0221.inp
pqr_0222,CCC[C@H](C)[N@H+](O)C1(C)CC1,charged_or_radical,14.224,8.844442438057644,0.6214839802984038,low_confidence,1,1,runs/pqr_full_domain_moe_qm9_cycle/recompute_inputs/xyz/pqr_0222.xyz,runs/pqr_full_domain_moe_qm9_cycle/recompute_inputs/gaussian_gjf/pqr_0222.gjf,runs/pqr_full_domain_moe_qm9_cycle/recompute_inputs/orca_inp/pqr_0222.inp
pqr_0223,[Li][NH+]O,charged_or_radical,10.984,8.509650580601118,2.002575113525852,low_confidence,1,2,runs/pqr_full_domain_moe_qm9_cycle/recompute_inputs/xyz/pqr_0223.xyz,runs/pqr_full_domain_moe_qm9_cycle/recompute_inputs/gaussian_gjf/pqr_0223.gjf,runs/pqr_full_domain_moe_qm9_cycle/recompute_inputs/orca_inp/pqr_0223.inp
pqr_0224,CCCCC[N@H+](O)[C@@H](C)CC,charged_or_radical,14.472,8.938389369952333,1.0053827437059653,low_confidence,1,1,runs/pqr_full_domain_moe_qm9_cycle/recompute_inputs/xyz/pqr_0224.xyz,runs/pqr_full_domain_moe_qm9_cycle/recompute_inputs/gaussian_gjf/pqr_0224.gjf,runs/pqr_full_domain_moe_qm9_cycle/recompute_inputs/orca_inp/pqr_0224.inp
pqr_0225,S[P@]12S[P@]3(S)S[P@](S)(S1)S[P@](S)(S2)S3,charged_or_radical,10.042000000000002,7.209187870785264,2.072325736249468,low_confidence,0,5,runs/pqr_full_domain_moe_qm9_cycle/recompute_inputs/xyz/pqr_0225.xyz,runs/pqr_full_domain_moe_qm9_cycle/recompute_inputs/gaussian_gjf/pqr_0225.gjf,runs/pqr_full_domain_moe_qm9_cycle/recompute_inputs/orca_inp/pqr_0225.inp
pqr_0226,CC1(C)C[C@H](O)CC(C)(C)[N@H+]1OOC(=O)CCN1CC1,charged_or_radical,9.588,7.0184723630181605,2.7828074618448717,low_confidence,1,1,runs/pqr_full_domain_moe_qm9_cycle/recompute_inputs/xyz/pqr_0226.xyz,runs/pqr_full_domain_moe_qm9_cycle/recompute_inputs/gaussian_gjf/pqr_0226.gjf,runs/pqr_full_domain_moe_qm9_cycle/recompute_inputs/orca_inp/pqr_0226.inp
pqr_0227,N[C@H]1NC(=O)[C@H]2NCN(CC[C@@H](O)CO)[C@@H]2[NH2+]1,charged_or_radical,9.014,6.936583472698167,3.366250775883925,low_confidence,1,1,runs/pqr_full_domain_moe_qm9_cycle/recompute_inputs/xyz/pqr_0227.xyz,runs/pqr_full_domain_moe_qm9_cycle/recompute_inputs/gaussian_gjf/pqr_0227.gjf,runs/pqr_full_domain_moe_qm9_cycle/recompute_inputs/orca_inp/pqr_0227.inp
pqr_0228,CC(C)C[N@@H+](O)[C@@H]1C[C@H]1C,charged_or_radical,14.356000000000002,8.858009602392764,0.9488884901675334,low_confidence,1,1,runs/pqr_full_domain_moe_qm9_cycle/recompute_inputs/xyz/pqr_0228.xyz,runs/pqr_full_domain_moe_qm9_cycle/recompute_inputs/gaussian_gjf/pqr_0228.gjf,runs/pqr_full_domain_moe_qm9_cycle/recompute_inputs/orca_inp/pqr_0228.inp
pqr_0229,CC(C)CC[N@H+](O)C(C)(C)C,charged_or_radical,14.422,8.869537927300893,0.5877600613315046,low_confidence,1,1,runs/pqr_full_domain_moe_qm9_cycle/recompute_inputs/xyz/pqr_0229.xyz,runs/pqr_full_domain_moe_qm9_cycle/recompute_inputs/gaussian_gjf/pqr_0229.gjf,runs/pqr_full_domain_moe_qm9_cycle/recompute_inputs/orca_inp/pqr_0229.inp
pqr_0230,N=C1S[C@@H]2CCCC[C@@H]2C2=NCCC[N+]12,charged_or_radical,11.078,6.831428850163373,1.2871031949721434,low_confidence,1,2,runs/pqr_full_domain_moe_qm9_cycle/recompute_inputs/xyz/pqr_0230.xyz,runs/pqr_full_domain_moe_qm9_cycle/recompute_inputs/gaussian_gjf/pqr_0230.gjf,runs/pqr_full_domain_moe_qm9_cycle/recompute_inputs/orca_inp/pqr_0230.inp
pqr_0231,CCCC(C)(C)[N@H+](O)CCC(C)C,charged_or_radical,14.416,8.854191071668552,0.5805276445457181,low_confidence,1,1,runs/pqr_full_domain_moe_qm9_cycle/recompute_inputs/xyz/pqr_0231.xyz,runs/pqr_full_domain_moe_qm9_cycle/recompute_inputs/gaussian_gjf/pqr_0231.gjf,runs/pqr_full_domain_moe_qm9_cycle/recompute_inputs/orca_inp/pqr_0231.inp
pqr_0232,O=C1NC[NH2+][C@@H]2[C@@H]1NCN2[C@@H]1C[C@H](CO)[C@H](O)[C@H]1O,charged_or_radical,8.807,6.947450448771402,3.534017079846853,low_confidence,1,1,runs/pqr_full_domain_moe_qm9_cycle/recompute_inputs/xyz/pqr_0232.xyz,runs/pqr_full_domain_moe_qm9_cycle/recompute_inputs/gaussian_gjf/pqr_0232.gjf,runs/pqr_full_domain_moe_qm9_cycle/recompute_inputs/orca_inp/pqr_0232.inp
pqr_0233,C[N+]1(C)[C@H](CSS(O)(O)O)C[S]1S(O)(O)O,charged_or_radical,7.138,8.11665836369504,5.352411543627747,low_confidence,1,2,runs/pqr_full_domain_moe_qm9_cycle/recompute_inputs/xyz/pqr_0233.xyz,runs/pqr_full_domain_moe_qm9_cycle/recompute_inputs/gaussian_gjf/pqr_0233.gjf,runs/pqr_full_domain_moe_qm9_cycle/recompute_inputs/orca_inp/pqr_0233.inp
pqr_0234,C[N@@H+](O)C(C)(C)C,charged_or_radical,14.445,8.975134858941257,1.1495359218277876,low_confidence,1,1,runs/pqr_full_domain_moe_qm9_cycle/recompute_inputs/xyz/pqr_0234.xyz,runs/pqr_full_domain_moe_qm9_cycle/recompute_inputs/gaussian_gjf/pqr_0234.gjf,runs/pqr_full_domain_moe_qm9_cycle/recompute_inputs/orca_inp/pqr_0234.inp
pqr_0235,C[N@H+]1CNC(=N)[C@@H]2NCN([C@H]3C[C@H](O)[C@@H](CO)O3)[C@@H]21,charged_or_radical,8.409,6.889080346578811,3.6027241058622987,low_confidence,1,1,runs/pqr_full_domain_moe_qm9_cycle/recompute_inputs/xyz/pqr_0235.xyz,runs/pqr_full_domain_moe_qm9_cycle/recompute_inputs/gaussian_gjf/pqr_0235.gjf,runs/pqr_full_domain_moe_qm9_cycle/recompute_inputs/orca_inp/pqr_0235.inp
pqr_0236,C[C@@H]1CC[C@H]1[N@@H+](C)O,charged_or_radical,14.436,8.779403570329409,1.28610075766764,low_confidence,1,1,runs/pqr_full_domain_moe_qm9_cycle/recompute_inputs/xyz/pqr_0236.xyz,runs/pqr_full_domain_moe_qm9_cycle/recompute_inputs/gaussian_gjf/pqr_0236.gjf,runs/pqr_full_domain_moe_qm9_cycle/recompute_inputs/orca_inp/pqr_0236.inp
pqr_0237,N[C@@H]1NC(=O)[C@@H]2[C@@H](CN[C@@H]3[C@@H](O)[C@@H](O)[C@@H]4O[C@H]34)CN([C@@H]3O[C@H](CO)[C@@H](O)[C@H]3O)[C@H]2[NH2+]1,charged_or_radical,11.657,7.522277704909747,0.5270359111701843,low_confidence,1,1,runs/pqr_full_domain_moe_qm9_cycle/recompute_inputs/xyz/pqr_0237.xyz,runs/pqr_full_domain_moe_qm9_cycle/recompute_inputs/gaussian_gjf/pqr_0237.gjf,runs/pqr_full_domain_moe_qm9_cycle/recompute_inputs/orca_inp/pqr_0237.inp
pqr_0238,C[C@@H]1CC[C@@H]1[N@H+](O)[C@H]1C[C@@H]1C,charged_or_radical,14.233,8.843766388611805,1.2050046733453676,low_confidence,1,1,runs/pqr_full_domain_moe_qm9_cycle/recompute_inputs/xyz/pqr_0238.xyz,runs/pqr_full_domain_moe_qm9_cycle/recompute_inputs/gaussian_gjf/pqr_0238.gjf,runs/pqr_full_domain_moe_qm9_cycle/recompute_inputs/orca_inp/pqr_0238.inp
pqr_0239,CCC(C)(C)C[N@@H+](O)[C@@H]1CCC1(C)C,charged_or_radical,14.381,8.820927568327438,0.8990712642173797,low_confidence,1,1,runs/pqr_full_domain_moe_qm9_cycle/recompute_inputs/xyz/pqr_0239.xyz,runs/pqr_full_domain_moe_qm9_cycle/recompute_inputs/gaussian_gjf/pqr_0239.gjf,runs/pqr_full_domain_moe_qm9_cycle/recompute_inputs/orca_inp/pqr_0239.inp
pqr_0240,CC[N@@H+](O)C1CCC1,charged_or_radical,14.429,8.860588613105584,1.2163077770116448,low_confidence,1,1,runs/pqr_full_domain_moe_qm9_cycle/recompute_inputs/xyz/pqr_0240.xyz,runs/pqr_full_domain_moe_qm9_cycle/recompute_inputs/gaussian_gjf/pqr_0240.gjf,runs/pqr_full_domain_moe_qm9_cycle/recompute_inputs/orca_inp/pqr_0240.inp
pqr_0241,CO[NH+]C(=N)NCCC[C@H](N)C(=O)O,charged_or_radical,12.936,7.128782076473929,0.9736554467831215,low_confidence,1,2,runs/pqr_full_domain_moe_qm9_cycle/recompute_inputs/xyz/pqr_0241.xyz,runs/pqr_full_domain_moe_qm9_cycle/recompute_inputs/gaussian_gjf/pqr_0241.gjf,runs/pqr_full_domain_moe_qm9_cycle/recompute_inputs/orca_inp/pqr_0241.inp
pqr_0242,CC1([N@H+](O)C2CCCCC2)CC1,charged_or_radical,14.056,8.81374517500962,0.8908191850142533,low_confidence,1,1,runs/pqr_full_domain_moe_qm9_cycle/recompute_inputs/xyz/pqr_0242.xyz,runs/pqr_full_domain_moe_qm9_cycle/recompute_inputs/gaussian_gjf/pqr_0242.gjf,runs/pqr_full_domain_moe_qm9_cycle/recompute_inputs/orca_inp/pqr_0242.inp
pqr_0243,C[C@H]1C[C@@H]1[N@H+](O)C(C)(C)C,charged_or_radical,14.239,8.795488550816609,0.6839898056903042,low_confidence,1,1,runs/pqr_full_domain_moe_qm9_cycle/recompute_inputs/xyz/pqr_0243.xyz,runs/pqr_full_domain_moe_qm9_cycle/recompute_inputs/gaussian_gjf/pqr_0243.gjf,runs/pqr_full_domain_moe_qm9_cycle/recompute_inputs/orca_inp/pqr_0243.inp
pqr_0244,C[N+](C)(C)C[C@H](CC(=O)O)OC(=O)C1CCC1,charged_or_radical,8.030000000000001,6.953762777837373,3.849387018402947,low_confidence,1,1,runs/pqr_full_domain_moe_qm9_cycle/recompute_inputs/xyz/pqr_0244.xyz,runs/pqr_full_domain_moe_qm9_cycle/recompute_inputs/gaussian_gjf/pqr_0244.gjf,runs/pqr_full_domain_moe_qm9_cycle/recompute_inputs/orca_inp/pqr_0244.inp
pqr_0245,C[N+](C)(C)C[C@H](O)CC(=O)O,charged_or_radical,11.463,7.134136796387454,0.8859220316011331,low_confidence,1,1,runs/pqr_full_domain_moe_qm9_cycle/recompute_inputs/xyz/pqr_0245.xyz,runs/pqr_full_domain_moe_qm9_cycle/recompute_inputs/gaussian_gjf/pqr_0245.gjf,runs/pqr_full_domain_moe_qm9_cycle/recompute_inputs/orca_inp/pqr_0245.inp
pqr_0246,C[N+](C)(C)CCSC[C@H](N)C(=O)O,charged_or_radical,10.83,7.049114099929094,1.6230307591351902,low_confidence,1,1,runs/pqr_full_domain_moe_qm9_cycle/recompute_inputs/xyz/pqr_0246.xyz,runs/pqr_full_domain_moe_qm9_cycle/recompute_inputs/gaussian_gjf/pqr_0246.gjf,runs/pqr_full_domain_moe_qm9_cycle/recompute_inputs/orca_inp/pqr_0246.inp
pqr_0247,O=C1N[C@H]2CCCN[C@H]2[NH2+][C@H]2CCCC[C@@H]12,charged_or_radical,10.921,6.9673166405831,1.430365181511327,low_confidence,1,1,runs/pqr_full_domain_moe_qm9_cycle/recompute_inputs/xyz/pqr_0247.xyz,runs/pqr_full_domain_moe_qm9_cycle/recompute_inputs/gaussian_gjf/pqr_0247.gjf,runs/pqr_full_domain_moe_qm9_cycle/recompute_inputs/orca_inp/pqr_0247.inp
pqr_0248,C[C@@H]1[C@@H](C(=O)NCCO)[N+](O)[C@H]2CCCC[C@@H]2[N+]1O,charged_or_radical,6.902000000000001,7.180010547653496,5.588916937730094,low_confidence,2,3,runs/pqr_full_domain_moe_qm9_cycle/recompute_inputs/xyz/pqr_0248.xyz,runs/pqr_full_domain_moe_qm9_cycle/recompute_inputs/gaussian_gjf/pqr_0248.gjf,runs/pqr_full_domain_moe_qm9_cycle/recompute_inputs/orca_inp/pqr_0248.inp
pqr_0249,CCCCC[N@@H+](O)[C@H]1C[C@@H]1C,charged_or_radical,14.395,8.919822282131687,1.0284741848327863,low_confidence,1,1,runs/pqr_full_domain_moe_qm9_cycle/recompute_inputs/xyz/pqr_0249.xyz,runs/pqr_full_domain_moe_qm9_cycle/recompute_inputs/gaussian_gjf/pqr_0249.gjf,runs/pqr_full_domain_moe_qm9_cycle/recompute_inputs/orca_inp/pqr_0249.inp
pqr_0250,O=C(NCc1ccc2c(c1)OCO2)[C@H]1Cc2c(sc3ccccc23)CN1,heteroatom_rich_non_qm9,10.956,5.658259487901591,0.1236865297816134,low_confidence,0,1,runs/pqr_full_domain_moe_qm9_cycle/recompute_inputs/xyz/pqr_0250.xyz,runs/pqr_full_domain_moe_qm9_cycle/recompute_inputs/gaussian_gjf/pqr_0250.gjf,runs/pqr_full_domain_moe_qm9_cycle/recompute_inputs/orca_inp/pqr_0250.inp
pqr_0251,CN(C)[C@H]1C[C@@H](c2ccc(Br)cc2)c2ccccc21,heteroatom_rich_non_qm9,8.832,5.67030132818536,1.0381468226664197,low_confidence,0,1,runs/pqr_full_domain_moe_qm9_cycle/recompute_inputs/xyz/pqr_0251.xyz,runs/pqr_full_domain_moe_qm9_cycle/recompute_inputs/gaussian_gjf/pqr_0251.gjf,runs/pqr_full_domain_moe_qm9_cycle/recompute_inputs/orca_inp/pqr_0251.inp
pqr_0252,COc1ccc2c(c1)c(CC(=O)NCCc1ccccc1)c(C)n2C(=O)c1ccc(Cl)cc1,heteroatom_rich_non_qm9,7.706,5.5912835437929616,3.2787006092872675,low_confidence,0,1,runs/pqr_full_domain_moe_qm9_cycle/recompute_inputs/xyz/pqr_0252.xyz,runs/pqr_full_domain_moe_qm9_cycle/recompute_inputs/gaussian_gjf/pqr_0252.gjf,runs/pqr_full_domain_moe_qm9_cycle/recompute_inputs/orca_inp/pqr_0252.inp
pqr_0253,COc1cc(Cl)c(OC)cc1N,heteroatom_rich_non_qm9,8.043000000000001,5.642266573656284,2.060442649662781,low_confidence,0,1,runs/pqr_full_domain_moe_qm9_cycle/recompute_inputs/xyz/pqr_0253.xyz,runs/pqr_full_domain_moe_qm9_cycle/recompute_inputs/gaussian_gjf/pqr_0253.gjf,runs/pqr_full_domain_moe_qm9_cycle/recompute_inputs/orca_inp/pqr_0253.inp
pqr_0254,C=NNc1cccc(Cl)c1,heteroatom_rich_non_qm9,8.166,5.383848074402088,1.7711722091879611,low_confidence,0,1,runs/pqr_full_domain_moe_qm9_cycle/recompute_inputs/xyz/pqr_0254.xyz,runs/pqr_full_domain_moe_qm9_cycle/recompute_inputs/gaussian_gjf/pqr_0254.gjf,runs/pqr_full_domain_moe_qm9_cycle/recompute_inputs/orca_inp/pqr_0254.inp
pqr_0255,O=C1c2ccccc2C(=O)N1Br,heteroatom_rich_non_qm9,11.193,5.281906463556347,0.1377337388606179,low_confidence,0,1,runs/pqr_full_domain_moe_qm9_cycle/recompute_inputs/xyz/pqr_0255.xyz,runs/pqr_full_domain_moe_qm9_cycle/recompute_inputs/gaussian_gjf/pqr_0255.gjf,runs/pqr_full_domain_moe_qm9_cycle/recompute_inputs/orca_inp/pqr_0255.inp
pqr_0256,C[C@]12CC[C@H]3[C@@H](CCC4=CC(=O)CC[C@@]43C)[C@@H]1CC[C@@H]2C(=O)CCl,heteroatom_rich_non_qm9,9.771,5.401059672899553,2.521294183360995,low_confidence,0,1,runs/pqr_full_domain_moe_qm9_cycle/recompute_inputs/xyz/pqr_0256.xyz,runs/pqr_full_domain_moe_qm9_cycle/recompute_inputs/gaussian_gjf/pqr_0256.gjf,runs/pqr_full_domain_moe_qm9_cycle/recompute_inputs/orca_inp/pqr_0256.inp
pqr_0257,Clc1c2ccccc2cc2ccccc12,heteroatom_rich_non_qm9,7.151000000000001,5.3456119152621575,2.7057728155523675,low_confidence,0,1,runs/pqr_full_domain_moe_qm9_cycle/recompute_inputs/xyz/pqr_0257.xyz,runs/pqr_full_domain_moe_qm9_cycle/recompute_inputs/gaussian_gjf/pqr_0257.gjf,runs/pqr_full_domain_moe_qm9_cycle/recompute_inputs/orca_inp/pqr_0257.inp
pqr_0258,NNC(=S)Nc1ccc(Cl)cc1,heteroatom_rich_non_qm9,10.841,5.478354000603556,0.76444225528601,low_confidence,0,1,runs/pqr_full_domain_moe_qm9_cycle/recompute_inputs/xyz/pqr_0258.xyz,runs/pqr_full_domain_moe_qm9_cycle/recompute_inputs/gaussian_gjf/pqr_0258.gjf,runs/pqr_full_domain_moe_qm9_cycle/recompute_inputs/orca_inp/pqr_0258.inp
pqr_0259,O=C(O)C[S@](=O)C(c1ccccc1)c1ccccc1,heteroatom_rich_non_qm9,8.67,5.443089463462874,2.243360822473752,low_confidence,0,1,runs/pqr_full_domain_moe_qm9_cycle/recompute_inputs/xyz/pqr_0259.xyz,runs/pqr_full_domain_moe_qm9_cycle/recompute_inputs/gaussian_gjf/pqr_0259.gjf,runs/pqr_full_domain_moe_qm9_cycle/recompute_inputs/orca_inp/pqr_0259.inp
pqr_0260,O=[S@](O)CNc1ccc(S(=O)(=O)c2ccc(NC[S@](=O)O)cc2)cc1,heteroatom_rich_non_qm9,8.568999999999999,5.579561906404005,2.0658531629342605,low_confidence,0,1,runs/pqr_full_domain_moe_qm9_cycle/recompute_inputs/xyz/pqr_0260.xyz,runs/pqr_full_domain_moe_qm9_cycle/recompute_inputs/gaussian_gjf/pqr_0260.gjf,runs/pqr_full_domain_moe_qm9_cycle/recompute_inputs/orca_inp/pqr_0260.inp
pqr_0261,Nc1c(C(=O)Nc2cccc(F)c2)sc2nc(-c3cccs3)ccc12,heteroatom_rich_non_qm9,6.42,5.447931157784357,4.467301428444571,low_confidence,0,1,runs/pqr_full_domain_moe_qm9_cycle/recompute_inputs/xyz/pqr_0261.xyz,runs/pqr_full_domain_moe_qm9_cycle/recompute_inputs/gaussian_gjf/pqr_0261.gjf,runs/pqr_full_domain_moe_qm9_cycle/recompute_inputs/orca_inp/pqr_0261.inp
pqr_0262,NS(=O)(=O)c1cccc(-c2[nH]nc3ccc(NC(=O)Cc4ccccc4)cc23)c1,heteroatom_rich_non_qm9,7.167,5.615838200143358,3.7749511517295833,low_confidence,0,1,runs/pqr_full_domain_moe_qm9_cycle/recompute_inputs/xyz/pqr_0262.xyz,runs/pqr_full_domain_moe_qm9_cycle/recompute_inputs/gaussian_gjf/pqr_0262.gjf,runs/pqr_full_domain_moe_qm9_cycle/recompute_inputs/orca_inp/pqr_0262.inp
pqr_0263,CCNC(=O)c1cc2c(-c3ccc(Cl)cc3Cl)nc(N)nc2s1,heteroatom_rich_non_qm9,7.751,5.557631650874394,2.99510181372788,low_confidence,0,1,runs/pqr_full_domain_moe_qm9_cycle/recompute_inputs/xyz/pqr_0263.xyz,runs/pqr_full_domain_moe_qm9_cycle/recompute_inputs/gaussian_gjf/pqr_0263.gjf,runs/pqr_full_domain_moe_qm9_cycle/recompute_inputs/orca_inp/pqr_0263.inp
pqr_0264,N#CC(C#N)=NNCc1ccc(Cl)cc1,heteroatom_rich_non_qm9,8.606,5.654853186164412,1.8152804808321896,low_confidence,0,1,runs/pqr_full_domain_moe_qm9_cycle/recompute_inputs/xyz/pqr_0264.xyz,runs/pqr_full_domain_moe_qm9_cycle/recompute_inputs/gaussian_gjf/pqr_0264.gjf,runs/pqr_full_domain_moe_qm9_cycle/recompute_inputs/orca_inp/pqr_0264.inp
pqr_0265,c1ccc(-c2cc(SSc3cc(-c4ccccc4)sn3)ns2)cc1,heteroatom_rich_non_qm9,9.37,5.512549564956792,0.7847297873199715,low_confidence,0,1,runs/pqr_full_domain_moe_qm9_cycle/recompute_inputs/xyz/pqr_0265.xyz,runs/pqr_full_domain_moe_qm9_cycle/recompute_inputs/gaussian_gjf/pqr_0265.gjf,runs/pqr_full_domain_moe_qm9_cycle/recompute_inputs/orca_inp/pqr_0265.inp
pqr_0266,O=C(O)c1cc(CCc2ccc(Cl)cc2)c[nH]1,heteroatom_rich_non_qm9,8.792,5.5684535579975005,2.0102036367492673,low_confidence,0,1,runs/pqr_full_domain_moe_qm9_cycle/recompute_inputs/xyz/pqr_0266.xyz,runs/pqr_full_domain_moe_qm9_cycle/recompute_inputs/gaussian_gjf/pqr_0266.gjf,runs/pqr_full_domain_moe_qm9_cycle/recompute_inputs/orca_inp/pqr_0266.inp
pqr_0267,O=S(=O)(c1ccccc1)C(F)S(=O)(=O)c1ccccc1,heteroatom_rich_non_qm9,9.693,5.535400100850882,0.9161071422752548,low_confidence,0,1,runs/pqr_full_domain_moe_qm9_cycle/recompute_inputs/xyz/pqr_0267.xyz,runs/pqr_full_domain_moe_qm9_cycle/recompute_inputs/gaussian_gjf/pqr_0267.gjf,runs/pqr_full_domain_moe_qm9_cycle/recompute_inputs/orca_inp/pqr_0267.inp
pqr_0268,O=C(O)CCc1ccc(-c2ccc(Cl)cc2)o1,heteroatom_rich_non_qm9,8.056,5.42492243171133,3.045159301578789,low_confidence,0,1,runs/pqr_full_domain_moe_qm9_cycle/recompute_inputs/xyz/pqr_0268.xyz,runs/pqr_full_domain_moe_qm9_cycle/recompute_inputs/gaussian_gjf/pqr_0268.gjf,runs/pqr_full_domain_moe_qm9_cycle/recompute_inputs/orca_inp/pqr_0268.inp
pqr_0269,CC(C)c1ccc(-c2cc(C(=O)Cl)c3ccccc3n2)cc1,heteroatom_rich_non_qm9,10.848,5.342080486230406,0.3045211076968304,low_confidence,0,1,runs/pqr_full_domain_moe_qm9_cycle/recompute_inputs/xyz/pqr_0269.xyz,runs/pqr_full_domain_moe_qm9_cycle/recompute_inputs/gaussian_gjf/pqr_0269.gjf,runs/pqr_full_domain_moe_qm9_cycle/recompute_inputs/orca_inp/pqr_0269.inp
pqr_0270,O=C(c1ccc(Cl)cc1)c1cc(NC(=O)c2cc(I)cc(I)c2O)ccc1Cl,heteroatom_rich_non_qm9,7.431000000000001,5.369267793440781,3.4802197637412355,low_confidence,0,1,runs/pqr_full_domain_moe_qm9_cycle/recompute_inputs/xyz/pqr_0270.xyz,runs/pqr_full_domain_moe_qm9_cycle/recompute_inputs/gaussian_gjf/pqr_0270.gjf,runs/pqr_full_domain_moe_qm9_cycle/recompute_inputs/orca_inp/pqr_0270.inp
pqr_0271,NS(=O)(=O)c1ccc(C(=O)NCc2c(F)c(F)c(F)c(F)c2F)cc1,heteroatom_rich_non_qm9,8.541,5.54458749427797,2.485878594078116,low_confidence,0,1,runs/pqr_full_domain_moe_qm9_cycle/recompute_inputs/xyz/pqr_0271.xyz,runs/pqr_full_domain_moe_qm9_cycle/recompute_inputs/gaussian_gjf/pqr_0271.gjf,runs/pqr_full_domain_moe_qm9_cycle/recompute_inputs/orca_inp/pqr_0271.inp
pqr_0272,Nc1nc2ccccc2n1Cc1ccc(Cl)c(Cl)c1,heteroatom_rich_non_qm9,10.792,5.562338946120649,0.5012528365528262,low_confidence,0,1,runs/pqr_full_domain_moe_qm9_cycle/recompute_inputs/xyz/pqr_0272.xyz,runs/pqr_full_domain_moe_qm9_cycle/recompute_inputs/gaussian_gjf/pqr_0272.gjf,runs/pqr_full_domain_moe_qm9_cycle/recompute_inputs/orca_inp/pqr_0272.inp
pqr_0273,CO[C@]1(CO)Nc2cc(Br)ccc2C1=O,heteroatom_rich_non_qm9,8.07,5.616031861620206,2.708909121450805,low_confidence,0,1,runs/pqr_full_domain_moe_qm9_cycle/recompute_inputs/xyz/pqr_0273.xyz,runs/pqr_full_domain_moe_qm9_cycle/recompute_inputs/gaussian_gjf/pqr_0273.gjf,runs/pqr_full_domain_moe_qm9_cycle/recompute_inputs/orca_inp/pqr_0273.inp
pqr_0274,N#Cc1ccc(C(=O)c2ccc(S[C@@H]3SC[C@@H](O)[C@H](O)[C@H]3O)cc2)cc1,heteroatom_rich_non_qm9,7.354,5.617404595077998,3.5319181567752453,low_confidence,0,1,runs/pqr_full_domain_moe_qm9_cycle/recompute_inputs/xyz/pqr_0274.xyz,runs/pqr_full_domain_moe_qm9_cycle/recompute_inputs/gaussian_gjf/pqr_0274.gjf,runs/pqr_full_domain_moe_qm9_cycle/recompute_inputs/orca_inp/pqr_0274.inp
pqr_0275,COC(=O)c1ccccc1[C@H]1c2ccc(N)cc2Oc2c1ccc(N)c2I,heteroatom_rich_non_qm9,8.112,5.545813250866077,2.626118869496528,low_confidence,0,1,runs/pqr_full_domain_moe_qm9_cycle/recompute_inputs/xyz/pqr_0275.xyz,runs/pqr_full_domain_moe_qm9_cycle/recompute_inputs/gaussian_gjf/pqr_0275.gjf,runs/pqr_full_domain_moe_qm9_cycle/recompute_inputs/orca_inp/pqr_0275.inp
pqr_0276,c1cnc2ccsc2c1,heteroatom_rich_non_qm9,10.996,5.369680660092257,1.5639777276064812,low_confidence,0,1,runs/pqr_full_domain_moe_qm9_cycle/recompute_inputs/xyz/pqr_0276.xyz,runs/pqr_full_domain_moe_qm9_cycle/recompute_inputs/gaussian_gjf/pqr_0276.gjf,runs/pqr_full_domain_moe_qm9_cycle/recompute_inputs/orca_inp/pqr_0276.inp
pqr_0277,COc1ccc(CC(=O)c2cc(Cl)c(O)cc2O)cc1,heteroatom_rich_non_qm9,10.941,5.468515590992147,0.1806919473953492,low_confidence,0,1,runs/pqr_full_domain_moe_qm9_cycle/recompute_inputs/xyz/pqr_0277.xyz,runs/pqr_full_domain_moe_qm9_cycle/recompute_inputs/gaussian_gjf/pqr_0277.gjf,runs/pqr_full_domain_moe_qm9_cycle/recompute_inputs/orca_inp/pqr_0277.inp
pqr_0278,CNc1nc2ccc(-c3c(C)ccc(C(=O)c4c(-c5ccccc5)n(C)n(-c5ccccc5)c4=O)c3N)cc2s1,heteroatom_rich_non_qm9,7.504,5.453900814404449,3.32356031643499,low_confidence,0,1,runs/pqr_full_domain_moe_qm9_cycle/recompute_inputs/xyz/pqr_0278.xyz,runs/pqr_full_domain_moe_qm9_cycle/recompute_inputs/gaussian_gjf/pqr_0278.gjf,runs/pqr_full_domain_moe_qm9_cycle/recompute_inputs/orca_inp/pqr_0278.inp
pqr_0279,O=C[C@H](c1ccc(-c2ccc([C@@H](C=O)N(CCCl)CCCl)cc2)cc1)N(CCCl)CCCl,heteroatom_rich_non_qm9,8.856,5.616640361524016,2.231266799359828,low_confidence,0,1,runs/pqr_full_domain_moe_qm9_cycle/recompute_inputs/xyz/pqr_0279.xyz,runs/pqr_full_domain_moe_qm9_cycle/recompute_inputs/gaussian_gjf/pqr_0279.gjf,runs/pqr_full_domain_moe_qm9_cycle/recompute_inputs/orca_inp/pqr_0279.inp
pqr_0280,Cc1csc(NC(=O)CSc2ccc(-c3ccccc3)nn2)n1,heteroatom_rich_non_qm9,7.034,5.525694080815311,4.03415570907825,low_confidence,0,1,runs/pqr_full_domain_moe_qm9_cycle/recompute_inputs/xyz/pqr_0280.xyz,runs/pqr_full_domain_moe_qm9_cycle/recompute_inputs/gaussian_gjf/pqr_0280.gjf,runs/pqr_full_domain_moe_qm9_cycle/recompute_inputs/orca_inp/pqr_0280.inp
pqr_0281,Clc1ccc2c(c1)oc1ccccc12,heteroatom_rich_non_qm9,8.284,5.320318748105094,2.17820121616416,low_confidence,0,1,runs/pqr_full_domain_moe_qm9_cycle/recompute_inputs/xyz/pqr_0281.xyz,runs/pqr_full_domain_moe_qm9_cycle/recompute_inputs/gaussian_gjf/pqr_0281.gjf,runs/pqr_full_domain_moe_qm9_cycle/recompute_inputs/orca_inp/pqr_0281.inp
pqr_0282,O=C1C(O)=CC=C/C1=C1\N[C@H](C(=O)N(O)CCc2cnc[nH]2)CS1,heteroatom_rich_non_qm9,7.187999999999999,5.59018226258071,3.987334659721854,low_confidence,0,1,runs/pqr_full_domain_moe_qm9_cycle/recompute_inputs/xyz/pqr_0282.xyz,runs/pqr_full_domain_moe_qm9_cycle/recompute_inputs/gaussian_gjf/pqr_0282.gjf,runs/pqr_full_domain_moe_qm9_cycle/recompute_inputs/orca_inp/pqr_0282.inp
pqr_0283,O=C1C=CC=C/C1=C\NNC(=S)N/N=C(\c1ccccc1)c1ccccn1,heteroatom_rich_non_qm9,7.122000000000001,5.363504822511514,3.748640975723432,low_confidence,0,1,runs/pqr_full_domain_moe_qm9_cycle/recompute_inputs/xyz/pqr_0283.xyz,runs/pqr_full_domain_moe_qm9_cycle/recompute_inputs/gaussian_gjf/pqr_0283.gjf,runs/pqr_full_domain_moe_qm9_cycle/recompute_inputs/orca_inp/pqr_0283.inp
pqr_0284,Nc1c(O)cc(Cc2cc(Cl)c(N)c(OS(=O)(=O)O)c2)cc1Cl,heteroatom_rich_non_qm9,7.538,5.665827584107566,3.1391693537200105,low_confidence,0,1,runs/pqr_full_domain_moe_qm9_cycle/recompute_inputs/xyz/pqr_0284.xyz,runs/pqr_full_domain_moe_qm9_cycle/recompute_inputs/gaussian_gjf/pqr_0284.gjf,runs/pqr_full_domain_moe_qm9_cycle/recompute_inputs/orca_inp/pqr_0284.inp
pqr_0285,Cc1nc2ccccc2n1S(=O)(=O)c1cc([N+](=O)[O-])ccc1Cl,heteroatom_rich_non_qm9,6.86,5.416568969799044,4.158020976085239,low_confidence,0,1,runs/pqr_full_domain_moe_qm9_cycle/recompute_inputs/xyz/pqr_0285.xyz,runs/pqr_full_domain_moe_qm9_cycle/recompute_inputs/gaussian_gjf/pqr_0285.gjf,runs/pqr_full_domain_moe_qm9_cycle/recompute_inputs/orca_inp/pqr_0285.inp
pqr_0286,O=C(c1ccc(OCCN2CCCC2)nc1)c1c(-c2ccc(OCCN3CCCC3)cc2)sc2ccccc12,heteroatom_rich_non_qm9,7.484,5.6520772578394975,3.632241786822648,low_confidence,0,1,runs/pqr_full_domain_moe_qm9_cycle/recompute_inputs/xyz/pqr_0286.xyz,runs/pqr_full_domain_moe_qm9_cycle/recompute_inputs/gaussian_gjf/pqr_0286.gjf,runs/pqr_full_domain_moe_qm9_cycle/recompute_inputs/orca_inp/pqr_0286.inp
pqr_0287,O=C1O/C(=C\Br)CC[C@@H]1c1ccccc1,heteroatom_rich_non_qm9,12.099,5.524145469844691,0.9771377255878892,low_confidence,0,1,runs/pqr_full_domain_moe_qm9_cycle/recompute_inputs/xyz/pqr_0287.xyz,runs/pqr_full_domain_moe_qm9_cycle/recompute_inputs/gaussian_gjf/pqr_0287.gjf,runs/pqr_full_domain_moe_qm9_cycle/recompute_inputs/orca_inp/pqr_0287.inp
pqr_0288,Sc1cccc2cccc(S)c12,heteroatom_rich_non_qm9,6.49,5.519471454095086,3.053093262535244,low_confidence,0,1,runs/pqr_full_domain_moe_qm9_cycle/recompute_inputs/xyz/pqr_0288.xyz,runs/pqr_full_domain_moe_qm9_cycle/recompute_inputs/gaussian_gjf/pqr_0288.gjf,runs/pqr_full_domain_moe_qm9_cycle/recompute_inputs/orca_inp/pqr_0288.inp
pqr_0289,O=c1[nH]c2cc(C(F)(F)F)cc(Cl)c2[nH]c1=O,heteroatom_rich_non_qm9,7.930999999999999,5.574711278817485,2.916468567093231,low_confidence,0,1,runs/pqr_full_domain_moe_qm9_cycle/recompute_inputs/xyz/pqr_0289.xyz,runs/pqr_full_domain_moe_qm9_cycle/recompute_inputs/gaussian_gjf/pqr_0289.gjf,runs/pqr_full_domain_moe_qm9_cycle/recompute_inputs/orca_inp/pqr_0289.inp
pqr_0290,N=C(N)c1ccc(C[P@@](=O)(O)Oc2ccccc2)cc1,heteroatom_rich_non_qm9,8.431000000000001,5.606263586045493,2.352935141935797,low_confidence,0,1,runs/pqr_full_domain_moe_qm9_cycle/recompute_inputs/xyz/pqr_0290.xyz,runs/pqr_full_domain_moe_qm9_cycle/recompute_inputs/gaussian_gjf/pqr_0290.gjf,runs/pqr_full_domain_moe_qm9_cycle/recompute_inputs/orca_inp/pqr_0290.inp
pqr_0291,O=C(O)c1ccc(O)c(I)c1,heteroatom_rich_non_qm9,11.224,5.565796861546189,0.0409847729601473,low_confidence,0,1,runs/pqr_full_domain_moe_qm9_cycle/recompute_inputs/xyz/pqr_0291.xyz,runs/pqr_full_domain_moe_qm9_cycle/recompute_inputs/gaussian_gjf/pqr_0291.gjf,runs/pqr_full_domain_moe_qm9_cycle/recompute_inputs/orca_inp/pqr_0291.inp
pqr_0292,NS(=O)(=O)c1cccc2cnccc12,heteroatom_rich_non_qm9,11.339,5.3081166378218185,0.4980262083601339,low_confidence,0,1,runs/pqr_full_domain_moe_qm9_cycle/recompute_inputs/xyz/pqr_0292.xyz,runs/pqr_full_domain_moe_qm9_cycle/recompute_inputs/gaussian_gjf/pqr_0292.gjf,runs/pqr_full_domain_moe_qm9_cycle/recompute_inputs/orca_inp/pqr_0292.inp
pqr_0293,NS(=O)(=O)c1cc2c(cc1Cl)NC=NS2(=O)=O,heteroatom_rich_non_qm9,8.685,5.665376648439969,2.1962439852146964,low_confidence,0,1,runs/pqr_full_domain_moe_qm9_cycle/recompute_inputs/xyz/pqr_0293.xyz,runs/pqr_full_domain_moe_qm9_cycle/recompute_inputs/gaussian_gjf/pqr_0293.gjf,runs/pqr_full_domain_moe_qm9_cycle/recompute_inputs/orca_inp/pqr_0293.inp
pqr_0294,Cc1cccc(C)c1NC(=O)c1cc(S(N)(=O)=O)c(Cl)cc1O,heteroatom_rich_non_qm9,7.978999999999999,5.598712992367905,2.9780648459349788,low_confidence,0,1,runs/pqr_full_domain_moe_qm9_cycle/recompute_inputs/xyz/pqr_0294.xyz,runs/pqr_full_domain_moe_qm9_cycle/recompute_inputs/gaussian_gjf/pqr_0294.gjf,runs/pqr_full_domain_moe_qm9_cycle/recompute_inputs/orca_inp/pqr_0294.inp
pqr_0295,N[C@@H](C(=O)O)c1cc(O)ccc1Cl,heteroatom_rich_non_qm9,8.859,5.485679754207988,2.3949015326670153,low_confidence,0,1,runs/pqr_full_domain_moe_qm9_cycle/recompute_inputs/xyz/pqr_0295.xyz,runs/pqr_full_domain_moe_qm9_cycle/recompute_inputs/gaussian_gjf/pqr_0295.gjf,runs/pqr_full_domain_moe_qm9_cycle/recompute_inputs/orca_inp/pqr_0295.inp
pqr_0296,CCCOc1ccc(-c2csc(-c3ccccc3Cl)c2CC(=O)NC(=N)N)cc1,heteroatom_rich_non_qm9,11.205,5.540540836219839,0.0979797667583923,low_confidence,0,1,runs/pqr_full_domain_moe_qm9_cycle/recompute_inputs/xyz/pqr_0296.xyz,runs/pqr_full_domain_moe_qm9_cycle/recompute_inputs/gaussian_gjf/pqr_0296.gjf,runs/pqr_full_domain_moe_qm9_cycle/recompute_inputs/orca_inp/pqr_0296.inp
pqr_0297,O=C1C=CC(O)(c2cc3ccccc3n2S(=O)(=O)c2ccccc2)C=C1,heteroatom_rich_non_qm9,7.712,5.322057326206682,3.460778162596018,low_confidence,0,1,runs/pqr_full_domain_moe_qm9_cycle/recompute_inputs/xyz/pqr_0297.xyz,runs/pqr_full_domain_moe_qm9_cycle/recompute_inputs/gaussian_gjf/pqr_0297.gjf,runs/pqr_full_domain_moe_qm9_cycle/recompute_inputs/orca_inp/pqr_0297.inp
pqr_0298,O=c1oc2ccccc2c(O)c1[C@@H](C[C@H](O)c1ccc(-c2ccc(Br)cc2)cc1)c1ccccc1,heteroatom_rich_non_qm9,11.055,5.5921728355800315,0.2696983405135302,low_confidence,0,1,runs/pqr_full_domain_moe_qm9_cycle/recompute_inputs/xyz/pqr_0298.xyz,runs/pqr_full_domain_moe_qm9_cycle/recompute_inputs/gaussian_gjf/pqr_0298.gjf,runs/pqr_full_domain_moe_qm9_cycle/recompute_inputs/orca_inp/pqr_0298.inp
pqr_0299,Nc1ncnc2c1ncn2Cc1ccccc1NC(=O)CBr,heteroatom_rich_non_qm9,8.488,5.528038912221523,2.4908090480427543,low_confidence,0,1,runs/pqr_full_domain_moe_qm9_cycle/recompute_inputs/xyz/pqr_0299.xyz,runs/pqr_full_domain_moe_qm9_cycle/recompute_inputs/gaussian_gjf/pqr_0299.gjf,runs/pqr_full_domain_moe_qm9_cycle/recompute_inputs/orca_inp/pqr_0299.inp
pqr_0300,CC(=O)SSCc1ccccc1,heteroatom_rich_non_qm9,10.668,5.841417803594575,0.1338784451109038,low_confidence,0,1,runs/pqr_full_domain_moe_qm9_cycle/recompute_inputs/xyz/pqr_0300.xyz,runs/pqr_full_domain_moe_qm9_cycle/recompute_inputs/gaussian_gjf/pqr_0300.gjf,runs/pqr_full_domain_moe_qm9_cycle/recompute_inputs/orca_inp/pqr_0300.inp
pqr_0301,N[C@H](C(=O)O)[C@@H](CC(=O)O)c1ccc(Cl)cc1,heteroatom_rich_non_qm9,12.341,5.872831432427021,1.275849003408597,low_confidence,0,1,runs/pqr_full_domain_moe_qm9_cycle/recompute_inputs/xyz/pqr_0301.xyz,runs/pqr_full_domain_moe_qm9_cycle/recompute_inputs/gaussian_gjf/pqr_0301.gjf,runs/pqr_full_domain_moe_qm9_cycle/recompute_inputs/orca_inp/pqr_0301.inp
pqr_0302,CSCC/C=N/NC(=O)c1ccncc1,heteroatom_rich_non_qm9,7.701,5.744370460908659,3.2684097043069915,low_confidence,0,1,runs/pqr_full_domain_moe_qm9_cycle/recompute_inputs/xyz/pqr_0302.xyz,runs/pqr_full_domain_moe_qm9_cycle/recompute_inputs/gaussian_gjf/pqr_0302.gjf,runs/pqr_full_domain_moe_qm9_cycle/recompute_inputs/orca_inp/pqr_0302.inp
pqr_0303,C[C@H](OC(=O)/C=C/c1ccc(Cl)cc1)C(=O)O,heteroatom_rich_non_qm9,8.484,5.719923839548017,2.249861167112904,low_confidence,0,1,runs/pqr_full_domain_moe_qm9_cycle/recompute_inputs/xyz/pqr_0303.xyz,runs/pqr_full_domain_moe_qm9_cycle/recompute_inputs/gaussian_gjf/pqr_0303.gjf,runs/pqr_full_domain_moe_qm9_cycle/recompute_inputs/orca_inp/pqr_0303.inp
pqr_0304,CCN[C@H](Cc1ccccc1N)c1sccc1C,heteroatom_rich_non_qm9,8.464,5.775528079495093,2.0178742378705277,low_confidence,0,1,runs/pqr_full_domain_moe_qm9_cycle/recompute_inputs/xyz/pqr_0304.xyz,runs/pqr_full_domain_moe_qm9_cycle/recompute_inputs/gaussian_gjf/pqr_0304.gjf,runs/pqr_full_domain_moe_qm9_cycle/recompute_inputs/orca_inp/pqr_0304.inp
pqr_0305,N#Cc1ccc(COC(=O)[C@H]2C[C@]3(CN2)C(=O)Nc2ccccc23)cc1Br,heteroatom_rich_non_qm9,11.067,5.84085015749214,0.1459905784356614,low_confidence,0,1,runs/pqr_full_domain_moe_qm9_cycle/recompute_inputs/xyz/pqr_0305.xyz,runs/pqr_full_domain_moe_qm9_cycle/recompute_inputs/gaussian_gjf/pqr_0305.gjf,runs/pqr_full_domain_moe_qm9_cycle/recompute_inputs/orca_inp/pqr_0305.inp
pqr_0306,CCCCNC(=O)c1ccc(Cl)cc1O,heteroatom_rich_non_qm9,8.732000000000001,5.791612870446383,2.611598684686907,low_confidence,0,1,runs/pqr_full_domain_moe_qm9_cycle/recompute_inputs/xyz/pqr_0306.xyz,runs/pqr_full_domain_moe_qm9_cycle/recompute_inputs/gaussian_gjf/pqr_0306.gjf,runs/pqr_full_domain_moe_qm9_cycle/recompute_inputs/orca_inp/pqr_0306.inp
pqr_0307,CC(=O)NCCSc1ccc(O)cc1,heteroatom_rich_non_qm9,8.202,5.690789840473268,2.7542137844960592,low_confidence,0,1,runs/pqr_full_domain_moe_qm9_cycle/recompute_inputs/xyz/pqr_0307.xyz,runs/pqr_full_domain_moe_qm9_cycle/recompute_inputs/gaussian_gjf/pqr_0307.gjf,runs/pqr_full_domain_moe_qm9_cycle/recompute_inputs/orca_inp/pqr_0307.inp
pqr_0308,CC(C)(O/N=C/c1ccc(Cl)cc1)C(=O)O,heteroatom_rich_non_qm9,11.613,5.78249021831219,0.8071183716594401,low_confidence,0,1,runs/pqr_full_domain_moe_qm9_cycle/recompute_inputs/xyz/pqr_0308.xyz,runs/pqr_full_domain_moe_qm9_cycle/recompute_inputs/gaussian_gjf/pqr_0308.gjf,runs/pqr_full_domain_moe_qm9_cycle/recompute_inputs/orca_inp/pqr_0308.inp
pqr_0309,NCc1ccc(C[C@@H](C[P@@](=O)(O)[C@@H](N)CCc2ccccc2)C(=O)O)cc1,heteroatom_rich_non_qm9,8.692,5.837956100261341,2.4038032441222583,low_confidence,0,1,runs/pqr_full_domain_moe_qm9_cycle/recompute_inputs/xyz/pqr_0309.xyz,runs/pqr_full_domain_moe_qm9_cycle/recompute_inputs/gaussian_gjf/pqr_0309.gjf,runs/pqr_full_domain_moe_qm9_cycle/recompute_inputs/orca_inp/pqr_0309.inp
pqr_0310,Cl[Si]1(Cl)Oc2ccccc2O[Si](Cl)(Cl)Oc2ccccc2O1,heteroatom_rich_non_qm9,8.171,5.916342179742782,2.25256619448756,low_confidence,0,1,runs/pqr_full_domain_moe_qm9_cycle/recompute_inputs/xyz/pqr_0310.xyz,runs/pqr_full_domain_moe_qm9_cycle/recompute_inputs/gaussian_gjf/pqr_0310.gjf,runs/pqr_full_domain_moe_qm9_cycle/recompute_inputs/orca_inp/pqr_0310.inp
pqr_0311,CC(=O)O[C@]1(C(C)=S)[C@@H](C)C[C@H]2[C@@H]3C[C@H](F)C4=CC(=O)C=C[C@]4(C)[C@@]3(F)[C@H](O)C[C@@]21C,heteroatom_rich_non_qm9,7.228999999999999,5.845182243961483,4.557899210728285,low_confidence,0,1,runs/pqr_full_domain_moe_qm9_cycle/recompute_inputs/xyz/pqr_0311.xyz,runs/pqr_full_domain_moe_qm9_cycle/recompute_inputs/gaussian_gjf/pqr_0311.gjf,runs/pqr_full_domain_moe_qm9_cycle/recompute_inputs/orca_inp/pqr_0311.inp
pqr_0312,CN(C)CCCCC(=O)Nc1ccc(NC(=S)NC(=O)c2ccc(C(C)(C)C)cc2)cc1,heteroatom_rich_non_qm9,7.371999999999999,5.812251711180374,3.741349599937163,low_confidence,0,1,runs/pqr_full_domain_moe_qm9_cycle/recompute_inputs/xyz/pqr_0312.xyz,runs/pqr_full_domain_moe_qm9_cycle/recompute_inputs/gaussian_gjf/pqr_0312.gjf,runs/pqr_full_domain_moe_qm9_cycle/recompute_inputs/orca_inp/pqr_0312.inp
pqr_0313,Cc1cc(C)n(C(=O)CCNc2ccc(S(N)(=O)=O)cc2)n1,heteroatom_rich_non_qm9,7.927,5.796319770138777,3.0067312837671247,low_confidence,0,1,runs/pqr_full_domain_moe_qm9_cycle/recompute_inputs/xyz/pqr_0313.xyz,runs/pqr_full_domain_moe_qm9_cycle/recompute_inputs/gaussian_gjf/pqr_0313.gjf,runs/pqr_full_domain_moe_qm9_cycle/recompute_inputs/orca_inp/pqr_0313.inp
pqr_0314,CC(C)C[C@H]1CC[C@H](C(=O)COS(=O)(=O)c2ccccc2)CC1,heteroatom_rich_non_qm9,9.155,5.745724250799557,2.0534797384653274,low_confidence,0,1,runs/pqr_full_domain_moe_qm9_cycle/recompute_inputs/xyz/pqr_0314.xyz,runs/pqr_full_domain_moe_qm9_cycle/recompute_inputs/gaussian_gjf/pqr_0314.gjf,runs/pqr_full_domain_moe_qm9_cycle/recompute_inputs/orca_inp/pqr_0314.inp
pqr_0315,O=C(CCC1CCCCC1)Nc1cc(NS(=O)(=O)c2cccs2)cc(-c2csc(=O)[nH]2)c1,heteroatom_rich_non_qm9,10.294,5.861664240786599,0.8265823088119504,low_confidence,0,1,runs/pqr_full_domain_moe_qm9_cycle/recompute_inputs/xyz/pqr_0315.xyz,runs/pqr_full_domain_moe_qm9_cycle/recompute_inputs/gaussian_gjf/pqr_0315.gjf,runs/pqr_full_domain_moe_qm9_cycle/recompute_inputs/orca_inp/pqr_0315.inp
pqr_0316,CN1CCc2cc(Cl)c(O)cc2[C@H]2c3ccccc3CC[C@@H]21,heteroatom_rich_non_qm9,8.471,5.738672933671518,2.210368386984223,low_confidence,0,1,runs/pqr_full_domain_moe_qm9_cycle/recompute_inputs/xyz/pqr_0316.xyz,runs/pqr_full_domain_moe_qm9_cycle/recompute_inputs/gaussian_gjf/pqr_0316.gjf,runs/pqr_full_domain_moe_qm9_cycle/recompute_inputs/orca_inp/pqr_0316.inp
pqr_0317,CCN(CC)C(=O)CN(C(=O)CCl)c1ccccc1,heteroatom_rich_non_qm9,12.145,5.852890569053049,1.069831874781805,low_confidence,0,1,runs/pqr_full_domain_moe_qm9_cycle/recompute_inputs/xyz/pqr_0317.xyz,runs/pqr_full_domain_moe_qm9_cycle/recompute_inputs/gaussian_gjf/pqr_0317.gjf,runs/pqr_full_domain_moe_qm9_cycle/recompute_inputs/orca_inp/pqr_0317.inp
pqr_0318,Cc1nc2ccc(Br)cc2c(-c2ccc(Cl)cc2)c1[C@H](OC(C)(C)C)C(=O)O,heteroatom_rich_non_qm9,7.81,5.77304009790123,3.0444775238054707,low_confidence,0,1,runs/pqr_full_domain_moe_qm9_cycle/recompute_inputs/xyz/pqr_0318.xyz,runs/pqr_full_domain_moe_qm9_cycle/recompute_inputs/gaussian_gjf/pqr_0318.gjf,runs/pqr_full_domain_moe_qm9_cycle/recompute_inputs/orca_inp/pqr_0318.inp
pqr_0319,CC1(C)/C(=C/C=C/[C@@H]2N(CCCCS(O)(O)O)c3ccccc3C2(C)C)N(CCCCS(O)(O)O)c2ccccc21,heteroatom_rich_non_qm9,10.737,5.912646032206386,0.288000090293087,low_confidence,0,1,runs/pqr_full_domain_moe_qm9_cycle/recompute_inputs/xyz/pqr_0319.xyz,runs/pqr_full_domain_moe_qm9_cycle/recompute_inputs/gaussian_gjf/pqr_0319.gjf,runs/pqr_full_domain_moe_qm9_cycle/recompute_inputs/orca_inp/pqr_0319.inp
pqr_0320,COc1cc(OC)c(C(=O)CCCCN2CCC3(CC2)NC(=O)NC3=O)cc1NS(=O)(=O)c1ccc(C(F)(F)F)cc1,heteroatom_rich_non_qm9,7.511,5.921548329285659,3.4389353289415316,low_confidence,0,1,runs/pqr_full_domain_moe_qm9_cycle/recompute_inputs/xyz/pqr_0320.xyz,runs/pqr_full_domain_moe_qm9_cycle/recompute_inputs/gaussian_gjf/pqr_0320.gjf,runs/pqr_full_domain_moe_qm9_cycle/recompute_inputs/orca_inp/pqr_0320.inp
pqr_0321,COc1ccc2nc([S@@](=O)Cc3ncc(C)c(OC)c3C)[nH]c2c1,heteroatom_rich_non_qm9,8.152,5.743305790280356,2.5882036523417487,low_confidence,0,1,runs/pqr_full_domain_moe_qm9_cycle/recompute_inputs/xyz/pqr_0321.xyz,runs/pqr_full_domain_moe_qm9_cycle/recompute_inputs/gaussian_gjf/pqr_0321.gjf,runs/pqr_full_domain_moe_qm9_cycle/recompute_inputs/orca_inp/pqr_0321.inp
pqr_0322,FC(F)(F)c1nc2c(Cl)cc(Cl)c(Oc3cc(Cl)c(Cl)cc3Cl)c2[nH]1,heteroatom_rich_non_qm9,11.055,5.783401322302876,0.4849712040891312,low_confidence,0,1,runs/pqr_full_domain_moe_qm9_cycle/recompute_inputs/xyz/pqr_0322.xyz,runs/pqr_full_domain_moe_qm9_cycle/recompute_inputs/gaussian_gjf/pqr_0322.gjf,runs/pqr_full_domain_moe_qm9_cycle/recompute_inputs/orca_inp/pqr_0322.inp
pqr_0323,O=C(NCCS(=O)(=O)c1ccc(C(F)(F)F)cn1)c1ccc(Cl)cc1,heteroatom_rich_non_qm9,8.133,5.829486582249726,2.7556836746581013,low_confidence,0,1,runs/pqr_full_domain_moe_qm9_cycle/recompute_inputs/xyz/pqr_0323.xyz,runs/pqr_full_domain_moe_qm9_cycle/recompute_inputs/gaussian_gjf/pqr_0323.gjf,runs/pqr_full_domain_moe_qm9_cycle/recompute_inputs/orca_inp/pqr_0323.inp
pqr_0324,CCC(=O)NCCSC(=O)[C@@H](C)[C@H]1CC[C@H]2[C@@H]3CCC4=CC(=O)C=C[C@]4(C)[C@H]3CC[C@]12C,heteroatom_rich_non_qm9,8.408,5.805515007893164,3.4849477906960704,low_confidence,0,1,runs/pqr_full_domain_moe_qm9_cycle/recompute_inputs/xyz/pqr_0324.xyz,runs/pqr_full_domain_moe_qm9_cycle/recompute_inputs/gaussian_gjf/pqr_0324.gjf,runs/pqr_full_domain_moe_qm9_cycle/recompute_inputs/orca_inp/pqr_0324.inp
pqr_0325,CNC[C@@H]1CN(c2ccc(OCc3cccc(Cl)c3)cc2)C(=O)O1,heteroatom_rich_non_qm9,8.109,5.853296971737429,2.689179840985007,low_confidence,0,1,runs/pqr_full_domain_moe_qm9_cycle/recompute_inputs/xyz/pqr_0325.xyz,runs/pqr_full_domain_moe_qm9_cycle/recompute_inputs/gaussian_gjf/pqr_0325.gjf,runs/pqr_full_domain_moe_qm9_cycle/recompute_inputs/orca_inp/pqr_0325.inp
pqr_0326,N#C/N=C1\C(C#N)=NCN1C#CC(=O)C(=O)CO[P@@](=O)(S)O[P@](=O)(O)OP1(=O)OO1,heteroatom_rich_non_qm9,10.085,5.807335364788943,1.8335745473699916,low_confidence,0,1,runs/pqr_full_domain_moe_qm9_cycle/recompute_inputs/xyz/pqr_0326.xyz,runs/pqr_full_domain_moe_qm9_cycle/recompute_inputs/gaussian_gjf/pqr_0326.gjf,runs/pqr_full_domain_moe_qm9_cycle/recompute_inputs/orca_inp/pqr_0326.inp
pqr_0327,COCCCN(C(=O)c1ccc(Cl)cc1)[C@H]1CCCN(CCc2ccccc2)C1,heteroatom_rich_non_qm9,11.235,5.842141005493694,0.1753267782770695,low_confidence,0,1,runs/pqr_full_domain_moe_qm9_cycle/recompute_inputs/xyz/pqr_0327.xyz,runs/pqr_full_domain_moe_qm9_cycle/recompute_inputs/gaussian_gjf/pqr_0327.gjf,runs/pqr_full_domain_moe_qm9_cycle/recompute_inputs/orca_inp/pqr_0327.inp
pqr_0328,O=C(O)C1=CCC(NS(=O)(=O)c2ccsc2C(=O)O)=C(O)C1,heteroatom_rich_non_qm9,7.705,5.67469912517037,3.3100621362915827,low_confidence,0,1,runs/pqr_full_domain_moe_qm9_cycle/recompute_inputs/xyz/pqr_0328.xyz,runs/pqr_full_domain_moe_qm9_cycle/recompute_inputs/gaussian_gjf/pqr_0328.gjf,runs/pqr_full_domain_moe_qm9_cycle/recompute_inputs/orca_inp/pqr_0328.inp
pqr_0329,Cn1c(=O)[nH]c(=O)n(-c2cc(Cl)c(Oc3ccc(S(=O)(=O)C(F)(F)F)cc3)c(Cl)c2)c1=O,heteroatom_rich_non_qm9,8.441,5.679605683623924,2.395949286112524,low_confidence,0,1,runs/pqr_full_domain_moe_qm9_cycle/recompute_inputs/xyz/pqr_0329.xyz,runs/pqr_full_domain_moe_qm9_cycle/recompute_inputs/gaussian_gjf/pqr_0329.gjf,runs/pqr_full_domain_moe_qm9_cycle/recompute_inputs/orca_inp/pqr_0329.inp
pqr_0330,COC(=O)c1cc2c(c(O)c1[C@H](C)OC(=O)CO)C(=O)c1c(O)cc3cc(C)c(Cl)c(OC)c3c1C2=O,heteroatom_rich_non_qm9,6.871,5.749033639157087,4.008054558197626,low_confidence,0,1,runs/pqr_full_domain_moe_qm9_cycle/recompute_inputs/xyz/pqr_0330.xyz,runs/pqr_full_domain_moe_qm9_cycle/recompute_inputs/gaussian_gjf/pqr_0330.gjf,runs/pqr_full_domain_moe_qm9_cycle/recompute_inputs/orca_inp/pqr_0330.inp
pqr_0331,C[C@H](Oc1ccc(Oc2ncc(C(F)(F)F)cc2Cl)cc1)C(=O)O,heteroatom_rich_non_qm9,8.443999999999999,5.854023723811434,2.3422075288264548,low_confidence,0,1,runs/pqr_full_domain_moe_qm9_cycle/recompute_inputs/xyz/pqr_0331.xyz,runs/pqr_full_domain_moe_qm9_cycle/recompute_inputs/gaussian_gjf/pqr_0331.gjf,runs/pqr_full_domain_moe_qm9_cycle/recompute_inputs/orca_inp/pqr_0331.inp
pqr_0332,CN(C)[C@@H]1C(=O)C(C(N)=O)=C(O)[C@@]2(O)C(=O)C3=C(O)c4c(O)ccc(Cl)c4[C@](C)(O)[C@H]3C[C@@H]12,heteroatom_rich_non_qm9,7.431,5.684012450537917,3.9538041776787294,low_confidence,0,1,runs/pqr_full_domain_moe_qm9_cycle/recompute_inputs/xyz/pqr_0332.xyz,runs/pqr_full_domain_moe_qm9_cycle/recompute_inputs/gaussian_gjf/pqr_0332.gjf,runs/pqr_full_domain_moe_qm9_cycle/recompute_inputs/orca_inp/pqr_0332.inp
pqr_0333,Cc1cc(C(=O)O)sc1[C@@H](N)C(=O)O,heteroatom_rich_non_qm9,7.644,5.843320186109524,3.711918961796058,low_confidence,0,1,runs/pqr_full_domain_moe_qm9_cycle/recompute_inputs/xyz/pqr_0333.xyz,runs/pqr_full_domain_moe_qm9_cycle/recompute_inputs/gaussian_gjf/pqr_0333.gjf,runs/pqr_full_domain_moe_qm9_cycle/recompute_inputs/orca_inp/pqr_0333.inp
pqr_0334,CNC(=O)[C@H](Cc1ccccc1)NC(=O)[C@H](CC(C)C)[C@H](CSc1cccs1)C(=O)NO,heteroatom_rich_non_qm9,7.795999999999999,5.91401005379177,3.145430493265838,low_confidence,0,1,runs/pqr_full_domain_moe_qm9_cycle/recompute_inputs/xyz/pqr_0334.xyz,runs/pqr_full_domain_moe_qm9_cycle/recompute_inputs/gaussian_gjf/pqr_0334.gjf,runs/pqr_full_domain_moe_qm9_cycle/recompute_inputs/orca_inp/pqr_0334.inp
pqr_0335,CN(C)S(=O)(=O)c1ccc(N2CCC[C@@H]2C(=O)Cl)c2nonc12,heteroatom_rich_non_qm9,7.1240000000000006,5.88159979203361,4.140907605189776,low_confidence,0,1,runs/pqr_full_domain_moe_qm9_cycle/recompute_inputs/xyz/pqr_0335.xyz,runs/pqr_full_domain_moe_qm9_cycle/recompute_inputs/gaussian_gjf/pqr_0335.gjf,runs/pqr_full_domain_moe_qm9_cycle/recompute_inputs/orca_inp/pqr_0335.inp
pqr_0336,CCCOCCOC(=O)C1=C(C)NC(C)=C(C(=O)CS(=O)(=O)NC(C)C)[C@@H]1c1cccc([N+](=O)[O-])c1,heteroatom_rich_non_qm9,7.642,5.805684578743181,3.5745595662991416,low_confidence,0,1,runs/pqr_full_domain_moe_qm9_cycle/recompute_inputs/xyz/pqr_0336.xyz,runs/pqr_full_domain_moe_qm9_cycle/recompute_inputs/gaussian_gjf/pqr_0336.gjf,runs/pqr_full_domain_moe_qm9_cycle/recompute_inputs/orca_inp/pqr_0336.inp
pqr_0337,Clc1cccc2c1CN(C1=NCCN1)C2,heteroatom_rich_non_qm9,11.73,5.726553201291184,1.1667399306824944,low_confidence,0,1,runs/pqr_full_domain_moe_qm9_cycle/recompute_inputs/xyz/pqr_0337.xyz,runs/pqr_full_domain_moe_qm9_cycle/recompute_inputs/gaussian_gjf/pqr_0337.gjf,runs/pqr_full_domain_moe_qm9_cycle/recompute_inputs/orca_inp/pqr_0337.inp
pqr_0338,CCCCc1nc(Cl)c(CO)n1Cc1ccc(-c2ccccc2C(=O)O)cc1,heteroatom_rich_non_qm9,8.088,5.832080311490319,3.0495846351859033,low_confidence,0,1,runs/pqr_full_domain_moe_qm9_cycle/recompute_inputs/xyz/pqr_0338.xyz,runs/pqr_full_domain_moe_qm9_cycle/recompute_inputs/gaussian_gjf/pqr_0338.gjf,runs/pqr_full_domain_moe_qm9_cycle/recompute_inputs/orca_inp/pqr_0338.inp
pqr_0339,NCCOc1c(Cl)cc(C(=O)O)cc1Cl,heteroatom_rich_non_qm9,7.943,5.720907289691356,2.9307841861802224,low_confidence,0,1,runs/pqr_full_domain_moe_qm9_cycle/recompute_inputs/xyz/pqr_0339.xyz,runs/pqr_full_domain_moe_qm9_cycle/recompute_inputs/gaussian_gjf/pqr_0339.gjf,runs/pqr_full_domain_moe_qm9_cycle/recompute_inputs/orca_inp/pqr_0339.inp
pqr_0340,COc1ccc(S(=O)(=O)N[C@H](CO)C(=O)N=O)cc1,heteroatom_rich_non_qm9,8.427,5.826992968609057,2.500497607004549,low_confidence,0,1,runs/pqr_full_domain_moe_qm9_cycle/recompute_inputs/xyz/pqr_0340.xyz,runs/pqr_full_domain_moe_qm9_cycle/recompute_inputs/gaussian_gjf/pqr_0340.gjf,runs/pqr_full_domain_moe_qm9_cycle/recompute_inputs/orca_inp/pqr_0340.inp
pqr_0341,C[C@@H](N)[C@H](Sc1ccccc1)C(=O)O,heteroatom_rich_non_qm9,11.172,5.6864521603622755,0.0459622656792095,low_confidence,0,1,runs/pqr_full_domain_moe_qm9_cycle/recompute_inputs/xyz/pqr_0341.xyz,runs/pqr_full_domain_moe_qm9_cycle/recompute_inputs/gaussian_gjf/pqr_0341.gjf,runs/pqr_full_domain_moe_qm9_cycle/recompute_inputs/orca_inp/pqr_0341.inp
pqr_0342,CC(=O)[C@@H](Cl)CC(=O)O,heteroatom_rich_non_qm9,13.412,5.834083466462627,0.4812004680804076,low_confidence,0,1,runs/pqr_full_domain_moe_qm9_cycle/recompute_inputs/xyz/pqr_0342.xyz,runs/pqr_full_domain_moe_qm9_cycle/recompute_inputs/gaussian_gjf/pqr_0342.gjf,runs/pqr_full_domain_moe_qm9_cycle/recompute_inputs/orca_inp/pqr_0342.inp
pqr_0343,CC(C)S(=O)(=O)N[C@H]1Cc2ccc(-c3ccc(F)nc3)cc2C1,heteroatom_rich_non_qm9,8.418999999999999,5.813752319198832,2.3705013989485355,low_confidence,0,1,runs/pqr_full_domain_moe_qm9_cycle/recompute_inputs/xyz/pqr_0343.xyz,runs/pqr_full_domain_moe_qm9_cycle/recompute_inputs/gaussian_gjf/pqr_0343.gjf,runs/pqr_full_domain_moe_qm9_cycle/recompute_inputs/orca_inp/pqr_0343.inp
pqr_0344,CC(C)c1cc(Oc2c(Br)cc(C[C@H](N)C(=O)O)cc2Br)ccc1O,heteroatom_rich_non_qm9,7.896000000000001,5.8018037119379064,2.989580781530531,low_confidence,0,1,runs/pqr_full_domain_moe_qm9_cycle/recompute_inputs/xyz/pqr_0344.xyz,runs/pqr_full_domain_moe_qm9_cycle/recompute_inputs/gaussian_gjf/pqr_0344.gjf,runs/pqr_full_domain_moe_qm9_cycle/recompute_inputs/orca_inp/pqr_0344.inp
pqr_0345,N[C@@H](Cc1ccc(Oc2ccc(N(CCCl)CCCl)cc2)cc1)C(=O)O,heteroatom_rich_non_qm9,8.293000000000001,5.869020110147354,2.5278374794499623,low_confidence,0,1,runs/pqr_full_domain_moe_qm9_cycle/recompute_inputs/xyz/pqr_0345.xyz,runs/pqr_full_domain_moe_qm9_cycle/recompute_inputs/gaussian_gjf/pqr_0345.gjf,runs/pqr_full_domain_moe_qm9_cycle/recompute_inputs/orca_inp/pqr_0345.inp
pqr_0346,Cc1c([C@@H](C)OC(=O)Nc2ccccc2)sc2ncnn12,heteroatom_rich_non_qm9,11.016000000000002,5.916614631624981,0.1128706347468373,low_confidence,0,1,runs/pqr_full_domain_moe_qm9_cycle/recompute_inputs/xyz/pqr_0346.xyz,runs/pqr_full_domain_moe_qm9_cycle/recompute_inputs/gaussian_gjf/pqr_0346.gjf,runs/pqr_full_domain_moe_qm9_cycle/recompute_inputs/orca_inp/pqr_0346.inp
pqr_0347,CCOC(=O)[C@@H](NN)C(=O)N[C@@H](Cc1cc(I)c(Oc2cc(I)c(O)c(I)c2)c(I)c1)C(=O)O,heteroatom_rich_non_qm9,7.501,5.892599554856111,3.4185182830933742,low_confidence,0,1,runs/pqr_full_domain_moe_qm9_cycle/recompute_inputs/xyz/pqr_0347.xyz,runs/pqr_full_domain_moe_qm9_cycle/recompute_inputs/gaussian_gjf/pqr_0347.gjf,runs/pqr_full_domain_moe_qm9_cycle/recompute_inputs/orca_inp/pqr_0347.inp
pqr_0348,COCc1cncc(C#Cc2csc(C)n2)c1,heteroatom_rich_non_qm9,10.964,5.744710605208639,0.2642180573608517,low_confidence,0,1,runs/pqr_full_domain_moe_qm9_cycle/recompute_inputs/xyz/pqr_0348.xyz,runs/pqr_full_domain_moe_qm9_cycle/recompute_inputs/gaussian_gjf/pqr_0348.gjf,runs/pqr_full_domain_moe_qm9_cycle/recompute_inputs/orca_inp/pqr_0348.inp
pqr_0349,C[C@H](Cc1ccccc1)NC(=S)S,heteroatom_rich_non_qm9,7.349,5.913546660342229,2.5905436227092,low_confidence,0,1,runs/pqr_full_domain_moe_qm9_cycle/recompute_inputs/xyz/pqr_0349.xyz,runs/pqr_full_domain_moe_qm9_cycle/recompute_inputs/gaussian_gjf/pqr_0349.gjf,runs/pqr_full_domain_moe_qm9_cycle/recompute_inputs/orca_inp/pqr_0349.inp
pqr_0350,O=c1[nH]c2cc(C(F)(F)F)c(N3CCOCC3)cc2n(CP(=O)(O)O)c1=O,heteroatom_rich_non_qm9,10.817,6.129184716179606,0.1664976164661844,low_confidence,0,1,runs/pqr_full_domain_moe_qm9_cycle/recompute_inputs/xyz/pqr_0350.xyz,runs/pqr_full_domain_moe_qm9_cycle/recompute_inputs/gaussian_gjf/pqr_0350.gjf,runs/pqr_full_domain_moe_qm9_cycle/recompute_inputs/orca_inp/pqr_0350.inp
pqr_0351,CS(=O)(=O)c1ccc([C@@H](O)[C@@H](CF)NC(=O)C(Cl)Cl)cc1,heteroatom_rich_non_qm9,12.468,5.942454440223793,1.5979381215628266,low_confidence,0,1,runs/pqr_full_domain_moe_qm9_cycle/recompute_inputs/xyz/pqr_0351.xyz,runs/pqr_full_domain_moe_qm9_cycle/recompute_inputs/gaussian_gjf/pqr_0351.gjf,runs/pqr_full_domain_moe_qm9_cycle/recompute_inputs/orca_inp/pqr_0351.inp
pqr_0352,Cc1ncc(COP(=O)(O)O)c(CN[C@@H](CC(=O)O)CC(C)C)c1O,heteroatom_rich_non_qm9,8.094000000000001,6.20573149553767,3.207381534906109,low_confidence,0,1,runs/pqr_full_domain_moe_qm9_cycle/recompute_inputs/xyz/pqr_0352.xyz,runs/pqr_full_domain_moe_qm9_cycle/recompute_inputs/gaussian_gjf/pqr_0352.gjf,runs/pqr_full_domain_moe_qm9_cycle/recompute_inputs/orca_inp/pqr_0352.inp
pqr_0353,CCC(C)(C)[C@@H]1CCc2n[nH]c(C(=O)NCc3ccc(S(N)(=O)=O)cc3)c2C1,heteroatom_rich_non_qm9,8.795,6.061169991108612,2.270089049510119,low_confidence,0,1,runs/pqr_full_domain_moe_qm9_cycle/recompute_inputs/xyz/pqr_0353.xyz,runs/pqr_full_domain_moe_qm9_cycle/recompute_inputs/gaussian_gjf/pqr_0353.gjf,runs/pqr_full_domain_moe_qm9_cycle/recompute_inputs/orca_inp/pqr_0353.inp
pqr_0355,CC(C)(C)c1cc(C[C@H]2SCNC2=O)cc(C(C)(C)C)c1O,heteroatom_rich_non_qm9,11.152,6.0421638184091,0.085685112976682,low_confidence,0,1,runs/pqr_full_domain_moe_qm9_cycle/recompute_inputs/xyz/pqr_0355.xyz,runs/pqr_full_domain_moe_qm9_cycle/recompute_inputs/gaussian_gjf/pqr_0355.gjf,runs/pqr_full_domain_moe_qm9_cycle/recompute_inputs/orca_inp/pqr_0355.inp
pqr_0356,N[C@@H](CCC(=O)N(CC(=O)O)C(=O)[C@@H](N)CS[C@H](CC(=O)O)c1cnc[nH]1)C(=O)O,heteroatom_rich_non_qm9,8.696,6.142883281918546,2.5570430901796932,low_confidence,0,1,runs/pqr_full_domain_moe_qm9_cycle/recompute_inputs/xyz/pqr_0356.xyz,runs/pqr_full_domain_moe_qm9_cycle/recompute_inputs/gaussian_gjf/pqr_0356.gjf,runs/pqr_full_domain_moe_qm9_cycle/recompute_inputs/orca_inp/pqr_0356.inp
pqr_0357,COCCCN1CCC(NC(=O)c2cc(Cl)c(N)c3c2OCC3)CC1,heteroatom_rich_non_qm9,8.49,6.166570619253866,2.6838892570445996,low_confidence,0,1,runs/pqr_full_domain_moe_qm9_cycle/recompute_inputs/xyz/pqr_0357.xyz,runs/pqr_full_domain_moe_qm9_cycle/recompute_inputs/gaussian_gjf/pqr_0357.gjf,runs/pqr_full_domain_moe_qm9_cycle/recompute_inputs/orca_inp/pqr_0357.inp
pqr_0358,CCc1cccc(C)c1N(COC(C)C)C(=O)CCl,heteroatom_rich_non_qm9,12.342,6.007080470389301,1.1039884342053004,low_confidence,0,1,runs/pqr_full_domain_moe_qm9_cycle/recompute_inputs/xyz/pqr_0358.xyz,runs/pqr_full_domain_moe_qm9_cycle/recompute_inputs/gaussian_gjf/pqr_0358.gjf,runs/pqr_full_domain_moe_qm9_cycle/recompute_inputs/orca_inp/pqr_0358.inp
pqr_0359,O=C(C[S@](=O)Cc1ccco1)NCCCOc1cccc(CN2CCCCC2)c1,heteroatom_rich_non_qm9,8.652000000000001,5.971364624577497,2.3855587142779626,low_confidence,0,1,runs/pqr_full_domain_moe_qm9_cycle/recompute_inputs/xyz/pqr_0359.xyz,runs/pqr_full_domain_moe_qm9_cycle/recompute_inputs/gaussian_gjf/pqr_0359.gjf,runs/pqr_full_domain_moe_qm9_cycle/recompute_inputs/orca_inp/pqr_0359.inp
pqr_0360,NC(=O)Nc1cc(NC(N)=O)cc(N(CCCl)CCCl)c1,heteroatom_rich_non_qm9,8.552999999999999,6.068284542344312,2.271852127841184,low_confidence,0,1,runs/pqr_full_domain_moe_qm9_cycle/recompute_inputs/xyz/pqr_0360.xyz,runs/pqr_full_domain_moe_qm9_cycle/recompute_inputs/gaussian_gjf/pqr_0360.gjf,runs/pqr_full_domain_moe_qm9_cycle/recompute_inputs/orca_inp/pqr_0360.inp
pqr_0361,C=C(CCl)C1=NC[C@@H]2NN[C@H]3[C@@H]4CCCC[C@H]4SC(=C1C#CC#CC(=O)N1C=COC=C1)N23,heteroatom_rich_non_qm9,6.909,6.119947196480708,4.615290374345757,low_confidence,0,1,runs/pqr_full_domain_moe_qm9_cycle/recompute_inputs/xyz/pqr_0361.xyz,runs/pqr_full_domain_moe_qm9_cycle/recompute_inputs/gaussian_gjf/pqr_0361.gjf,runs/pqr_full_domain_moe_qm9_cycle/recompute_inputs/orca_inp/pqr_0361.inp
pqr_0362,NS(=O)(=O)c1c(F)c(F)c(SCCO)c(F)c1NC1CCCCCCC1,heteroatom_rich_non_qm9,7.574,6.152036244197517,3.70544302799553,low_confidence,0,1,runs/pqr_full_domain_moe_qm9_cycle/recompute_inputs/xyz/pqr_0362.xyz,runs/pqr_full_domain_moe_qm9_cycle/recompute_inputs/gaussian_gjf/pqr_0362.gjf,runs/pqr_full_domain_moe_qm9_cycle/recompute_inputs/orca_inp/pqr_0362.inp
pqr_0363,CSc1nc(N)c2ncn([C@@H]3O[C@H](CO)[C@H](O)[C@H]3O)c2n1,heteroatom_rich_non_qm9,7.98,6.109173359961476,2.9467076859904493,low_confidence,0,1,runs/pqr_full_domain_moe_qm9_cycle/recompute_inputs/xyz/pqr_0363.xyz,runs/pqr_full_domain_moe_qm9_cycle/recompute_inputs/gaussian_gjf/pqr_0363.gjf,runs/pqr_full_domain_moe_qm9_cycle/recompute_inputs/orca_inp/pqr_0363.inp
pqr_0364,C=C(O[C@H]1CC(C(=O)O)=C[C@@H](OP(=O)(O)O)[C@H]1O)C(=O)O,heteroatom_rich_non_qm9,9.441,6.14335894862011,2.0912806698409625,low_confidence,0,1,runs/pqr_full_domain_moe_qm9_cycle/recompute_inputs/xyz/pqr_0364.xyz,runs/pqr_full_domain_moe_qm9_cycle/recompute_inputs/gaussian_gjf/pqr_0364.gjf,runs/pqr_full_domain_moe_qm9_cycle/recompute_inputs/orca_inp/pqr_0364.inp
pqr_0365,COc1ccc(CCS(=O)(=O)NCC(=O)NO)cc1,heteroatom_rich_non_qm9,11.988,5.936683121322384,1.1345011560878948,low_confidence,0,1,runs/pqr_full_domain_moe_qm9_cycle/recompute_inputs/xyz/pqr_0365.xyz,runs/pqr_full_domain_moe_qm9_cycle/recompute_inputs/gaussian_gjf/pqr_0365.gjf,runs/pqr_full_domain_moe_qm9_cycle/recompute_inputs/orca_inp/pqr_0365.inp
pqr_0366,CCS(=O)(=O)NC1CCN(C(=O)COc2ccc(Cl)cc2Cl)CC1,heteroatom_rich_non_qm9,8.832,5.964593601901158,2.232132089998938,low_confidence,0,1,runs/pqr_full_domain_moe_qm9_cycle/recompute_inputs/xyz/pqr_0366.xyz,runs/pqr_full_domain_moe_qm9_cycle/recompute_inputs/gaussian_gjf/pqr_0366.gjf,runs/pqr_full_domain_moe_qm9_cycle/recompute_inputs/orca_inp/pqr_0366.inp
pqr_0367,O[C@@]1(c2ccc(Cl)cc2)CCCCC[C@H]1n1cncn1,heteroatom_rich_non_qm9,9.338,5.953081741810989,1.3874105535905557,low_confidence,0,1,runs/pqr_full_domain_moe_qm9_cycle/recompute_inputs/xyz/pqr_0367.xyz,runs/pqr_full_domain_moe_qm9_cycle/recompute_inputs/gaussian_gjf/pqr_0367.gjf,runs/pqr_full_domain_moe_qm9_cycle/recompute_inputs/orca_inp/pqr_0367.inp
pqr_0368,COc1ccc(C[P@@](=O)(O)C[C@@H](O)CN[C@H](C)c2cccc(C(=O)O)c2)cc1,heteroatom_rich_non_qm9,7.811,5.93043883680721,2.994034915816425,low_confidence,0,1,runs/pqr_full_domain_moe_qm9_cycle/recompute_inputs/xyz/pqr_0368.xyz,runs/pqr_full_domain_moe_qm9_cycle/recompute_inputs/gaussian_gjf/pqr_0368.gjf,runs/pqr_full_domain_moe_qm9_cycle/recompute_inputs/orca_inp/pqr_0368.inp
pqr_0369,CCOc1ccc2nc(SCCN3CCOCC3)[nH]c2c1,heteroatom_rich_non_qm9,10.778,6.003037169417114,0.3628774164117168,low_confidence,0,1,runs/pqr_full_domain_moe_qm9_cycle/recompute_inputs/xyz/pqr_0369.xyz,runs/pqr_full_domain_moe_qm9_cycle/recompute_inputs/gaussian_gjf/pqr_0369.gjf,runs/pqr_full_domain_moe_qm9_cycle/recompute_inputs/orca_inp/pqr_0369.inp
pqr_0370,O=c1[nH]c(=S)ccn1[C@@H]1O[C@H](CO)[C@@H](O)[C@H]1O,heteroatom_rich_non_qm9,7.517,6.060867945337657,3.3931997366150517,low_confidence,0,1,runs/pqr_full_domain_moe_qm9_cycle/recompute_inputs/xyz/pqr_0370.xyz,runs/pqr_full_domain_moe_qm9_cycle/recompute_inputs/gaussian_gjf/pqr_0370.gjf,runs/pqr_full_domain_moe_qm9_cycle/recompute_inputs/orca_inp/pqr_0370.inp
pqr_0371,CNS(=O)(=O)Cc1ccc2[nH]cc(C[C@H]3CCCN3)c2c1,heteroatom_rich_non_qm9,8.306,5.998622118978584,2.540737160273018,low_confidence,0,1,runs/pqr_full_domain_moe_qm9_cycle/recompute_inputs/xyz/pqr_0371.xyz,runs/pqr_full_domain_moe_qm9_cycle/recompute_inputs/gaussian_gjf/pqr_0371.gjf,runs/pqr_full_domain_moe_qm9_cycle/recompute_inputs/orca_inp/pqr_0371.inp
pqr_0372,CC(C)CN(Cc1ccc(F)cc1)S(=O)(=O)c1ccc(NC2CCN(S(C)(=O)=O)CC2)nc1,heteroatom_rich_non_qm9,11.555,6.031946109625222,0.6560385062974987,low_confidence,0,1,runs/pqr_full_domain_moe_qm9_cycle/recompute_inputs/xyz/pqr_0372.xyz,runs/pqr_full_domain_moe_qm9_cycle/recompute_inputs/gaussian_gjf/pqr_0372.gjf,runs/pqr_full_domain_moe_qm9_cycle/recompute_inputs/orca_inp/pqr_0372.inp
pqr_0373,CC(=O)OC[C@H]1O[C@@H](n2c(Br)nc3c(N)ncnc32)[C@@H](OC(C)=O)[C@H]1OC(C)=O,heteroatom_rich_non_qm9,8.383,6.1065942553062245,2.68633490333686,low_confidence,0,1,runs/pqr_full_domain_moe_qm9_cycle/recompute_inputs/xyz/pqr_0373.xyz,runs/pqr_full_domain_moe_qm9_cycle/recompute_inputs/gaussian_gjf/pqr_0373.gjf,runs/pqr_full_domain_moe_qm9_cycle/recompute_inputs/orca_inp/pqr_0373.inp
pqr_0374,O=S(=O)(NC(=S)NC1CCCCC1)c1cnccc1NC1CCCCCC1,heteroatom_rich_non_qm9,7.436000000000001,6.102086362745049,3.433674927855992,low_confidence,0,1,runs/pqr_full_domain_moe_qm9_cycle/recompute_inputs/xyz/pqr_0374.xyz,runs/pqr_full_domain_moe_qm9_cycle/recompute_inputs/gaussian_gjf/pqr_0374.gjf,runs/pqr_full_domain_moe_qm9_cycle/recompute_inputs/orca_inp/pqr_0374.inp
pqr_0375,C[C@]12CC[C@H]3[C@@H](CCC4=CC(=O)CC[C@@H]43)[C@H]1CC[C@@H]2OC(=O)N(CCCl)N=O,heteroatom_rich_non_qm9,9.167,6.154232110747484,2.622763818880342,low_confidence,0,1,runs/pqr_full_domain_moe_qm9_cycle/recompute_inputs/xyz/pqr_0375.xyz,runs/pqr_full_domain_moe_qm9_cycle/recompute_inputs/gaussian_gjf/pqr_0375.gjf,runs/pqr_full_domain_moe_qm9_cycle/recompute_inputs/orca_inp/pqr_0375.inp
pqr_0376,Cc1ccc([As](c2ccc(C)cc2)c2ccc(C)cc2)cc1,heteroatom_rich_non_qm9,7.971,5.969599545587453,1.9472727405113073,low_confidence,0,1,runs/pqr_full_domain_moe_qm9_cycle/recompute_inputs/xyz/pqr_0376.xyz,runs/pqr_full_domain_moe_qm9_cycle/recompute_inputs/gaussian_gjf/pqr_0376.gjf,runs/pqr_full_domain_moe_qm9_cycle/recompute_inputs/orca_inp/pqr_0376.inp
pqr_0377,O=S1Sc2ccccc2S1,heteroatom_rich_non_qm9,10.536,5.976654882061383,0.2247019919318909,low_confidence,0,1,runs/pqr_full_domain_moe_qm9_cycle/recompute_inputs/xyz/pqr_0377.xyz,runs/pqr_full_domain_moe_qm9_cycle/recompute_inputs/gaussian_gjf/pqr_0377.gjf,runs/pqr_full_domain_moe_qm9_cycle/recompute_inputs/orca_inp/pqr_0377.inp
pqr_0378,CCCCCC/C=C\CCCCCCCCCC(=O)N[C@H]1[C@H](OC[C@H]2O[C@H](OP(=O)(O)O)[C@H](NC(=O)CC(=O)CCCCCCCCCCC)[C@@H](OCCCCCCCCCC)[C@@H]2O)O[C@H](COC)[C@@H](OP(=O)(O)O)[C@@H]1OCC[C@@H](CCCCCCC)OC,heteroatom_rich_non_qm9,8.782,6.011495830720808,3.2427510909922024,low_confidence,0,1,runs/pqr_full_domain_moe_qm9_cycle/recompute_inputs/xyz/pqr_0378.xyz,runs/pqr_full_domain_moe_qm9_cycle/recompute_inputs/gaussian_gjf/pqr_0378.gjf,runs/pqr_full_domain_moe_qm9_cycle/recompute_inputs/orca_inp/pqr_0378.inp
pqr_0379,COc1ccc(CN2CCN(C[C@H](O[Si](C)(C)C)c3cc(Cl)c(N)c(Cl)c3)CC2)c(OC)c1OC,heteroatom_rich_non_qm9,8.156,6.020362316867251,2.380656685976941,low_confidence,0,1,runs/pqr_full_domain_moe_qm9_cycle/recompute_inputs/xyz/pqr_0379.xyz,runs/pqr_full_domain_moe_qm9_cycle/recompute_inputs/gaussian_gjf/pqr_0379.gjf,runs/pqr_full_domain_moe_qm9_cycle/recompute_inputs/orca_inp/pqr_0379.inp
pqr_0380,N/C=C/OP(=O)(O)O,heteroatom_rich_non_qm9,7.949,6.214214022319139,4.007722472018623,low_confidence,0,1,runs/pqr_full_domain_moe_qm9_cycle/recompute_inputs/xyz/pqr_0380.xyz,runs/pqr_full_domain_moe_qm9_cycle/recompute_inputs/gaussian_gjf/pqr_0380.gjf,runs/pqr_full_domain_moe_qm9_cycle/recompute_inputs/orca_inp/pqr_0380.inp
pqr_0381,CCC(CC)CN(C[C@@H](O)[C@H](Cc1ccccc1)NC(=O)O[C@H]1CO[C@H]2OCC[C@H]21)S(=O)(=O)c1ccc(CO)cc1,heteroatom_rich_non_qm9,8.551,6.159207111286217,2.3452251833358684,low_confidence,0,1,runs/pqr_full_domain_moe_qm9_cycle/recompute_inputs/xyz/pqr_0381.xyz,runs/pqr_full_domain_moe_qm9_cycle/recompute_inputs/gaussian_gjf/pqr_0381.gjf,runs/pqr_full_domain_moe_qm9_cycle/recompute_inputs/orca_inp/pqr_0381.inp
pqr_0382,CC[S@@](=O)c1c(C#N)nn(-c2c(Cl)cc(C(F)(F)F)cc2Cl)c1N,heteroatom_rich_non_qm9,6.7700000000000005,5.99015287408553,3.9502677764158056,low_confidence,0,1,runs/pqr_full_domain_moe_qm9_cycle/recompute_inputs/xyz/pqr_0382.xyz,runs/pqr_full_domain_moe_qm9_cycle/recompute_inputs/gaussian_gjf/pqr_0382.gjf,runs/pqr_full_domain_moe_qm9_cycle/recompute_inputs/orca_inp/pqr_0382.inp
pqr_0383,C=CCSC#N,heteroatom_rich_non_qm9,8.5,6.210627100634667,3.657512236855844,low_confidence,0,1,runs/pqr_full_domain_moe_qm9_cycle/recompute_inputs/xyz/pqr_0383.xyz,runs/pqr_full_domain_moe_qm9_cycle/recompute_inputs/gaussian_gjf/pqr_0383.gjf,runs/pqr_full_domain_moe_qm9_cycle/recompute_inputs/orca_inp/pqr_0383.inp
pqr_0384,CCCNC(=O)CCNC(=O)[C@H](O)C(C)(C)CO[P@@](=O)(O)O[P@@](=O)(O)OC[C@H]1O[C@@H](n2cnc3c(N)ncnc32)[C@H](O)[C@@H]1OP(=O)(O)O,heteroatom_rich_non_qm9,7.923,6.208004148161423,3.0966479197499464,low_confidence,0,1,runs/pqr_full_domain_moe_qm9_cycle/recompute_inputs/xyz/pqr_0384.xyz,runs/pqr_full_domain_moe_qm9_cycle/recompute_inputs/gaussian_gjf/pqr_0384.gjf,runs/pqr_full_domain_moe_qm9_cycle/recompute_inputs/orca_inp/pqr_0384.inp
pqr_0385,N#Cc1c(NC(=O)c2cc(S(=O)(=O)N3CCOCC3)c(Cl)cc2Cl)sc2c1CCCC2,heteroatom_rich_non_qm9,7.071,6.041175775733066,4.125135235588779,low_confidence,0,1,runs/pqr_full_domain_moe_qm9_cycle/recompute_inputs/xyz/pqr_0385.xyz,runs/pqr_full_domain_moe_qm9_cycle/recompute_inputs/gaussian_gjf/pqr_0385.gjf,runs/pqr_full_domain_moe_qm9_cycle/recompute_inputs/orca_inp/pqr_0385.inp
pqr_0386,COc1c(NC(=O)Nc2ccc(-c3ccc(CN4CCOCC4)nc3)c3ccccc23)cc(C(C)(C)C)cc1NS(C)(=O)=O,heteroatom_rich_non_qm9,7.436,5.982765493412494,3.523206570843822,low_confidence,0,1,runs/pqr_full_domain_moe_qm9_cycle/recompute_inputs/xyz/pqr_0386.xyz,runs/pqr_full_domain_moe_qm9_cycle/recompute_inputs/gaussian_gjf/pqr_0386.gjf,runs/pqr_full_domain_moe_qm9_cycle/recompute_inputs/orca_inp/pqr_0386.inp
pqr_0387,NC(=S)N=C(N)N,heteroatom_rich_non_qm9,10.944,6.199006955966702,1.484922089974571,low_confidence,0,1,runs/pqr_full_domain_moe_qm9_cycle/recompute_inputs/xyz/pqr_0387.xyz,runs/pqr_full_domain_moe_qm9_cycle/recompute_inputs/gaussian_gjf/pqr_0387.gjf,runs/pqr_full_domain_moe_qm9_cycle/recompute_inputs/orca_inp/pqr_0387.inp
pqr_0388,CSCC[C@@H]1NC(=O)[C@@H](Cc2ccccc2)NC(=O)CCCCCNC1=O,heteroatom_rich_non_qm9,8.102,6.047436729553382,2.998781917843589,low_confidence,0,1,runs/pqr_full_domain_moe_qm9_cycle/recompute_inputs/xyz/pqr_0388.xyz,runs/pqr_full_domain_moe_qm9_cycle/recompute_inputs/gaussian_gjf/pqr_0388.gjf,runs/pqr_full_domain_moe_qm9_cycle/recompute_inputs/orca_inp/pqr_0388.inp
pqr_0389,CC(C)CN(C[C@@H](O)[C@H](Cc1ccccc1)NC(=O)O[C@H]1CO[C@H]2OCC[C@H]21)S(=O)(=O)c1ccc(C(=O)O)cc1,heteroatom_rich_non_qm9,8.048,6.0991409618946175,2.866582363639793,low_confidence,0,1,runs/pqr_full_domain_moe_qm9_cycle/recompute_inputs/xyz/pqr_0389.xyz,runs/pqr_full_domain_moe_qm9_cycle/recompute_inputs/gaussian_gjf/pqr_0389.gjf,runs/pqr_full_domain_moe_qm9_cycle/recompute_inputs/orca_inp/pqr_0389.inp
pqr_0390,COc1ccc(S(=O)(=O)N(C[C@H]2CCC(=O)N2)C[C@@H](O)[C@H](Cc2ccccc2)NC(=O)O[C@@H]2C[C@@H]3CCO[C@@H]3C2)cc1,heteroatom_rich_non_qm9,8.587,6.105111187011916,2.453534288838945,low_confidence,0,1,runs/pqr_full_domain_moe_qm9_cycle/recompute_inputs/xyz/pqr_0390.xyz,runs/pqr_full_domain_moe_qm9_cycle/recompute_inputs/gaussian_gjf/pqr_0390.gjf,runs/pqr_full_domain_moe_qm9_cycle/recompute_inputs/orca_inp/pqr_0390.inp
pqr_0391,CN(C[C@@H]1COCCO1)S(=O)(=O)Nc1ccc2ccc3ncc(-c4cnn(C5CCNCC5)c4)cc3c(=O)c2c1,heteroatom_rich_non_qm9,10.725,6.0208285542505315,0.3007837883081148,low_confidence,0,1,runs/pqr_full_domain_moe_qm9_cycle/recompute_inputs/xyz/pqr_0391.xyz,runs/pqr_full_domain_moe_qm9_cycle/recompute_inputs/gaussian_gjf/pqr_0391.gjf,runs/pqr_full_domain_moe_qm9_cycle/recompute_inputs/orca_inp/pqr_0391.inp
pqr_0392,CC1(C)CCC[C@]2(C)[C@@H]1C[C@H](OC(=O)c1ccc(Br)cc1)[C@]13C=C[C@](COC(=O)c4ccc(Br)cc4)(CC[C@@]21O)C3,heteroatom_rich_non_qm9,11.628,6.08693116930824,0.6525744434798231,low_confidence,0,1,runs/pqr_full_domain_moe_qm9_cycle/recompute_inputs/xyz/pqr_0392.xyz,runs/pqr_full_domain_moe_qm9_cycle/recompute_inputs/gaussian_gjf/pqr_0392.gjf,runs/pqr_full_domain_moe_qm9_cycle/recompute_inputs/orca_inp/pqr_0392.inp
pqr_0393,Cc1ccc(S(=O)(=O)N[C@@H](CCCCN)C(=O)NCC(=O)O)cc1,heteroatom_rich_non_qm9,8.763000000000002,6.023623494080898,2.359410900299043,low_confidence,0,1,runs/pqr_full_domain_moe_qm9_cycle/recompute_inputs/xyz/pqr_0393.xyz,runs/pqr_full_domain_moe_qm9_cycle/recompute_inputs/gaussian_gjf/pqr_0393.gjf,runs/pqr_full_domain_moe_qm9_cycle/recompute_inputs/orca_inp/pqr_0393.inp
pqr_0394,CC(C)CSC[C@H]1O[C@@H](n2cnc3c(N)ncnc32)[C@H](O)[C@@H]1O,heteroatom_rich_non_qm9,7.877999999999999,6.172237605163859,2.9261446754001392,low_confidence,0,1,runs/pqr_full_domain_moe_qm9_cycle/recompute_inputs/xyz/pqr_0394.xyz,runs/pqr_full_domain_moe_qm9_cycle/recompute_inputs/gaussian_gjf/pqr_0394.gjf,runs/pqr_full_domain_moe_qm9_cycle/recompute_inputs/orca_inp/pqr_0394.inp
pqr_0395,COc1cc(C)c(S(=O)(=O)Nc2c(C)nn(C)c2C)c(C)c1C,heteroatom_rich_non_qm9,8.435,6.030601337255025,2.4855205441255155,low_confidence,0,1,runs/pqr_full_domain_moe_qm9_cycle/recompute_inputs/xyz/pqr_0395.xyz,runs/pqr_full_domain_moe_qm9_cycle/recompute_inputs/gaussian_gjf/pqr_0395.gjf,runs/pqr_full_domain_moe_qm9_cycle/recompute_inputs/orca_inp/pqr_0395.inp
pqr_0396,CCOC(=O)CC1CCN(C(=O)C(C)(C)[C@@H](CC)NC(=O)c2ccc(C(=N)N3CCSC3)cc2F)CC1,heteroatom_rich_non_qm9,11.351,6.053494332023363,0.140888969113309,low_confidence,0,1,runs/pqr_full_domain_moe_qm9_cycle/recompute_inputs/xyz/pqr_0396.xyz,runs/pqr_full_domain_moe_qm9_cycle/recompute_inputs/gaussian_gjf/pqr_0396.gjf,runs/pqr_full_domain_moe_qm9_cycle/recompute_inputs/orca_inp/pqr_0396.inp
pqr_0397,CC(C)[C@H](CO)Nc1nc(Sc2cccc(N)c2)c2ncn(C(C)C)c2n1,heteroatom_rich_non_qm9,7.734000000000001,5.943992806211604,3.3738718173541296,low_confidence,0,1,runs/pqr_full_domain_moe_qm9_cycle/recompute_inputs/xyz/pqr_0397.xyz,runs/pqr_full_domain_moe_qm9_cycle/recompute_inputs/gaussian_gjf/pqr_0397.gjf,runs/pqr_full_domain_moe_qm9_cycle/recompute_inputs/orca_inp/pqr_0397.inp
pqr_0398,CCCCCOc1ccc([C@@H]2SC(=O)NC2=O)cc1OCC,heteroatom_rich_non_qm9,10.66,5.9730195113985864,0.4306339809796942,low_confidence,0,1,runs/pqr_full_domain_moe_qm9_cycle/recompute_inputs/xyz/pqr_0398.xyz,runs/pqr_full_domain_moe_qm9_cycle/recompute_inputs/gaussian_gjf/pqr_0398.gjf,runs/pqr_full_domain_moe_qm9_cycle/recompute_inputs/orca_inp/pqr_0398.inp
pqr_0399,CCNS(=O)(=O)c1ccc2c(c1)CN(C)C(=O)N2,heteroatom_rich_non_qm9,8.214,6.013842664975722,2.5425929516850356,low_confidence,0,1,runs/pqr_full_domain_moe_qm9_cycle/recompute_inputs/xyz/pqr_0399.xyz,runs/pqr_full_domain_moe_qm9_cycle/recompute_inputs/gaussian_gjf/pqr_0399.gjf,runs/pqr_full_domain_moe_qm9_cycle/recompute_inputs/orca_inp/pqr_0399.inp
pqr_0400,O=C1O[C@H]([C@H](O)CO)C(O)=C1OS(=O)(=O)O,heteroatom_rich_non_qm9,12.112,6.305659363087239,0.2899671244597339,low_confidence,0,1,runs/pqr_full_domain_moe_qm9_cycle/recompute_inputs/xyz/pqr_0400.xyz,runs/pqr_full_domain_moe_qm9_cycle/recompute_inputs/gaussian_gjf/pqr_0400.gjf,runs/pqr_full_domain_moe_qm9_cycle/recompute_inputs/orca_inp/pqr_0400.inp
pqr_0401,CC(=O)[O][Sn]([O]C(C)=O)([O]C(C)=O)[O]C(C)=O,heteroatom_rich_non_qm9,11.51,7.194662352254108,1.2042940394906214,low_confidence,0,1,runs/pqr_full_domain_moe_qm9_cycle/recompute_inputs/xyz/pqr_0401.xyz,runs/pqr_full_domain_moe_qm9_cycle/recompute_inputs/gaussian_gjf/pqr_0401.gjf,runs/pqr_full_domain_moe_qm9_cycle/recompute_inputs/orca_inp/pqr_0401.inp
pqr_0402,CC(=O)N[C@@H](CSC(=O)[C@@]1([C@@H](O)C(C)C)NC(=O)[C@@H](C)[C@H]1O)C(=O)O,heteroatom_rich_non_qm9,8.514,6.441330276047863,3.733204344109232,low_confidence,0,1,runs/pqr_full_domain_moe_qm9_cycle/recompute_inputs/xyz/pqr_0402.xyz,runs/pqr_full_domain_moe_qm9_cycle/recompute_inputs/gaussian_gjf/pqr_0402.gjf,runs/pqr_full_domain_moe_qm9_cycle/recompute_inputs/orca_inp/pqr_0402.inp
pqr_0403,C[S@@](=O)CCCCNC=S,heteroatom_rich_non_qm9,10.983,7.241306702581609,1.6025366580829523,low_confidence,0,1,runs/pqr_full_domain_moe_qm9_cycle/recompute_inputs/xyz/pqr_0403.xyz,runs/pqr_full_domain_moe_qm9_cycle/recompute_inputs/gaussian_gjf/pqr_0403.gjf,runs/pqr_full_domain_moe_qm9_cycle/recompute_inputs/orca_inp/pqr_0403.inp
pqr_0404,CCC(C)(C)CC(=O)SC1(C)CC1,heteroatom_rich_non_qm9,11.756,6.785169520899564,1.4196664925578766,low_confidence,0,1,runs/pqr_full_domain_moe_qm9_cycle/recompute_inputs/xyz/pqr_0404.xyz,runs/pqr_full_domain_moe_qm9_cycle/recompute_inputs/gaussian_gjf/pqr_0404.gjf,runs/pqr_full_domain_moe_qm9_cycle/recompute_inputs/orca_inp/pqr_0404.inp
pqr_0405,CC[C@@H]1C[C@@H](C(=O)N[C@@H]([C@@H]2O[C@H](SC)[C@H](O)[C@@H](O)[C@H]2O)[C@@H](C)O)N(C)C1,heteroatom_rich_non_qm9,11.715,7.354961444855004,0.3278998532373443,low_confidence,0,1,runs/pqr_full_domain_moe_qm9_cycle/recompute_inputs/xyz/pqr_0405.xyz,runs/pqr_full_domain_moe_qm9_cycle/recompute_inputs/gaussian_gjf/pqr_0405.gjf,runs/pqr_full_domain_moe_qm9_cycle/recompute_inputs/orca_inp/pqr_0405.inp
pqr_0406,CN(CC(=O)O)/C(N)=N/P(=O)(O)O,heteroatom_rich_non_qm9,9.707,6.550912393221015,2.3067223044438308,low_confidence,0,1,runs/pqr_full_domain_moe_qm9_cycle/recompute_inputs/xyz/pqr_0406.xyz,runs/pqr_full_domain_moe_qm9_cycle/recompute_inputs/gaussian_gjf/pqr_0406.gjf,runs/pqr_full_domain_moe_qm9_cycle/recompute_inputs/orca_inp/pqr_0406.inp
pqr_0407,O=C[C@H](NS(=O)(=O)O)[C@@H](O)[C@H](O)[C@H](O)CO,heteroatom_rich_non_qm9,9.842,6.338213225751176,2.5684017116722497,low_confidence,0,1,runs/pqr_full_domain_moe_qm9_cycle/recompute_inputs/xyz/pqr_0407.xyz,runs/pqr_full_domain_moe_qm9_cycle/recompute_inputs/gaussian_gjf/pqr_0407.gjf,runs/pqr_full_domain_moe_qm9_cycle/recompute_inputs/orca_inp/pqr_0407.inp
pqr_0408,CC1(C)CC[C@H]1C(=O)SC1CCCC1,heteroatom_rich_non_qm9,11.722,6.771630757054187,1.0735494641223635,low_confidence,0,1,runs/pqr_full_domain_moe_qm9_cycle/recompute_inputs/xyz/pqr_0408.xyz,runs/pqr_full_domain_moe_qm9_cycle/recompute_inputs/gaussian_gjf/pqr_0408.gjf,runs/pqr_full_domain_moe_qm9_cycle/recompute_inputs/orca_inp/pqr_0408.inp
pqr_0409,O=C(Cl)CCCCCl,heteroatom_rich_non_qm9,10.882,6.928389206892508,1.8014374705575484,low_confidence,0,1,runs/pqr_full_domain_moe_qm9_cycle/recompute_inputs/xyz/pqr_0409.xyz,runs/pqr_full_domain_moe_qm9_cycle/recompute_inputs/gaussian_gjf/pqr_0409.gjf,runs/pqr_full_domain_moe_qm9_cycle/recompute_inputs/orca_inp/pqr_0409.inp
pqr_0410,CCCC(C)(C)SC(=O)CC(C)(C)CC,heteroatom_rich_non_qm9,11.774,6.81835133155748,1.6099214366701418,low_confidence,0,1,runs/pqr_full_domain_moe_qm9_cycle/recompute_inputs/xyz/pqr_0410.xyz,runs/pqr_full_domain_moe_qm9_cycle/recompute_inputs/gaussian_gjf/pqr_0410.gjf,runs/pqr_full_domain_moe_qm9_cycle/recompute_inputs/orca_inp/pqr_0410.inp
pqr_0411,CCC(=S)[C@H]1CC[C@@H]1C,heteroatom_rich_non_qm9,7.340000000000001,7.345739663531501,5.759565459405613,low_confidence,0,1,runs/pqr_full_domain_moe_qm9_cycle/recompute_inputs/xyz/pqr_0411.xyz,runs/pqr_full_domain_moe_qm9_cycle/recompute_inputs/gaussian_gjf/pqr_0411.gjf,runs/pqr_full_domain_moe_qm9_cycle/recompute_inputs/orca_inp/pqr_0411.inp
pqr_0412,CC(C)CCN=C=S,heteroatom_rich_non_qm9,8.083,6.978721598100225,4.456311946644892,low_confidence,0,1,runs/pqr_full_domain_moe_qm9_cycle/recompute_inputs/xyz/pqr_0412.xyz,runs/pqr_full_domain_moe_qm9_cycle/recompute_inputs/gaussian_gjf/pqr_0412.gjf,runs/pqr_full_domain_moe_qm9_cycle/recompute_inputs/orca_inp/pqr_0412.inp
pqr_0413,CCCCCCOc1nsnc1C1=CCCN(C)C1,heteroatom_rich_non_qm9,7.948,6.2774776193880495,3.2426398373738934,low_confidence,0,1,runs/pqr_full_domain_moe_qm9_cycle/recompute_inputs/xyz/pqr_0413.xyz,runs/pqr_full_domain_moe_qm9_cycle/recompute_inputs/gaussian_gjf/pqr_0413.gjf,runs/pqr_full_domain_moe_qm9_cycle/recompute_inputs/orca_inp/pqr_0413.inp
pqr_0414,CSc1cc(O)c(SC)c(SC)c1O,heteroatom_rich_non_qm9,10.041,6.322576660164782,1.4555322250845606,low_confidence,0,1,runs/pqr_full_domain_moe_qm9_cycle/recompute_inputs/xyz/pqr_0414.xyz,runs/pqr_full_domain_moe_qm9_cycle/recompute_inputs/gaussian_gjf/pqr_0414.gjf,runs/pqr_full_domain_moe_qm9_cycle/recompute_inputs/orca_inp/pqr_0414.inp
pqr_0415,C=CCCl,heteroatom_rich_non_qm9,10.818,6.79658177541341,1.083209083258767,low_confidence,0,1,runs/pqr_full_domain_moe_qm9_cycle/recompute_inputs/xyz/pqr_0415.xyz,runs/pqr_full_domain_moe_qm9_cycle/recompute_inputs/gaussian_gjf/pqr_0415.gjf,runs/pqr_full_domain_moe_qm9_cycle/recompute_inputs/orca_inp/pqr_0415.inp
pqr_0416,CCC(C)(C)CC(=O)S[C@@H]1C[C@H]1C,heteroatom_rich_non_qm9,11.642,6.798435630352884,1.5702767275665828,low_confidence,0,1,runs/pqr_full_domain_moe_qm9_cycle/recompute_inputs/xyz/pqr_0416.xyz,runs/pqr_full_domain_moe_qm9_cycle/recompute_inputs/gaussian_gjf/pqr_0416.gjf,runs/pqr_full_domain_moe_qm9_cycle/recompute_inputs/orca_inp/pqr_0416.inp
pqr_0417,CSCC[C@@](C)(N)C(=O)O,heteroatom_rich_non_qm9,11.666,7.141137066748524,1.1380191405068647,low_confidence,0,1,runs/pqr_full_domain_moe_qm9_cycle/recompute_inputs/xyz/pqr_0417.xyz,runs/pqr_full_domain_moe_qm9_cycle/recompute_inputs/gaussian_gjf/pqr_0417.gjf,runs/pqr_full_domain_moe_qm9_cycle/recompute_inputs/orca_inp/pqr_0417.inp
pqr_0418,O=C(O)[C@H]1CO[P@@](=O)(O)O[P@@](=O)(O)O1,heteroatom_rich_non_qm9,8.718,6.85450335129034,3.4089326239515643,low_confidence,0,1,runs/pqr_full_domain_moe_qm9_cycle/recompute_inputs/xyz/pqr_0418.xyz,runs/pqr_full_domain_moe_qm9_cycle/recompute_inputs/gaussian_gjf/pqr_0418.gjf,runs/pqr_full_domain_moe_qm9_cycle/recompute_inputs/orca_inp/pqr_0418.inp
pqr_0419,Brc1cc(Br)c(Oc2c(Br)cc(Br)c(Br)c2Br)c(Br)c1Br,heteroatom_rich_non_qm9,11.192,6.287515154195749,0.6130562430287831,low_confidence,0,1,runs/pqr_full_domain_moe_qm9_cycle/recompute_inputs/xyz/pqr_0419.xyz,runs/pqr_full_domain_moe_qm9_cycle/recompute_inputs/gaussian_gjf/pqr_0419.gjf,runs/pqr_full_domain_moe_qm9_cycle/recompute_inputs/orca_inp/pqr_0419.inp
pqr_0420,C[C@H](O)C(=O)Nc1c(I)c(C(=O)NC(CO)CO)c(I)c(C(=O)NC(CO)CO)c1I,heteroatom_rich_non_qm9,7.712999999999999,6.262082472034434,3.993730093469919,low_confidence,0,1,runs/pqr_full_domain_moe_qm9_cycle/recompute_inputs/xyz/pqr_0420.xyz,runs/pqr_full_domain_moe_qm9_cycle/recompute_inputs/gaussian_gjf/pqr_0420.gjf,runs/pqr_full_domain_moe_qm9_cycle/recompute_inputs/orca_inp/pqr_0420.inp
pqr_0421,O=C(O)CNCP(=O)(O)O,heteroatom_rich_non_qm9,9.861,6.745009755543921,2.251319061542322,low_confidence,0,1,runs/pqr_full_domain_moe_qm9_cycle/recompute_inputs/xyz/pqr_0421.xyz,runs/pqr_full_domain_moe_qm9_cycle/recompute_inputs/gaussian_gjf/pqr_0421.gjf,runs/pqr_full_domain_moe_qm9_cycle/recompute_inputs/orca_inp/pqr_0421.inp
pqr_0422,C[C@H]1C[C@H]1C(=O)SC1CCC1,heteroatom_rich_non_qm9,11.755,6.778196807819334,0.8926181595678955,low_confidence,0,1,runs/pqr_full_domain_moe_qm9_cycle/recompute_inputs/xyz/pqr_0422.xyz,runs/pqr_full_domain_moe_qm9_cycle/recompute_inputs/gaussian_gjf/pqr_0422.gjf,runs/pqr_full_domain_moe_qm9_cycle/recompute_inputs/orca_inp/pqr_0422.inp
pqr_0423,CCCCCC/C=C\CCCCCCCC(=O)O[C@H](COC(=O)CCCCCCC/C=C\CCCCCCCC)CO[P@@](=O)(O)OC[C@H](O)CO,heteroatom_rich_non_qm9,9.224,6.269176526044485,2.570830796333757,low_confidence,0,1,runs/pqr_full_domain_moe_qm9_cycle/recompute_inputs/xyz/pqr_0423.xyz,runs/pqr_full_domain_moe_qm9_cycle/recompute_inputs/gaussian_gjf/pqr_0423.gjf,runs/pqr_full_domain_moe_qm9_cycle/recompute_inputs/orca_inp/pqr_0423.inp
pqr_0424,O=C(O)CS,heteroatom_rich_non_qm9,8.559000000000001,7.081743172072262,4.050276746472754,low_confidence,0,1,runs/pqr_full_domain_moe_qm9_cycle/recompute_inputs/xyz/pqr_0424.xyz,runs/pqr_full_domain_moe_qm9_cycle/recompute_inputs/gaussian_gjf/pqr_0424.gjf,runs/pqr_full_domain_moe_qm9_cycle/recompute_inputs/orca_inp/pqr_0424.inp
pqr_0425,Clc1ccccc1Cl,heteroatom_rich_non_qm9,12.254,6.318240072090496,2.4422656884106093,low_confidence,0,1,runs/pqr_full_domain_moe_qm9_cycle/recompute_inputs/xyz/pqr_0425.xyz,runs/pqr_full_domain_moe_qm9_cycle/recompute_inputs/gaussian_gjf/pqr_0425.gjf,runs/pqr_full_domain_moe_qm9_cycle/recompute_inputs/orca_inp/pqr_0425.inp
pqr_0426,CC[C@H](C)C(=O)S[C@@H]1C[C@H]1C,heteroatom_rich_non_qm9,11.626,6.777655615294929,1.341174703267917,low_confidence,0,1,runs/pqr_full_domain_moe_qm9_cycle/recompute_inputs/xyz/pqr_0426.xyz,runs/pqr_full_domain_moe_qm9_cycle/recompute_inputs/gaussian_gjf/pqr_0426.gjf,runs/pqr_full_domain_moe_qm9_cycle/recompute_inputs/orca_inp/pqr_0426.inp
pqr_0427,CNC(=S)NC,heteroatom_rich_non_qm9,11.517,6.986708180675372,0.4003955779963064,low_confidence,0,1,runs/pqr_full_domain_moe_qm9_cycle/recompute_inputs/xyz/pqr_0427.xyz,runs/pqr_full_domain_moe_qm9_cycle/recompute_inputs/gaussian_gjf/pqr_0427.gjf,runs/pqr_full_domain_moe_qm9_cycle/recompute_inputs/orca_inp/pqr_0427.inp
pqr_0428,NS(=O)(=O)c1nnc(NC(=O)[C@]23C[C@H]4C[C@H](C[C@H](C4)C2)C3)s1,heteroatom_rich_non_qm9,7.864,6.323391780432528,3.795233665434197,low_confidence,0,1,runs/pqr_full_domain_moe_qm9_cycle/recompute_inputs/xyz/pqr_0428.xyz,runs/pqr_full_domain_moe_qm9_cycle/recompute_inputs/gaussian_gjf/pqr_0428.gjf,runs/pqr_full_domain_moe_qm9_cycle/recompute_inputs/orca_inp/pqr_0428.inp
pqr_0429,CCOC(=O)[C@H]1CC2(CC3(CC(COS(C)(O)O)(COS(C)(O)O)C3)C2)[C@@H]1C(=O)OCC,heteroatom_rich_non_qm9,10.706,6.516583872050717,1.783445275081391,low_confidence,0,1,runs/pqr_full_domain_moe_qm9_cycle/recompute_inputs/xyz/pqr_0429.xyz,runs/pqr_full_domain_moe_qm9_cycle/recompute_inputs/gaussian_gjf/pqr_0429.gjf,runs/pqr_full_domain_moe_qm9_cycle/recompute_inputs/orca_inp/pqr_0429.inp
pqr_0430,O=S(Br)Br,heteroatom_rich_non_qm9,7.569000000000001,7.072794813618092,5.108981238649973,low_confidence,0,1,runs/pqr_full_domain_moe_qm9_cycle/recompute_inputs/xyz/pqr_0430.xyz,runs/pqr_full_domain_moe_qm9_cycle/recompute_inputs/gaussian_gjf/pqr_0430.gjf,runs/pqr_full_domain_moe_qm9_cycle/recompute_inputs/orca_inp/pqr_0430.inp
pqr_0431,C[C@H](N)Cc1ccc(I)cc1,heteroatom_rich_non_qm9,8.567,6.428191196376314,1.6994500889184678,low_confidence,0,1,runs/pqr_full_domain_moe_qm9_cycle/recompute_inputs/xyz/pqr_0431.xyz,runs/pqr_full_domain_moe_qm9_cycle/recompute_inputs/gaussian_gjf/pqr_0431.gjf,runs/pqr_full_domain_moe_qm9_cycle/recompute_inputs/orca_inp/pqr_0431.inp
pqr_0432,CN1C(=O)[C@H]2SS[C@@H]1C(=O)N2C,heteroatom_rich_non_qm9,6.832000000000001,6.303925151110905,4.962008581270519,low_confidence,0,1,runs/pqr_full_domain_moe_qm9_cycle/recompute_inputs/xyz/pqr_0432.xyz,runs/pqr_full_domain_moe_qm9_cycle/recompute_inputs/gaussian_gjf/pqr_0432.gjf,runs/pqr_full_domain_moe_qm9_cycle/recompute_inputs/orca_inp/pqr_0432.inp
pqr_0433,C[C@@H]1CN([C@H]2C[C@H](O)[C@@H](CO[P@@](=O)(O)O[P@](=O)(O)O[C@H]3O[C@H](C)[C@H](/N=C/[C@H]4[C@H](COP(=O)(O)O)CN[C@@H](C)[C@@H]4O)[C@H](O)[C@H]3O)O2)C(=O)NC1=O,heteroatom_rich_non_qm9,7.738,6.592970797417438,4.398246174913335,low_confidence,0,1,runs/pqr_full_domain_moe_qm9_cycle/recompute_inputs/xyz/pqr_0433.xyz,runs/pqr_full_domain_moe_qm9_cycle/recompute_inputs/gaussian_gjf/pqr_0433.gjf,runs/pqr_full_domain_moe_qm9_cycle/recompute_inputs/orca_inp/pqr_0433.inp
pqr_0434,CCCCCCCCCCCCCCCC(=O)OC[C@H](CSC[C@H](N)CO)OC(=O)CCCCCCCCCCCCCCC,heteroatom_rich_non_qm9,8.703000000000001,7.189308647301207,3.596229657138585,low_confidence,0,1,runs/pqr_full_domain_moe_qm9_cycle/recompute_inputs/xyz/pqr_0434.xyz,runs/pqr_full_domain_moe_qm9_cycle/recompute_inputs/gaussian_gjf/pqr_0434.gjf,runs/pqr_full_domain_moe_qm9_cycle/recompute_inputs/orca_inp/pqr_0434.inp
pqr_0435,C[C@H]1C[C@@H](C(=S)C2CC2)C1,heteroatom_rich_non_qm9,7.301,7.313965759712852,5.449335094398762,low_confidence,0,1,runs/pqr_full_domain_moe_qm9_cycle/recompute_inputs/xyz/pqr_0435.xyz,runs/pqr_full_domain_moe_qm9_cycle/recompute_inputs/gaussian_gjf/pqr_0435.gjf,runs/pqr_full_domain_moe_qm9_cycle/recompute_inputs/orca_inp/pqr_0435.inp
pqr_0436,C[C@@H]1CCC(=N)S1,heteroatom_rich_non_qm9,8.571,7.292005461694268,4.209869676336533,low_confidence,0,1,runs/pqr_full_domain_moe_qm9_cycle/recompute_inputs/xyz/pqr_0436.xyz,runs/pqr_full_domain_moe_qm9_cycle/recompute_inputs/gaussian_gjf/pqr_0436.gjf,runs/pqr_full_domain_moe_qm9_cycle/recompute_inputs/orca_inp/pqr_0436.inp
pqr_0437,CC(=O)OC[C@H]1O[C@H](Br)[C@H](OC(C)=O)[C@@H](OC(C)=O)[C@@H]1OC(C)=O,heteroatom_rich_non_qm9,13.298,6.577757211175752,1.1772002884710755,low_confidence,0,1,runs/pqr_full_domain_moe_qm9_cycle/recompute_inputs/xyz/pqr_0437.xyz,runs/pqr_full_domain_moe_qm9_cycle/recompute_inputs/gaussian_gjf/pqr_0437.gjf,runs/pqr_full_domain_moe_qm9_cycle/recompute_inputs/orca_inp/pqr_0437.inp
pqr_0438,NC(=O)C1=NC=N[C@@H]1/N=N/N(CCCl)CCCl,heteroatom_rich_non_qm9,8.591,6.333250772412938,3.4303076406315096,low_confidence,0,1,runs/pqr_full_domain_moe_qm9_cycle/recompute_inputs/xyz/pqr_0438.xyz,runs/pqr_full_domain_moe_qm9_cycle/recompute_inputs/gaussian_gjf/pqr_0438.gjf,runs/pqr_full_domain_moe_qm9_cycle/recompute_inputs/orca_inp/pqr_0438.inp
pqr_0439,CC(C)O[P@](=O)(O)OC[C@H](N)C(=O)O,heteroatom_rich_non_qm9,9.176,6.847229782199074,2.964068263273388,low_confidence,0,1,runs/pqr_full_domain_moe_qm9_cycle/recompute_inputs/xyz/pqr_0439.xyz,runs/pqr_full_domain_moe_qm9_cycle/recompute_inputs/gaussian_gjf/pqr_0439.gjf,runs/pqr_full_domain_moe_qm9_cycle/recompute_inputs/orca_inp/pqr_0439.inp
pqr_0440,C=C(C)C(=O)OCCCCCCCCCCCBr,heteroatom_rich_non_qm9,10.057,6.37182320539813,2.0105225815035244,low_confidence,0,1,runs/pqr_full_domain_moe_qm9_cycle/recompute_inputs/xyz/pqr_0440.xyz,runs/pqr_full_domain_moe_qm9_cycle/recompute_inputs/gaussian_gjf/pqr_0440.gjf,runs/pqr_full_domain_moe_qm9_cycle/recompute_inputs/orca_inp/pqr_0440.inp
pqr_0441,CCCC(=O)OC(=C(Cl)Cl)P(=O)(OC)OC,heteroatom_rich_non_qm9,11.956,6.62176181996336,0.0872013608747597,low_confidence,0,1,runs/pqr_full_domain_moe_qm9_cycle/recompute_inputs/xyz/pqr_0441.xyz,runs/pqr_full_domain_moe_qm9_cycle/recompute_inputs/gaussian_gjf/pqr_0441.gjf,runs/pqr_full_domain_moe_qm9_cycle/recompute_inputs/orca_inp/pqr_0441.inp
pqr_0442,CC[C@]1(Cl)C(=O)NC(=O)N([C@H]2C[C@H](O)[C@@H](CO)O2)[C@@H]1OC,heteroatom_rich_non_qm9,12.765,6.5449546877921545,0.8910643661435458,low_confidence,0,1,runs/pqr_full_domain_moe_qm9_cycle/recompute_inputs/xyz/pqr_0442.xyz,runs/pqr_full_domain_moe_qm9_cycle/recompute_inputs/gaussian_gjf/pqr_0442.gjf,runs/pqr_full_domain_moe_qm9_cycle/recompute_inputs/orca_inp/pqr_0442.inp
pqr_0443,C=C(C)C(=O)O[C@H]1CC(=C)[C@@H]2[C@@H](O)[C@H](O)[C@](O)(CCl)[C@@H]2[C@H]2OC(=O)C(=C)[C@@H]21,heteroatom_rich_non_qm9,9.761,6.289322605076206,1.7281156063946934,low_confidence,0,1,runs/pqr_full_domain_moe_qm9_cycle/recompute_inputs/xyz/pqr_0443.xyz,runs/pqr_full_domain_moe_qm9_cycle/recompute_inputs/gaussian_gjf/pqr_0443.gjf,runs/pqr_full_domain_moe_qm9_cycle/recompute_inputs/orca_inp/pqr_0443.inp
pqr_0444,CO[P@](O)(=S)O[C@H]1CC[C@@]2(C)C(=CC[C@@H]3[C@@H]2CC[C@]2(C)C(=O)CC[C@@H]32)C1,heteroatom_rich_non_qm9,8.767,6.288398548723501,3.1844421023078766,low_confidence,0,1,runs/pqr_full_domain_moe_qm9_cycle/recompute_inputs/xyz/pqr_0444.xyz,runs/pqr_full_domain_moe_qm9_cycle/recompute_inputs/gaussian_gjf/pqr_0444.gjf,runs/pqr_full_domain_moe_qm9_cycle/recompute_inputs/orca_inp/pqr_0444.inp
pqr_0445,CCCO[C@@H]1[C@H](O)[C@@H](COP(=O)(O)O)O[C@H]1n1cc(C)c(=O)[nH]c1=O,heteroatom_rich_non_qm9,8.755,6.271566496911652,2.097788855026554,low_confidence,0,1,runs/pqr_full_domain_moe_qm9_cycle/recompute_inputs/xyz/pqr_0445.xyz,runs/pqr_full_domain_moe_qm9_cycle/recompute_inputs/gaussian_gjf/pqr_0445.gjf,runs/pqr_full_domain_moe_qm9_cycle/recompute_inputs/orca_inp/pqr_0445.inp
pqr_0446,Fc1c(F)c(F)c(I)c(F)c1F,heteroatom_rich_non_qm9,10.743,6.302258502009252,0.2412284389024819,low_confidence,0,1,runs/pqr_full_domain_moe_qm9_cycle/recompute_inputs/xyz/pqr_0446.xyz,runs/pqr_full_domain_moe_qm9_cycle/recompute_inputs/gaussian_gjf/pqr_0446.gjf,runs/pqr_full_domain_moe_qm9_cycle/recompute_inputs/orca_inp/pqr_0446.inp
pqr_0447,CC1([C@@H](NC(=O)[C@H](CS)NC(=O)CCC[C@H](N)C(=O)O)C(=O)O)CC1,heteroatom_rich_non_qm9,8.278,6.51882734094206,3.962451585057403,low_confidence,0,1,runs/pqr_full_domain_moe_qm9_cycle/recompute_inputs/xyz/pqr_0447.xyz,runs/pqr_full_domain_moe_qm9_cycle/recompute_inputs/gaussian_gjf/pqr_0447.gjf,runs/pqr_full_domain_moe_qm9_cycle/recompute_inputs/orca_inp/pqr_0447.inp
pqr_0448,N[C@H](CCSC[C@@H](N)C(=O)O)C(=O)O,heteroatom_rich_non_qm9,11.689,6.694539123139647,0.5733099803569814,low_confidence,0,1,runs/pqr_full_domain_moe_qm9_cycle/recompute_inputs/xyz/pqr_0448.xyz,runs/pqr_full_domain_moe_qm9_cycle/recompute_inputs/gaussian_gjf/pqr_0448.gjf,runs/pqr_full_domain_moe_qm9_cycle/recompute_inputs/orca_inp/pqr_0448.inp
pqr_0449,CCc1c(Br)c(Br)c(Br)c(Br)c1Br,heteroatom_rich_non_qm9,8.414,6.404008543253642,2.2608706433325754,low_confidence,0,1,runs/pqr_full_domain_moe_qm9_cycle/recompute_inputs/xyz/pqr_0449.xyz,runs/pqr_full_domain_moe_qm9_cycle/recompute_inputs/gaussian_gjf/pqr_0449.gjf,runs/pqr_full_domain_moe_qm9_cycle/recompute_inputs/orca_inp/pqr_0449.inp
pqr_0450,CCCCC[S@@](=O)[C@H]1CC1(C)C,heteroatom_rich_non_qm9,12.764,8.099555496491005,0.0731006830018419,low_confidence,0,1,runs/pqr_full_domain_moe_qm9_cycle/recompute_inputs/xyz/pqr_0450.xyz,runs/pqr_full_domain_moe_qm9_cycle/recompute_inputs/gaussian_gjf/pqr_0450.gjf,runs/pqr_full_domain_moe_qm9_cycle/recompute_inputs/orca_inp/pqr_0450.inp
pqr_0451,CC[C@@H](C)PC1CCC1,heteroatom_rich_non_qm9,13.135,8.924444650299137,0.4958306199320272,low_confidence,0,1,runs/pqr_full_domain_moe_qm9_cycle/recompute_inputs/xyz/pqr_0451.xyz,runs/pqr_full_domain_moe_qm9_cycle/recompute_inputs/gaussian_gjf/pqr_0451.gjf,runs/pqr_full_domain_moe_qm9_cycle/recompute_inputs/orca_inp/pqr_0451.inp
pqr_0452,CSSSSC,heteroatom_rich_non_qm9,9.881,8.876202448396562,3.139009130035941,low_confidence,0,1,runs/pqr_full_domain_moe_qm9_cycle/recompute_inputs/xyz/pqr_0452.xyz,runs/pqr_full_domain_moe_qm9_cycle/recompute_inputs/gaussian_gjf/pqr_0452.gjf,runs/pqr_full_domain_moe_qm9_cycle/recompute_inputs/orca_inp/pqr_0452.inp
pqr_0453,OC(O)CCl,heteroatom_rich_non_qm9,14.549,8.551280682630757,1.1155369704439764,low_confidence,0,1,runs/pqr_full_domain_moe_qm9_cycle/recompute_inputs/xyz/pqr_0453.xyz,runs/pqr_full_domain_moe_qm9_cycle/recompute_inputs/gaussian_gjf/pqr_0453.gjf,runs/pqr_full_domain_moe_qm9_cycle/recompute_inputs/orca_inp/pqr_0453.inp
pqr_0454,O=S(=O)(O)CCN(CCCl)CCCl,heteroatom_rich_non_qm9,13.187,8.015304934746032,0.8380257642375497,low_confidence,0,1,runs/pqr_full_domain_moe_qm9_cycle/recompute_inputs/xyz/pqr_0454.xyz,runs/pqr_full_domain_moe_qm9_cycle/recompute_inputs/gaussian_gjf/pqr_0454.gjf,runs/pqr_full_domain_moe_qm9_cycle/recompute_inputs/orca_inp/pqr_0454.inp
pqr_0455,C[C@H]1CC[C@@H]1[S@@](=O)CCC(C)(C)C,heteroatom_rich_non_qm9,12.809,8.038748871940351,0.0788218612656486,low_confidence,0,1,runs/pqr_full_domain_moe_qm9_cycle/recompute_inputs/xyz/pqr_0455.xyz,runs/pqr_full_domain_moe_qm9_cycle/recompute_inputs/gaussian_gjf/pqr_0455.gjf,runs/pqr_full_domain_moe_qm9_cycle/recompute_inputs/orca_inp/pqr_0455.inp
pqr_0456,CC[C@H](C)SC,heteroatom_rich_non_qm9,11.727,8.864808047843681,1.7370079631434514,low_confidence,0,1,runs/pqr_full_domain_moe_qm9_cycle/recompute_inputs/xyz/pqr_0456.xyz,runs/pqr_full_domain_moe_qm9_cycle/recompute_inputs/gaussian_gjf/pqr_0456.gjf,runs/pqr_full_domain_moe_qm9_cycle/recompute_inputs/orca_inp/pqr_0456.inp
pqr_0457,CC(C)CCCS[C@H]1CC1(C)C,heteroatom_rich_non_qm9,11.706,8.694903120750915,1.95456527762207,low_confidence,0,1,runs/pqr_full_domain_moe_qm9_cycle/recompute_inputs/xyz/pqr_0457.xyz,runs/pqr_full_domain_moe_qm9_cycle/recompute_inputs/gaussian_gjf/pqr_0457.gjf,runs/pqr_full_domain_moe_qm9_cycle/recompute_inputs/orca_inp/pqr_0457.inp
pqr_0458,CC(C)CCP[C@@H]1C[C@@H]1C,heteroatom_rich_non_qm9,13.194,8.884107348658576,0.3520371623630218,low_confidence,0,1,runs/pqr_full_domain_moe_qm9_cycle/recompute_inputs/xyz/pqr_0458.xyz,runs/pqr_full_domain_moe_qm9_cycle/recompute_inputs/gaussian_gjf/pqr_0458.gjf,runs/pqr_full_domain_moe_qm9_cycle/recompute_inputs/orca_inp/pqr_0458.inp
pqr_0459,BrCI,heteroatom_rich_non_qm9,12.067,9.238770215201924,1.3660733758863175,low_confidence,0,1,runs/pqr_full_domain_moe_qm9_cycle/recompute_inputs/xyz/pqr_0459.xyz,runs/pqr_full_domain_moe_qm9_cycle/recompute_inputs/gaussian_gjf/pqr_0459.gjf,runs/pqr_full_domain_moe_qm9_cycle/recompute_inputs/orca_inp/pqr_0459.inp
pqr_0460,[F][Ti]([F])([Cl])[Cl],heteroatom_rich_non_qm9,12.259,8.881649997659778,1.1164783215120124,low_confidence,0,1,runs/pqr_full_domain_moe_qm9_cycle/recompute_inputs/xyz/pqr_0460.xyz,runs/pqr_full_domain_moe_qm9_cycle/recompute_inputs/gaussian_gjf/pqr_0460.gjf,runs/pqr_full_domain_moe_qm9_cycle/recompute_inputs/orca_inp/pqr_0460.inp
pqr_0461,CC(C)(C)CCC(=S)[C@H]1CC1(C)C,heteroatom_rich_non_qm9,7.338000000000001,7.387277208984605,6.031347801053766,low_confidence,0,1,runs/pqr_full_domain_moe_qm9_cycle/recompute_inputs/xyz/pqr_0461.xyz,runs/pqr_full_domain_moe_qm9_cycle/recompute_inputs/gaussian_gjf/pqr_0461.gjf,runs/pqr_full_domain_moe_qm9_cycle/recompute_inputs/orca_inp/pqr_0461.inp
pqr_0462,CCOP(=O)(OCC)SCSP(=O)(OCC)OCC,heteroatom_rich_non_qm9,7.983999999999999,8.12748863426426,4.570712431411962,low_confidence,0,1,runs/pqr_full_domain_moe_qm9_cycle/recompute_inputs/xyz/pqr_0462.xyz,runs/pqr_full_domain_moe_qm9_cycle/recompute_inputs/gaussian_gjf/pqr_0462.gjf,runs/pqr_full_domain_moe_qm9_cycle/recompute_inputs/orca_inp/pqr_0462.inp
pqr_0463,CC(C)CC(=S)C1CC(C)(C)C1,heteroatom_rich_non_qm9,10.645,7.425765306707872,2.580054137906074,low_confidence,0,1,runs/pqr_full_domain_moe_qm9_cycle/recompute_inputs/xyz/pqr_0463.xyz,runs/pqr_full_domain_moe_qm9_cycle/recompute_inputs/gaussian_gjf/pqr_0463.gjf,runs/pqr_full_domain_moe_qm9_cycle/recompute_inputs/orca_inp/pqr_0463.inp
pqr_0464,CPCC(C)(C)C,heteroatom_rich_non_qm9,13.239999999999998,9.000786392754618,0.8722331350255743,low_confidence,0,1,runs/pqr_full_domain_moe_qm9_cycle/recompute_inputs/xyz/pqr_0464.xyz,runs/pqr_full_domain_moe_qm9_cycle/recompute_inputs/gaussian_gjf/pqr_0464.gjf,runs/pqr_full_domain_moe_qm9_cycle/recompute_inputs/orca_inp/pqr_0464.inp
pqr_0465,O=[S@](O)CO,heteroatom_rich_non_qm9,12.644,8.097937720930064,0.3602650881463471,low_confidence,0,1,runs/pqr_full_domain_moe_qm9_cycle/recompute_inputs/xyz/pqr_0465.xyz,runs/pqr_full_domain_moe_qm9_cycle/recompute_inputs/gaussian_gjf/pqr_0465.gjf,runs/pqr_full_domain_moe_qm9_cycle/recompute_inputs/orca_inp/pqr_0465.inp
pqr_0466,CPCCC(C)(C)C,heteroatom_rich_non_qm9,13.234,9.026620134680735,1.0611968335837003,low_confidence,0,1,runs/pqr_full_domain_moe_qm9_cycle/recompute_inputs/xyz/pqr_0466.xyz,runs/pqr_full_domain_moe_qm9_cycle/recompute_inputs/gaussian_gjf/pqr_0466.gjf,runs/pqr_full_domain_moe_qm9_cycle/recompute_inputs/orca_inp/pqr_0466.inp
pqr_0467,CC[C@H](C)P[C@@H]1C[C@H]1C,heteroatom_rich_non_qm9,13.1135,8.872725744613753,0.4228096805897454,low_confidence,0,1,runs/pqr_full_domain_moe_qm9_cycle/recompute_inputs/xyz/pqr_0467.xyz,runs/pqr_full_domain_moe_qm9_cycle/recompute_inputs/gaussian_gjf/pqr_0467.gjf,runs/pqr_full_domain_moe_qm9_cycle/recompute_inputs/orca_inp/pqr_0467.inp
pqr_0468,CCC(C)(C)CC(=S)C1CCCCC1,heteroatom_rich_non_qm9,10.58,7.426157796127525,2.6635225061134893,low_confidence,0,1,runs/pqr_full_domain_moe_qm9_cycle/recompute_inputs/xyz/pqr_0468.xyz,runs/pqr_full_domain_moe_qm9_cycle/recompute_inputs/gaussian_gjf/pqr_0468.gjf,runs/pqr_full_domain_moe_qm9_cycle/recompute_inputs/orca_inp/pqr_0468.inp
pqr_0469,CCCCC[S@@](=O)C(C)(C)CCC,heteroatom_rich_non_qm9,12.7165,8.029905409339722,0.1498428113903696,low_confidence,0,1,runs/pqr_full_domain_moe_qm9_cycle/recompute_inputs/xyz/pqr_0469.xyz,runs/pqr_full_domain_moe_qm9_cycle/recompute_inputs/gaussian_gjf/pqr_0469.gjf,runs/pqr_full_domain_moe_qm9_cycle/recompute_inputs/orca_inp/pqr_0469.inp
pqr_0470,[Cl][Pt][Cl],heteroatom_rich_non_qm9,9.265,8.491894328641367,3.689943252656123,low_confidence,0,1,runs/pqr_full_domain_moe_qm9_cycle/recompute_inputs/xyz/pqr_0470.xyz,runs/pqr_full_domain_moe_qm9_cycle/recompute_inputs/gaussian_gjf/pqr_0470.gjf,runs/pqr_full_domain_moe_qm9_cycle/recompute_inputs/orca_inp/pqr_0470.inp
pqr_0471,CCCCS[C@@H]1CC[C@H]1C,heteroatom_rich_non_qm9,11.693,8.756728465269,1.7135076934825015,low_confidence,0,1,runs/pqr_full_domain_moe_qm9_cycle/recompute_inputs/xyz/pqr_0471.xyz,runs/pqr_full_domain_moe_qm9_cycle/recompute_inputs/gaussian_gjf/pqr_0471.gjf,runs/pqr_full_domain_moe_qm9_cycle/recompute_inputs/orca_inp/pqr_0471.inp
pqr_0472,C[C@H]1C[C@@H]1[S@](=O)[C@@H]1CC1(C)C,heteroatom_rich_non_qm9,12.779,8.051281048363508,0.2419630431791652,low_confidence,0,1,runs/pqr_full_domain_moe_qm9_cycle/recompute_inputs/xyz/pqr_0472.xyz,runs/pqr_full_domain_moe_qm9_cycle/recompute_inputs/gaussian_gjf/pqr_0472.gjf,runs/pqr_full_domain_moe_qm9_cycle/recompute_inputs/orca_inp/pqr_0472.inp
pqr_0473,CCCCCS[C@H](C)CCC,heteroatom_rich_non_qm9,11.714,8.823680334609596,1.9558069035391392,low_confidence,0,1,runs/pqr_full_domain_moe_qm9_cycle/recompute_inputs/xyz/pqr_0473.xyz,runs/pqr_full_domain_moe_qm9_cycle/recompute_inputs/gaussian_gjf/pqr_0473.gjf,runs/pqr_full_domain_moe_qm9_cycle/recompute_inputs/orca_inp/pqr_0473.inp
pqr_0474,S=P(N1CC1)(N1CC1)N1CCN(P(=S)(N2CC2)N2CC2)CC1,heteroatom_rich_non_qm9,8.556999999999999,7.900852229531424,3.806971456746103,low_confidence,0,1,runs/pqr_full_domain_moe_qm9_cycle/recompute_inputs/xyz/pqr_0474.xyz,runs/pqr_full_domain_moe_qm9_cycle/recompute_inputs/gaussian_gjf/pqr_0474.gjf,runs/pqr_full_domain_moe_qm9_cycle/recompute_inputs/orca_inp/pqr_0474.inp
pqr_0475,CC1(C)C[C@H]1SC1CCC1,heteroatom_rich_non_qm9,11.685,8.646277567485402,1.8504285865717112,low_confidence,0,1,runs/pqr_full_domain_moe_qm9_cycle/recompute_inputs/xyz/pqr_0475.xyz,runs/pqr_full_domain_moe_qm9_cycle/recompute_inputs/gaussian_gjf/pqr_0475.gjf,runs/pqr_full_domain_moe_qm9_cycle/recompute_inputs/orca_inp/pqr_0475.inp
pqr_0476,CC(C)P[C@H]1CC[C@H]1C,heteroatom_rich_non_qm9,13.0405,8.87586831089297,0.6953437496614736,low_confidence,0,1,runs/pqr_full_domain_moe_qm9_cycle/recompute_inputs/xyz/pqr_0476.xyz,runs/pqr_full_domain_moe_qm9_cycle/recompute_inputs/gaussian_gjf/pqr_0476.gjf,runs/pqr_full_domain_moe_qm9_cycle/recompute_inputs/orca_inp/pqr_0476.inp
pqr_0477,CC[C@H](C)[S@](=O)[C@H]1CC[C@@H]1C,heteroatom_rich_non_qm9,12.737,8.01384403649568,0.103856518092444,low_confidence,0,1,runs/pqr_full_domain_moe_qm9_cycle/recompute_inputs/xyz/pqr_0477.xyz,runs/pqr_full_domain_moe_qm9_cycle/recompute_inputs/gaussian_gjf/pqr_0477.gjf,runs/pqr_full_domain_moe_qm9_cycle/recompute_inputs/orca_inp/pqr_0477.inp
pqr_0478,O=P(CC(Cl)(Cl)Cl)(CC(Cl)(Cl)Cl)[C@@H](O)CCO,heteroatom_rich_non_qm9,9.429,8.057414164160477,3.26074005014887,low_confidence,0,1,runs/pqr_full_domain_moe_qm9_cycle/recompute_inputs/xyz/pqr_0478.xyz,runs/pqr_full_domain_moe_qm9_cycle/recompute_inputs/gaussian_gjf/pqr_0478.gjf,runs/pqr_full_domain_moe_qm9_cycle/recompute_inputs/orca_inp/pqr_0478.inp
pqr_0479,CS[C@H]1C[C@@H]1C,heteroatom_rich_non_qm9,11.708,8.774564862049655,1.354381976920683,low_confidence,0,1,runs/pqr_full_domain_moe_qm9_cycle/recompute_inputs/xyz/pqr_0479.xyz,runs/pqr_full_domain_moe_qm9_cycle/recompute_inputs/gaussian_gjf/pqr_0479.gjf,runs/pqr_full_domain_moe_qm9_cycle/recompute_inputs/orca_inp/pqr_0479.inp
pqr_0480,[Br][Bi]([Br])[Br],heteroatom_rich_non_qm9,7.616,8.441139805271664,5.320030377208706,low_confidence,0,1,runs/pqr_full_domain_moe_qm9_cycle/recompute_inputs/xyz/pqr_0480.xyz,runs/pqr_full_domain_moe_qm9_cycle/recompute_inputs/gaussian_gjf/pqr_0480.gjf,runs/pqr_full_domain_moe_qm9_cycle/recompute_inputs/orca_inp/pqr_0480.inp
pqr_0481,CCP(C)CC(C)(C)C,heteroatom_rich_non_qm9,12.955000000000002,8.898934402043697,1.2601243468515548,low_confidence,0,1,runs/pqr_full_domain_moe_qm9_cycle/recompute_inputs/xyz/pqr_0481.xyz,runs/pqr_full_domain_moe_qm9_cycle/recompute_inputs/gaussian_gjf/pqr_0481.gjf,runs/pqr_full_domain_moe_qm9_cycle/recompute_inputs/orca_inp/pqr_0481.inp
pqr_0482,O[C@H](CON=S)[C@H](O)CON=S,heteroatom_rich_non_qm9,7.183999999999999,7.395539309089967,5.125609161867125,low_confidence,0,1,runs/pqr_full_domain_moe_qm9_cycle/recompute_inputs/xyz/pqr_0482.xyz,runs/pqr_full_domain_moe_qm9_cycle/recompute_inputs/gaussian_gjf/pqr_0482.gjf,runs/pqr_full_domain_moe_qm9_cycle/recompute_inputs/orca_inp/pqr_0482.inp
pqr_0483,CC(C)CCC[C@](C)(O[P@@](=O)(O)OP(=O)(O)O)[C@H](C)F,heteroatom_rich_non_qm9,8.114,8.023982139570883,4.446250463087546,low_confidence,0,1,runs/pqr_full_domain_moe_qm9_cycle/recompute_inputs/xyz/pqr_0483.xyz,runs/pqr_full_domain_moe_qm9_cycle/recompute_inputs/gaussian_gjf/pqr_0483.gjf,runs/pqr_full_domain_moe_qm9_cycle/recompute_inputs/orca_inp/pqr_0483.inp
pqr_0484,[OH][Ca][OH],heteroatom_rich_non_qm9,15.988,8.890216641350914,2.8893390573788835,low_confidence,0,1,runs/pqr_full_domain_moe_qm9_cycle/recompute_inputs/xyz/pqr_0484.xyz,runs/pqr_full_domain_moe_qm9_cycle/recompute_inputs/gaussian_gjf/pqr_0484.gjf,runs/pqr_full_domain_moe_qm9_cycle/recompute_inputs/orca_inp/pqr_0484.inp
pqr_0485,CCCCCC(=S)[C@H]1C[C@@H](C)C1,heteroatom_rich_non_qm9,7.349,7.39532463624068,5.63755180022706,low_confidence,0,1,runs/pqr_full_domain_moe_qm9_cycle/recompute_inputs/xyz/pqr_0485.xyz,runs/pqr_full_domain_moe_qm9_cycle/recompute_inputs/gaussian_gjf/pqr_0485.gjf,runs/pqr_full_domain_moe_qm9_cycle/recompute_inputs/orca_inp/pqr_0485.inp
pqr_0486,C1CN1P1(N2CC2)=NP(N2CC2)(N2CC2)=NP(N2CC2)(N2CC2)=N1,heteroatom_rich_non_qm9,8.158999999999999,7.88787063279656,4.067035751942951,low_confidence,0,1,runs/pqr_full_domain_moe_qm9_cycle/recompute_inputs/xyz/pqr_0486.xyz,runs/pqr_full_domain_moe_qm9_cycle/recompute_inputs/gaussian_gjf/pqr_0486.gjf,runs/pqr_full_domain_moe_qm9_cycle/recompute_inputs/orca_inp/pqr_0486.inp
pqr_0487,CC(C)PC1(C)CC1,heteroatom_rich_non_qm9,13.105,8.838421920156675,0.4542623488095962,low_confidence,0,1,runs/pqr_full_domain_moe_qm9_cycle/recompute_inputs/xyz/pqr_0487.xyz,runs/pqr_full_domain_moe_qm9_cycle/recompute_inputs/gaussian_gjf/pqr_0487.gjf,runs/pqr_full_domain_moe_qm9_cycle/recompute_inputs/orca_inp/pqr_0487.inp
pqr_0488,CCCCC(=S)[C@H](C)CC,heteroatom_rich_non_qm9,10.647,7.427960178490696,2.678951139273952,low_confidence,0,1,runs/pqr_full_domain_moe_qm9_cycle/recompute_inputs/xyz/pqr_0488.xyz,runs/pqr_full_domain_moe_qm9_cycle/recompute_inputs/gaussian_gjf/pqr_0488.gjf,runs/pqr_full_domain_moe_qm9_cycle/recompute_inputs/orca_inp/pqr_0488.inp
pqr_0489,O=P(O)(O)O[C@H]1OC[C@@H](O)[C@H](O)[C@H]1O,heteroatom_rich_non_qm9,10.009,7.91984858982063,2.428084173824683,low_confidence,0,1,runs/pqr_full_domain_moe_qm9_cycle/recompute_inputs/xyz/pqr_0489.xyz,runs/pqr_full_domain_moe_qm9_cycle/recompute_inputs/gaussian_gjf/pqr_0489.gjf,runs/pqr_full_domain_moe_qm9_cycle/recompute_inputs/orca_inp/pqr_0489.inp
pqr_0490,C[C@@H]1CC[C@H]1S[C@@H]1CCC1(C)C,heteroatom_rich_non_qm9,11.702,8.632768385139427,1.5629387501313925,low_confidence,0,1,runs/pqr_full_domain_moe_qm9_cycle/recompute_inputs/xyz/pqr_0490.xyz,runs/pqr_full_domain_moe_qm9_cycle/recompute_inputs/gaussian_gjf/pqr_0490.gjf,runs/pqr_full_domain_moe_qm9_cycle/recompute_inputs/orca_inp/pqr_0490.inp
pqr_0491,CC[C@H](C)[S@@](=O)[C@@H]1CC1(C)C,heteroatom_rich_non_qm9,12.751,8.02920416368689,0.0248244354770772,low_confidence,0,1,runs/pqr_full_domain_moe_qm9_cycle/recompute_inputs/xyz/pqr_0491.xyz,runs/pqr_full_domain_moe_qm9_cycle/recompute_inputs/gaussian_gjf/pqr_0491.gjf,runs/pqr_full_domain_moe_qm9_cycle/recompute_inputs/orca_inp/pqr_0491.inp
pqr_0492,C[C@@H]1CC[C@H]1P[C@H]1C[C@@H](C)C1,heteroatom_rich_non_qm9,13.144000000000002,8.790759835617262,0.2407746158488599,low_confidence,0,1,runs/pqr_full_domain_moe_qm9_cycle/recompute_inputs/xyz/pqr_0492.xyz,runs/pqr_full_domain_moe_qm9_cycle/recompute_inputs/gaussian_gjf/pqr_0492.gjf,runs/pqr_full_domain_moe_qm9_cycle/recompute_inputs/orca_inp/pqr_0492.inp
pqr_0493,BrBr,heteroatom_rich_non_qm9,11.2,7.846587842894026,1.2869826782458436,low_confidence,0,1,runs/pqr_full_domain_moe_qm9_cycle/recompute_inputs/xyz/pqr_0493.xyz,runs/pqr_full_domain_moe_qm9_cycle/recompute_inputs/gaussian_gjf/pqr_0493.gjf,runs/pqr_full_domain_moe_qm9_cycle/recompute_inputs/orca_inp/pqr_0493.inp
pqr_0494,C[C@@H]1CC[C@@H]1C(=S)C1CCCCC1,heteroatom_rich_non_qm9,10.577,7.395797314211022,2.547530456996089,low_confidence,0,1,runs/pqr_full_domain_moe_qm9_cycle/recompute_inputs/xyz/pqr_0494.xyz,runs/pqr_full_domain_moe_qm9_cycle/recompute_inputs/gaussian_gjf/pqr_0494.gjf,runs/pqr_full_domain_moe_qm9_cycle/recompute_inputs/orca_inp/pqr_0494.inp
pqr_0495,CS,heteroatom_rich_non_qm9,11.625,9.215305109485616,1.6190806913807396,low_confidence,0,1,runs/pqr_full_domain_moe_qm9_cycle/recompute_inputs/xyz/pqr_0495.xyz,runs/pqr_full_domain_moe_qm9_cycle/recompute_inputs/gaussian_gjf/pqr_0495.gjf,runs/pqr_full_domain_moe_qm9_cycle/recompute_inputs/orca_inp/pqr_0495.inp
pqr_0496,CC[C@@H](C)[S@@](=O)[C@H]1CC[C@@H]1C,heteroatom_rich_non_qm9,12.7,8.01575503323258,0.0599296440186698,low_confidence,0,1,runs/pqr_full_domain_moe_qm9_cycle/recompute_inputs/xyz/pqr_0496.xyz,runs/pqr_full_domain_moe_qm9_cycle/recompute_inputs/gaussian_gjf/pqr_0496.gjf,runs/pqr_full_domain_moe_qm9_cycle/recompute_inputs/orca_inp/pqr_0496.inp
pqr_0497,CCO[P@](C)(=O)SCCN(C)C,heteroatom_rich_non_qm9,8.370999999999999,7.900231700301879,3.650905875240735,low_confidence,0,1,runs/pqr_full_domain_moe_qm9_cycle/recompute_inputs/xyz/pqr_0497.xyz,runs/pqr_full_domain_moe_qm9_cycle/recompute_inputs/gaussian_gjf/pqr_0497.gjf,runs/pqr_full_domain_moe_qm9_cycle/recompute_inputs/orca_inp/pqr_0497.inp
pqr_0498,C[C@H]1CC[C@@H]1[S@@](=O)C1CC(C)(C)C1,heteroatom_rich_non_qm9,12.766,8.034848897242401,0.1386977954354922,low_confidence,0,1,runs/pqr_full_domain_moe_qm9_cycle/recompute_inputs/xyz/pqr_0498.xyz,runs/pqr_full_domain_moe_qm9_cycle/recompute_inputs/gaussian_gjf/pqr_0498.gjf,runs/pqr_full_domain_moe_qm9_cycle/recompute_inputs/orca_inp/pqr_0498.inp
pqr_0499,CCS[C@H]1C[C@H](C)C1,heteroatom_rich_non_qm9,11.706,8.717198303561343,1.714726300884637,low_confidence,0,1,runs/pqr_full_domain_moe_qm9_cycle/recompute_inputs/xyz/pqr_0499.xyz,runs/pqr_full_domain_moe_qm9_cycle/recompute_inputs/gaussian_gjf/pqr_0499.gjf,runs/pqr_full_domain_moe_qm9_cycle/recompute_inputs/orca_inp/pqr_0499.inp
pqr_0500,CC(C)=CCc1c(O)cc(O)cc1-c1cc2ccc(O)cc2o1,large_neutral_organic,8.436,5.60628061217124,2.6783329355677044,low_confidence,0,1,runs/pqr_full_domain_moe_qm9_cycle/recompute_inputs/xyz/pqr_0500.xyz,runs/pqr_full_domain_moe_qm9_cycle/recompute_inputs/gaussian_gjf/pqr_0500.gjf,runs/pqr_full_domain_moe_qm9_cycle/recompute_inputs/orca_inp/pqr_0500.inp
pqr_0501,O=C(O)C(=O)CC(=O)c1cccc(N(Cc2ccccc2)Cc2ccccc2)c1,large_neutral_organic,10.894,5.4764564623445136,0.2170795471248805,low_confidence,0,1,runs/pqr_full_domain_moe_qm9_cycle/recompute_inputs/xyz/pqr_0501.xyz,runs/pqr_full_domain_moe_qm9_cycle/recompute_inputs/gaussian_gjf/pqr_0501.gjf,runs/pqr_full_domain_moe_qm9_cycle/recompute_inputs/orca_inp/pqr_0501.inp
pqr_0502,Cc1c(O)ccc2c1Oc1c(ccc(O)c1C)C21OC(=O)c2ccccc21,large_neutral_organic,8.328,5.670641382894501,2.6029280651198654,low_confidence,0,1,runs/pqr_full_domain_moe_qm9_cycle/recompute_inputs/xyz/pqr_0502.xyz,runs/pqr_full_domain_moe_qm9_cycle/recompute_inputs/gaussian_gjf/pqr_0502.gjf,runs/pqr_full_domain_moe_qm9_cycle/recompute_inputs/orca_inp/pqr_0502.inp
pqr_0503,CC1(C)OC2=C(C(=O)c3cc(O)cc(O)c3C2=O)c2cc(CO)c(O)cc21,large_neutral_organic,6.901999999999999,5.472909346431338,3.947662753406594,low_confidence,0,1,runs/pqr_full_domain_moe_qm9_cycle/recompute_inputs/xyz/pqr_0503.xyz,runs/pqr_full_domain_moe_qm9_cycle/recompute_inputs/gaussian_gjf/pqr_0503.gjf,runs/pqr_full_domain_moe_qm9_cycle/recompute_inputs/orca_inp/pqr_0503.inp
pqr_0504,CC(=O)C1=C(O)C(Cc2c(O)c(C(C)=O)c(O)c3c2OC(C)(C)C=C3)=C(O)[C@@](C)(CC=C(C)C)C1=O,large_neutral_organic,8.118,5.585212032354896,3.03780041072803,low_confidence,0,1,runs/pqr_full_domain_moe_qm9_cycle/recompute_inputs/xyz/pqr_0504.xyz,runs/pqr_full_domain_moe_qm9_cycle/recompute_inputs/gaussian_gjf/pqr_0504.gjf,runs/pqr_full_domain_moe_qm9_cycle/recompute_inputs/orca_inp/pqr_0504.inp
pqr_0505,CCN(C)C(=O)c1ccc2c(c1)NC(=O)/C2=C(\Nc1ccc(CN2CCCCC2)cc1)c1ccccc1,large_neutral_organic,10.463,5.635811227453548,0.7021054926356811,low_confidence,0,1,runs/pqr_full_domain_moe_qm9_cycle/recompute_inputs/xyz/pqr_0505.xyz,runs/pqr_full_domain_moe_qm9_cycle/recompute_inputs/gaussian_gjf/pqr_0505.gjf,runs/pqr_full_domain_moe_qm9_cycle/recompute_inputs/orca_inp/pqr_0505.inp
pqr_0506,Cc1ccc([C@H](C(=O)C2C(=O)c3ccccc3C2=O)c2ccccc2)cc1,large_neutral_organic,7.845000000000001,5.3039417469757755,3.3097099869310487,low_confidence,0,1,runs/pqr_full_domain_moe_qm9_cycle/recompute_inputs/xyz/pqr_0506.xyz,runs/pqr_full_domain_moe_qm9_cycle/recompute_inputs/gaussian_gjf/pqr_0506.gjf,runs/pqr_full_domain_moe_qm9_cycle/recompute_inputs/orca_inp/pqr_0506.inp
pqr_0507,O=C(/C=C/c1ccc(O)c(O)c1)NCCc1ccc(O)cc1,large_neutral_organic,8.097000000000001,5.510842671464681,2.831695002676888,low_confidence,0,1,runs/pqr_full_domain_moe_qm9_cycle/recompute_inputs/xyz/pqr_0507.xyz,runs/pqr_full_domain_moe_qm9_cycle/recompute_inputs/gaussian_gjf/pqr_0507.gjf,runs/pqr_full_domain_moe_qm9_cycle/recompute_inputs/orca_inp/pqr_0507.inp
pqr_0508,c1cncc(Nc2ncc(-c3ccncn3)c(-c3ccco3)n2)c1,large_neutral_organic,7.664,5.565800812280079,2.853823323664047,low_confidence,0,1,runs/pqr_full_domain_moe_qm9_cycle/recompute_inputs/xyz/pqr_0508.xyz,runs/pqr_full_domain_moe_qm9_cycle/recompute_inputs/gaussian_gjf/pqr_0508.gjf,runs/pqr_full_domain_moe_qm9_cycle/recompute_inputs/orca_inp/pqr_0508.inp
pqr_0509,C#C[C@@H]1C(=O)C=C[C@]23C[C@]24C#CC(=C)[C@]2(C#C/C(C)=C\4C=C[C@H]13)C[C@]21C[C@@H]1CC#COO,large_neutral_organic,11.963,5.707018604358509,0.2115026619404503,low_confidence,0,1,runs/pqr_full_domain_moe_qm9_cycle/recompute_inputs/xyz/pqr_0509.xyz,runs/pqr_full_domain_moe_qm9_cycle/recompute_inputs/gaussian_gjf/pqr_0509.gjf,runs/pqr_full_domain_moe_qm9_cycle/recompute_inputs/orca_inp/pqr_0509.inp
pqr_0510,Cc1c(COc2ccc([N+](=O)[O-])cc2)c2c(n1C)C(=O)C=C(NCCCCN)C2=O,large_neutral_organic,7.3475,5.653702701242289,3.754895625334504,low_confidence,0,1,runs/pqr_full_domain_moe_qm9_cycle/recompute_inputs/xyz/pqr_0510.xyz,runs/pqr_full_domain_moe_qm9_cycle/recompute_inputs/gaussian_gjf/pqr_0510.gjf,runs/pqr_full_domain_moe_qm9_cycle/recompute_inputs/orca_inp/pqr_0510.inp
pqr_0511,CCOC(=O)c1ncn2c1CN=C(c1cccc([N+](=O)[O-])c1)c1cc(F)ccc1-2,large_neutral_organic,11.352,5.568197596487552,0.202046445893913,low_confidence,0,1,runs/pqr_full_domain_moe_qm9_cycle/recompute_inputs/xyz/pqr_0511.xyz,runs/pqr_full_domain_moe_qm9_cycle/recompute_inputs/gaussian_gjf/pqr_0511.gjf,runs/pqr_full_domain_moe_qm9_cycle/recompute_inputs/orca_inp/pqr_0511.inp
pqr_0512,O[C@@H]1C=Cc2c(ccc3cc4c(ccc5ccccc54)cc23)[C@H]1O,large_neutral_organic,7.172000000000001,5.455029926952598,3.432132407942124,low_confidence,0,1,runs/pqr_full_domain_moe_qm9_cycle/recompute_inputs/xyz/pqr_0512.xyz,runs/pqr_full_domain_moe_qm9_cycle/recompute_inputs/gaussian_gjf/pqr_0512.gjf,runs/pqr_full_domain_moe_qm9_cycle/recompute_inputs/orca_inp/pqr_0512.inp
pqr_0513,COc1ccccc1N1CCN(CCN(C(=O)c2ccc(F)cc2)c2ncccn2)CC1,large_neutral_organic,7.619,5.71259063533191,3.460514408885473,low_confidence,0,1,runs/pqr_full_domain_moe_qm9_cycle/recompute_inputs/xyz/pqr_0513.xyz,runs/pqr_full_domain_moe_qm9_cycle/recompute_inputs/gaussian_gjf/pqr_0513.gjf,runs/pqr_full_domain_moe_qm9_cycle/recompute_inputs/orca_inp/pqr_0513.inp
pqr_0514,CCC/C(=N/OCc1ccc(-c2ccc(F)cc2)cc1)[C@@H]1C(=O)CC(C)(C)[C@H](C#N)C1=O,large_neutral_organic,11.873,5.701357937268018,0.7486449679593772,low_confidence,0,1,runs/pqr_full_domain_moe_qm9_cycle/recompute_inputs/xyz/pqr_0514.xyz,runs/pqr_full_domain_moe_qm9_cycle/recompute_inputs/gaussian_gjf/pqr_0514.gjf,runs/pqr_full_domain_moe_qm9_cycle/recompute_inputs/orca_inp/pqr_0514.inp
pqr_0515,CC(=O)Oc1ccccc1C(=O)Oc1ccccc1C(=O)O,large_neutral_organic,8.598,5.674313902795719,2.3309362614344575,low_confidence,0,1,runs/pqr_full_domain_moe_qm9_cycle/recompute_inputs/xyz/pqr_0515.xyz,runs/pqr_full_domain_moe_qm9_cycle/recompute_inputs/gaussian_gjf/pqr_0515.gjf,runs/pqr_full_domain_moe_qm9_cycle/recompute_inputs/orca_inp/pqr_0515.inp
pqr_0516,CN(C)CCC(=O)Nc1cccc(-c2c(-c3ccccc3)oc3ncnc(N[C@H](CO)c4ccccc4)c23)c1,large_neutral_organic,7.733,5.639849195709912,3.417810496560808,low_confidence,0,1,runs/pqr_full_domain_moe_qm9_cycle/recompute_inputs/xyz/pqr_0516.xyz,runs/pqr_full_domain_moe_qm9_cycle/recompute_inputs/gaussian_gjf/pqr_0516.gjf,runs/pqr_full_domain_moe_qm9_cycle/recompute_inputs/orca_inp/pqr_0516.inp
pqr_0517,C#CC1=C(C)C(=O)c2ccc3c4c2[C@@H]1C(=O)C(=O)C=4C1=CC=C2C(=C)C(=C)C(=O)C4=C2[C@@H]1C=3C=C4,large_neutral_organic,5.273000000000001,5.384474266771944,5.943298109847771,low_confidence,0,1,runs/pqr_full_domain_moe_qm9_cycle/recompute_inputs/xyz/pqr_0517.xyz,runs/pqr_full_domain_moe_qm9_cycle/recompute_inputs/gaussian_gjf/pqr_0517.gjf,runs/pqr_full_domain_moe_qm9_cycle/recompute_inputs/orca_inp/pqr_0517.inp
pqr_0518,CC(C)(C)C(=O)CCC1C(=O)N(c2ccccc2)N(c2ccccc2)C1=O,large_neutral_organic,8.718,5.604836314266106,2.552942074105154,low_confidence,0,1,runs/pqr_full_domain_moe_qm9_cycle/recompute_inputs/xyz/pqr_0518.xyz,runs/pqr_full_domain_moe_qm9_cycle/recompute_inputs/gaussian_gjf/pqr_0518.gjf,runs/pqr_full_domain_moe_qm9_cycle/recompute_inputs/orca_inp/pqr_0518.inp
pqr_0519,Cc1cc(-c2ccc3c4c(cccc24)COC3)nc(N)n1,large_neutral_organic,11.048,5.629433788619407,0.4371858494843739,low_confidence,0,1,runs/pqr_full_domain_moe_qm9_cycle/recompute_inputs/xyz/pqr_0519.xyz,runs/pqr_full_domain_moe_qm9_cycle/recompute_inputs/gaussian_gjf/pqr_0519.gjf,runs/pqr_full_domain_moe_qm9_cycle/recompute_inputs/orca_inp/pqr_0519.inp
pqr_0520,O=C(O)c1cc(NCc2cccc([N+](=O)[O-])c2)cc(C(=O)O)c1,large_neutral_organic,10.555,5.6956662423956725,0.4741106566901489,low_confidence,0,1,runs/pqr_full_domain_moe_qm9_cycle/recompute_inputs/xyz/pqr_0520.xyz,runs/pqr_full_domain_moe_qm9_cycle/recompute_inputs/gaussian_gjf/pqr_0520.gjf,runs/pqr_full_domain_moe_qm9_cycle/recompute_inputs/orca_inp/pqr_0520.inp
pqr_0521,Nc1nc(-c2ccc3c(N)[nH]nc3c2)cc(N2CCO[C@H](C(=O)Nc3ccccc3)C2)n1,large_neutral_organic,7.678000000000001,5.671786324854963,3.258882184781571,low_confidence,0,1,runs/pqr_full_domain_moe_qm9_cycle/recompute_inputs/xyz/pqr_0521.xyz,runs/pqr_full_domain_moe_qm9_cycle/recompute_inputs/gaussian_gjf/pqr_0521.gjf,runs/pqr_full_domain_moe_qm9_cycle/recompute_inputs/orca_inp/pqr_0521.inp
pqr_0522,CC1=CC(=O)c2c(O)c(O)c(O)c3c2C1=C1O[C@H](C)C(C)(C)[C@@]1(O)C3=O,large_neutral_organic,7.364000000000001,5.607040238713012,3.856068088329877,low_confidence,0,1,runs/pqr_full_domain_moe_qm9_cycle/recompute_inputs/xyz/pqr_0522.xyz,runs/pqr_full_domain_moe_qm9_cycle/recompute_inputs/gaussian_gjf/pqr_0522.gjf,runs/pqr_full_domain_moe_qm9_cycle/recompute_inputs/orca_inp/pqr_0522.inp
pqr_0523,C=C1CC(=O)O[C@]12c1ccc(O[C@H]3OC(=C=O)C(=O)C(=O)C3=O)cc1OC1=C3O[C@@H](C(=O)C(=O)C(=O)C=C=O)O[C@H]3C=C[C@H]12,large_neutral_organic,8.411,5.704395526751856,2.55604039559351,low_confidence,0,1,runs/pqr_full_domain_moe_qm9_cycle/recompute_inputs/xyz/pqr_0523.xyz,runs/pqr_full_domain_moe_qm9_cycle/recompute_inputs/gaussian_gjf/pqr_0523.gjf,runs/pqr_full_domain_moe_qm9_cycle/recompute_inputs/orca_inp/pqr_0523.inp
pqr_0524,O=C(Nc1ccc2[nH]ccc2c1)c1cc(F)cc(N2CCOCC2)c1,large_neutral_organic,10.759,5.617278425178608,0.2738659401352823,low_confidence,0,1,runs/pqr_full_domain_moe_qm9_cycle/recompute_inputs/xyz/pqr_0524.xyz,runs/pqr_full_domain_moe_qm9_cycle/recompute_inputs/gaussian_gjf/pqr_0524.gjf,runs/pqr_full_domain_moe_qm9_cycle/recompute_inputs/orca_inp/pqr_0524.inp
pqr_0525,CC[C@H](O)C[C@@H](O)c1c(CC(=O)OC)cc2c(c1O)C(=O)c1c(O)cccc1C2=O,large_neutral_organic,10.645,5.708972787306241,0.4945978024421436,low_confidence,0,1,runs/pqr_full_domain_moe_qm9_cycle/recompute_inputs/xyz/pqr_0525.xyz,runs/pqr_full_domain_moe_qm9_cycle/recompute_inputs/gaussian_gjf/pqr_0525.gjf,runs/pqr_full_domain_moe_qm9_cycle/recompute_inputs/orca_inp/pqr_0525.inp
pqr_0526,C=C1C(=O)C(=C=O)C/C1=C\Cc1cccc(C)c1C#CC[C@H]1CC1=C=C1COC(=C)C1(F)F,large_neutral_organic,6.583,5.685099666208076,4.585944107989697,low_confidence,0,1,runs/pqr_full_domain_moe_qm9_cycle/recompute_inputs/xyz/pqr_0526.xyz,runs/pqr_full_domain_moe_qm9_cycle/recompute_inputs/gaussian_gjf/pqr_0526.gjf,runs/pqr_full_domain_moe_qm9_cycle/recompute_inputs/orca_inp/pqr_0526.inp
pqr_0527,CC(C)=CCC[C@]1(C)[C@H](CC=C(C)C)C[C@]2(CC=C(C)C)C(=O)C(CC=C(C)C)=C(O)[C@@]1(C(=O)C(C)C)C2=O,large_neutral_organic,8.864999999999998,5.546472542451275,3.106495612028892,low_confidence,0,1,runs/pqr_full_domain_moe_qm9_cycle/recompute_inputs/xyz/pqr_0527.xyz,runs/pqr_full_domain_moe_qm9_cycle/recompute_inputs/gaussian_gjf/pqr_0527.gjf,runs/pqr_full_domain_moe_qm9_cycle/recompute_inputs/orca_inp/pqr_0527.inp
pqr_0528,C=C1[C@@H](C)[C@H]2[C@H](Cc3c[nH]c4ccccc34)NC(=O)[C@]23C(=O)/C=C/C(=O)[C@H](O)/C(C)=C\[C@@H](C)C/C=C/[C@H]3[C@@H]1O,large_neutral_organic,11.335,5.669402668783677,0.0811866444263511,low_confidence,0,1,runs/pqr_full_domain_moe_qm9_cycle/recompute_inputs/xyz/pqr_0528.xyz,runs/pqr_full_domain_moe_qm9_cycle/recompute_inputs/gaussian_gjf/pqr_0528.gjf,runs/pqr_full_domain_moe_qm9_cycle/recompute_inputs/orca_inp/pqr_0528.inp
pqr_0529,N=C(N)c1ccc(-c2cc3cc(C(=N)N)ccc3o2)cc1,large_neutral_organic,7.868,5.455753100238485,2.700908635494386,low_confidence,0,1,runs/pqr_full_domain_moe_qm9_cycle/recompute_inputs/xyz/pqr_0529.xyz,runs/pqr_full_domain_moe_qm9_cycle/recompute_inputs/gaussian_gjf/pqr_0529.gjf,runs/pqr_full_domain_moe_qm9_cycle/recompute_inputs/orca_inp/pqr_0529.inp
pqr_0530,N#CC1=C(N)NN/C1=C(C#N)\C=C1/C=Nc2ccccc21,large_neutral_organic,7.281,5.511779785317609,3.568010080668265,low_confidence,0,1,runs/pqr_full_domain_moe_qm9_cycle/recompute_inputs/xyz/pqr_0530.xyz,runs/pqr_full_domain_moe_qm9_cycle/recompute_inputs/gaussian_gjf/pqr_0530.gjf,runs/pqr_full_domain_moe_qm9_cycle/recompute_inputs/orca_inp/pqr_0530.inp
pqr_0531,c1cc(Nc2cc(C3CC3)n[nH]2)nc(Nc2ccc3[nH]cnc3c2)n1,large_neutral_organic,8.029,5.642729905483776,2.29018782760752,low_confidence,0,1,runs/pqr_full_domain_moe_qm9_cycle/recompute_inputs/xyz/pqr_0531.xyz,runs/pqr_full_domain_moe_qm9_cycle/recompute_inputs/gaussian_gjf/pqr_0531.gjf,runs/pqr_full_domain_moe_qm9_cycle/recompute_inputs/orca_inp/pqr_0531.inp
pqr_0532,Cc1cc2c(c(O)c1O)C(=O)c1c(O)cc(O)cc1C2=O,large_neutral_organic,10.462,5.280705843826338,0.9580028187414058,low_confidence,0,1,runs/pqr_full_domain_moe_qm9_cycle/recompute_inputs/xyz/pqr_0532.xyz,runs/pqr_full_domain_moe_qm9_cycle/recompute_inputs/gaussian_gjf/pqr_0532.gjf,runs/pqr_full_domain_moe_qm9_cycle/recompute_inputs/orca_inp/pqr_0532.inp
pqr_0533,C=C1C(=O)[C@@]23[C@@H]4C[C@H]5C(=CCC5(C)C)[C@@](C)(O4)[C@@H]2CC[C@@H]1[C@H]3O,large_neutral_organic,9.098,5.693579529674301,2.6538697482917417,low_confidence,0,1,runs/pqr_full_domain_moe_qm9_cycle/recompute_inputs/xyz/pqr_0533.xyz,runs/pqr_full_domain_moe_qm9_cycle/recompute_inputs/gaussian_gjf/pqr_0533.gjf,runs/pqr_full_domain_moe_qm9_cycle/recompute_inputs/orca_inp/pqr_0533.inp
pqr_0534,O=C(/C=C/c1ccc2c(c1)OCO2)/C=C/c1ccc2c(c1)OCO2,large_neutral_organic,7.925,5.387260399408095,3.166222620780739,low_confidence,0,1,runs/pqr_full_domain_moe_qm9_cycle/recompute_inputs/xyz/pqr_0534.xyz,runs/pqr_full_domain_moe_qm9_cycle/recompute_inputs/gaussian_gjf/pqr_0534.gjf,runs/pqr_full_domain_moe_qm9_cycle/recompute_inputs/orca_inp/pqr_0534.inp
pqr_0535,O=C1C=CC(=O)C12C=CC1(Oc3cccc4cccc(c34)O1)[C@H]2O,large_neutral_organic,7.186999999999999,5.352619151430918,3.8010520104634384,low_confidence,0,1,runs/pqr_full_domain_moe_qm9_cycle/recompute_inputs/xyz/pqr_0535.xyz,runs/pqr_full_domain_moe_qm9_cycle/recompute_inputs/gaussian_gjf/pqr_0535.gjf,runs/pqr_full_domain_moe_qm9_cycle/recompute_inputs/orca_inp/pqr_0535.inp
pqr_0536,O=C[C@H](Cc1ccccc1)NC(=O)[C@@H]1Cc2ccc(cc2)OCCCCOc2ccc(cc2)CCC(=O)c2ccc([nH]2)C(=O)N1,large_neutral_organic,8.551,5.638822908404691,2.5579385387842866,low_confidence,0,1,runs/pqr_full_domain_moe_qm9_cycle/recompute_inputs/xyz/pqr_0536.xyz,runs/pqr_full_domain_moe_qm9_cycle/recompute_inputs/gaussian_gjf/pqr_0536.gjf,runs/pqr_full_domain_moe_qm9_cycle/recompute_inputs/orca_inp/pqr_0536.inp
pqr_0537,COc1ccc(C(=O)Nc2nc3ccccc3c(NCc3ccccc3)c2C#N)cc1,large_neutral_organic,10.812,5.564502794874424,0.0169692991781449,low_confidence,0,1,runs/pqr_full_domain_moe_qm9_cycle/recompute_inputs/xyz/pqr_0537.xyz,runs/pqr_full_domain_moe_qm9_cycle/recompute_inputs/gaussian_gjf/pqr_0537.gjf,runs/pqr_full_domain_moe_qm9_cycle/recompute_inputs/orca_inp/pqr_0537.inp
pqr_0538,O=C1c2c(O)cc(O)cc2O[C@@]1(O)Cc1cc(O)c(O)c(O)c1,large_neutral_organic,11.294,5.495769444532824,0.3012871405286663,low_confidence,0,1,runs/pqr_full_domain_moe_qm9_cycle/recompute_inputs/xyz/pqr_0538.xyz,runs/pqr_full_domain_moe_qm9_cycle/recompute_inputs/gaussian_gjf/pqr_0538.gjf,runs/pqr_full_domain_moe_qm9_cycle/recompute_inputs/orca_inp/pqr_0538.inp
pqr_0539,COC(=O)c1c2c(c3ccccc3c1O)OC(C)(C)C=C2,large_neutral_organic,7.382000000000001,5.661416913967044,3.589962285027366,low_confidence,0,1,runs/pqr_full_domain_moe_qm9_cycle/recompute_inputs/xyz/pqr_0539.xyz,runs/pqr_full_domain_moe_qm9_cycle/recompute_inputs/gaussian_gjf/pqr_0539.gjf,runs/pqr_full_domain_moe_qm9_cycle/recompute_inputs/orca_inp/pqr_0539.inp
pqr_0540,C[C@H]1[C@@H]2C(=O)c3ccc(O)cc3[C@@]1(C)CCN2CC1CC1,large_neutral_organic,8.423,5.621468305288718,2.865067233116701,low_confidence,0,1,runs/pqr_full_domain_moe_qm9_cycle/recompute_inputs/xyz/pqr_0540.xyz,runs/pqr_full_domain_moe_qm9_cycle/recompute_inputs/gaussian_gjf/pqr_0540.gjf,runs/pqr_full_domain_moe_qm9_cycle/recompute_inputs/orca_inp/pqr_0540.inp
pqr_0541,O=C(O)C(=O)c1cn(Cc2ccccc2)c2ccc(-c3ccc(OC(F)(F)F)cc3)cc12,large_neutral_organic,7.948,5.6202065626040545,2.920359939711457,low_confidence,0,1,runs/pqr_full_domain_moe_qm9_cycle/recompute_inputs/xyz/pqr_0541.xyz,runs/pqr_full_domain_moe_qm9_cycle/recompute_inputs/gaussian_gjf/pqr_0541.gjf,runs/pqr_full_domain_moe_qm9_cycle/recompute_inputs/orca_inp/pqr_0541.inp
pqr_0542,C[C@@H](c1ccc2ncccc2c1)c1nnc2ccc(-c3cnn(C)c3)nn12,large_neutral_organic,10.098,5.63748296442049,0.4584397562228446,low_confidence,0,1,runs/pqr_full_domain_moe_qm9_cycle/recompute_inputs/xyz/pqr_0542.xyz,runs/pqr_full_domain_moe_qm9_cycle/recompute_inputs/gaussian_gjf/pqr_0542.gjf,runs/pqr_full_domain_moe_qm9_cycle/recompute_inputs/orca_inp/pqr_0542.inp
pqr_0543,CN(C)[C@@H]1C(=O)C(C(N)=O)=C(O)[C@@]2(O)C(=O)C3=C(O)c4c(O)ccc(N5CC5)c4C[C@H]3C[C@@H]12,large_neutral_organic,7.854,5.677477769283561,3.466644015992262,low_confidence,0,1,runs/pqr_full_domain_moe_qm9_cycle/recompute_inputs/xyz/pqr_0543.xyz,runs/pqr_full_domain_moe_qm9_cycle/recompute_inputs/gaussian_gjf/pqr_0543.gjf,runs/pqr_full_domain_moe_qm9_cycle/recompute_inputs/orca_inp/pqr_0543.inp
pqr_0544,OC[C@H](O)CNc1ncnc2[nH]c(-c3ccccc3)c(-c3ccccc3)c12,large_neutral_organic,11.263000000000002,5.662813008315563,0.5102798409440368,low_confidence,0,1,runs/pqr_full_domain_moe_qm9_cycle/recompute_inputs/xyz/pqr_0544.xyz,runs/pqr_full_domain_moe_qm9_cycle/recompute_inputs/gaussian_gjf/pqr_0544.gjf,runs/pqr_full_domain_moe_qm9_cycle/recompute_inputs/orca_inp/pqr_0544.inp
pqr_0545,CC1=CC(=C(C#N)C#N)C=C(/C=C/c2ccc(N(C)C)cc2)O1,large_neutral_organic,6.9239999999999995,5.712733458598694,3.8141625469591993,low_confidence,0,1,runs/pqr_full_domain_moe_qm9_cycle/recompute_inputs/xyz/pqr_0545.xyz,runs/pqr_full_domain_moe_qm9_cycle/recompute_inputs/gaussian_gjf/pqr_0545.gjf,runs/pqr_full_domain_moe_qm9_cycle/recompute_inputs/orca_inp/pqr_0545.inp
pqr_0547,NCc1nnc2ccccc2c1/N=C/C=C(c1ccccc1)c1ccccc1,large_neutral_organic,8.036,5.607747855648159,2.497842880741093,low_confidence,0,1,runs/pqr_full_domain_moe_qm9_cycle/recompute_inputs/xyz/pqr_0547.xyz,runs/pqr_full_domain_moe_qm9_cycle/recompute_inputs/gaussian_gjf/pqr_0547.gjf,runs/pqr_full_domain_moe_qm9_cycle/recompute_inputs/orca_inp/pqr_0547.inp
pqr_0548,Cc1nc(N)nc2c1/C(=N/O)C[C@@H](c1ccc(F)cc1-c1cccnc1)C2,large_neutral_organic,11.409,5.683897144750329,0.421859598677079,low_confidence,0,1,runs/pqr_full_domain_moe_qm9_cycle/recompute_inputs/xyz/pqr_0548.xyz,runs/pqr_full_domain_moe_qm9_cycle/recompute_inputs/gaussian_gjf/pqr_0548.gjf,runs/pqr_full_domain_moe_qm9_cycle/recompute_inputs/orca_inp/pqr_0548.inp
pqr_0549,Cc1cc(-c2ncc(CC(=O)Nc3ccc(-c4cnccn4)cn3)cc2C)ccn1,large_neutral_organic,11.043,5.630630969313536,0.163982218386204,low_confidence,0,1,runs/pqr_full_domain_moe_qm9_cycle/recompute_inputs/xyz/pqr_0549.xyz,runs/pqr_full_domain_moe_qm9_cycle/recompute_inputs/gaussian_gjf/pqr_0549.gjf,runs/pqr_full_domain_moe_qm9_cycle/recompute_inputs/orca_inp/pqr_0549.inp
pqr_0550,COc1ccc(CC2=NCCc3cc(OC)c(OC)cc32)cc1OC,large_neutral_organic,8.146,5.7334399979422805,2.382998191121887,low_confidence,0,1,runs/pqr_full_domain_moe_qm9_cycle/recompute_inputs/xyz/pqr_0550.xyz,runs/pqr_full_domain_moe_qm9_cycle/recompute_inputs/gaussian_gjf/pqr_0550.gjf,runs/pqr_full_domain_moe_qm9_cycle/recompute_inputs/orca_inp/pqr_0550.inp
pqr_0551,C[C@H]1CC2=C3CC[C@]4(C)[C@H](O)CC[C@@H]4[C@@H]3CCC2=CC1=O,large_neutral_organic,11.781,5.777550619205236,0.2430452839122399,low_confidence,0,1,runs/pqr_full_domain_moe_qm9_cycle/recompute_inputs/xyz/pqr_0551.xyz,runs/pqr_full_domain_moe_qm9_cycle/recompute_inputs/gaussian_gjf/pqr_0551.gjf,runs/pqr_full_domain_moe_qm9_cycle/recompute_inputs/orca_inp/pqr_0551.inp
pqr_0552,CCC[C@H]1O[C@H]2C[C@@H]3[C@@H]4CCC5=CC(=O)C=C[C@]5(C)[C@H]4[C@@H](O)C[C@]3(C)[C@@]2(C(=O)CO)O1,large_neutral_organic,9.393,5.8829888644139885,2.302074176446496,low_confidence,0,1,runs/pqr_full_domain_moe_qm9_cycle/recompute_inputs/xyz/pqr_0552.xyz,runs/pqr_full_domain_moe_qm9_cycle/recompute_inputs/gaussian_gjf/pqr_0552.gjf,runs/pqr_full_domain_moe_qm9_cycle/recompute_inputs/orca_inp/pqr_0552.inp
pqr_0553,COC(=O)c1c(O)cc(O)cc1OC1=C(OC)C(=O)C(CC=C(C)C)=C(CC=C(C)C)C1=O,large_neutral_organic,7.667,5.778382928067999,3.5686760221868834,low_confidence,0,1,runs/pqr_full_domain_moe_qm9_cycle/recompute_inputs/xyz/pqr_0553.xyz,runs/pqr_full_domain_moe_qm9_cycle/recompute_inputs/gaussian_gjf/pqr_0553.gjf,runs/pqr_full_domain_moe_qm9_cycle/recompute_inputs/orca_inp/pqr_0553.inp
pqr_0554,Cn1nnnc1C(/C=C/[C@H]1C[C@H](O)CC(=O)O1)=C(c1ccc(F)cc1)c1ccc(F)cc1,large_neutral_organic,8.338,5.809854688114127,2.700307367880466,low_confidence,0,1,runs/pqr_full_domain_moe_qm9_cycle/recompute_inputs/xyz/pqr_0554.xyz,runs/pqr_full_domain_moe_qm9_cycle/recompute_inputs/gaussian_gjf/pqr_0554.gjf,runs/pqr_full_domain_moe_qm9_cycle/recompute_inputs/orca_inp/pqr_0554.inp
pqr_0555,Cc1ccc(O)cc1CC[C@@H]1C(=O)C[C@@H](O)[C@]2(C)C(=O)CC[C@H]12,large_neutral_organic,11.986999999999998,5.847531670880814,0.7038689452956497,low_confidence,0,1,runs/pqr_full_domain_moe_qm9_cycle/recompute_inputs/xyz/pqr_0555.xyz,runs/pqr_full_domain_moe_qm9_cycle/recompute_inputs/gaussian_gjf/pqr_0555.gjf,runs/pqr_full_domain_moe_qm9_cycle/recompute_inputs/orca_inp/pqr_0555.inp
pqr_0556,CNC(=O)N(O)CC1=Cc2cc(Oc3ccc(F)cc3)ccc2OC1,large_neutral_organic,8.049,5.831599428372443,2.9248093695292106,low_confidence,0,1,runs/pqr_full_domain_moe_qm9_cycle/recompute_inputs/xyz/pqr_0556.xyz,runs/pqr_full_domain_moe_qm9_cycle/recompute_inputs/gaussian_gjf/pqr_0556.gjf,runs/pqr_full_domain_moe_qm9_cycle/recompute_inputs/orca_inp/pqr_0556.inp
pqr_0557,COc1cc(OC)c2c(c1-c1ccc(O)c3c(OC)cc(C)cc13)C[C@H](C)N[C@H]2C,large_neutral_organic,7.965,5.887910927128752,2.5202933652420008,low_confidence,0,1,runs/pqr_full_domain_moe_qm9_cycle/recompute_inputs/xyz/pqr_0557.xyz,runs/pqr_full_domain_moe_qm9_cycle/recompute_inputs/gaussian_gjf/pqr_0557.gjf,runs/pqr_full_domain_moe_qm9_cycle/recompute_inputs/orca_inp/pqr_0557.inp
pqr_0558,N[C@H]1CCc2cc(OC(=O)c3ccccc3)c(OC(=O)c3ccccc3)cc2C1,large_neutral_organic,8.434000000000001,5.743741264617849,2.5471079785286452,low_confidence,0,1,runs/pqr_full_domain_moe_qm9_cycle/recompute_inputs/xyz/pqr_0558.xyz,runs/pqr_full_domain_moe_qm9_cycle/recompute_inputs/gaussian_gjf/pqr_0558.gjf,runs/pqr_full_domain_moe_qm9_cycle/recompute_inputs/orca_inp/pqr_0558.inp
pqr_0559,O=C(O)C[C@@H]1c2ccccc2C[C@H]1NC(=O)c1cc2cc(F)ccc2[nH]1,large_neutral_organic,11.331,5.765731581792385,0.2393466220055558,low_confidence,0,1,runs/pqr_full_domain_moe_qm9_cycle/recompute_inputs/xyz/pqr_0559.xyz,runs/pqr_full_domain_moe_qm9_cycle/recompute_inputs/gaussian_gjf/pqr_0559.gjf,runs/pqr_full_domain_moe_qm9_cycle/recompute_inputs/orca_inp/pqr_0559.inp
pqr_0560,N[C@@H](C[C@@H](C/C=C/c1ccc(/N=N/c2ccccc2)cc1)C(=O)O)C(=O)O,large_neutral_organic,7.494,5.922910364215194,3.392119184455412,low_confidence,0,1,runs/pqr_full_domain_moe_qm9_cycle/recompute_inputs/xyz/pqr_0560.xyz,runs/pqr_full_domain_moe_qm9_cycle/recompute_inputs/gaussian_gjf/pqr_0560.gjf,runs/pqr_full_domain_moe_qm9_cycle/recompute_inputs/orca_inp/pqr_0560.inp
pqr_0561,COC(=O)Nc1nc2cc(Oc3ccc(NC(=O)Nc4cc(C(F)(F)F)ccc4F)cc3)ccc2[nH]1,large_neutral_organic,10.652,5.823039497812891,0.22922568331483,low_confidence,0,1,runs/pqr_full_domain_moe_qm9_cycle/recompute_inputs/xyz/pqr_0561.xyz,runs/pqr_full_domain_moe_qm9_cycle/recompute_inputs/gaussian_gjf/pqr_0561.gjf,runs/pqr_full_domain_moe_qm9_cycle/recompute_inputs/orca_inp/pqr_0561.inp
pqr_0562,CC(C)NC[C@@H](O)CO[C@@H]1c2ccccc2C(=O)N1c1ccccc1,large_neutral_organic,7.883,5.826864098011879,3.041492869479872,low_confidence,0,1,runs/pqr_full_domain_moe_qm9_cycle/recompute_inputs/xyz/pqr_0562.xyz,runs/pqr_full_domain_moe_qm9_cycle/recompute_inputs/gaussian_gjf/pqr_0562.gjf,runs/pqr_full_domain_moe_qm9_cycle/recompute_inputs/orca_inp/pqr_0562.inp
pqr_0563,OC[C@H]1O[C@@H](Oc2cc(O)cc(-c3cc4ccc(O)cc4o3)c2)[C@H](O)[C@@H](O)[C@@H]1O,large_neutral_organic,7.906,5.921643633750965,3.072424280683525,low_confidence,0,1,runs/pqr_full_domain_moe_qm9_cycle/recompute_inputs/xyz/pqr_0563.xyz,runs/pqr_full_domain_moe_qm9_cycle/recompute_inputs/gaussian_gjf/pqr_0563.gjf,runs/pqr_full_domain_moe_qm9_cycle/recompute_inputs/orca_inp/pqr_0563.inp
pqr_0564,CC1=C[C@H]2O[C@@H]3[C@H](O)C[C@](C)([C@@]2(CO)[C@H](O)C1=O)[C@@]31CO1,large_neutral_organic,12.334,5.913209226490678,0.7510216914009593,low_confidence,0,1,runs/pqr_full_domain_moe_qm9_cycle/recompute_inputs/xyz/pqr_0564.xyz,runs/pqr_full_domain_moe_qm9_cycle/recompute_inputs/gaussian_gjf/pqr_0564.gjf,runs/pqr_full_domain_moe_qm9_cycle/recompute_inputs/orca_inp/pqr_0564.inp
pqr_0565,O=C1C=C[C@H](O)[C@H]([C@H](O)[C@H](OC(=O)/C=C/c2ccccc2)c2ccccc2)O1,large_neutral_organic,8.763,5.788967661037932,2.0548316389246235,low_confidence,0,1,runs/pqr_full_domain_moe_qm9_cycle/recompute_inputs/xyz/pqr_0565.xyz,runs/pqr_full_domain_moe_qm9_cycle/recompute_inputs/gaussian_gjf/pqr_0565.gjf,runs/pqr_full_domain_moe_qm9_cycle/recompute_inputs/orca_inp/pqr_0565.inp
pqr_0566,CC(C)CC(=O)c1c(O)c(C=O)c(O)c2c1O[C@]1(C)[C@H](C2)C[C@@H]2C[C@H]1C2(C)C,large_neutral_organic,8.569999999999999,5.782399244445172,3.0261325287712566,low_confidence,0,1,runs/pqr_full_domain_moe_qm9_cycle/recompute_inputs/xyz/pqr_0566.xyz,runs/pqr_full_domain_moe_qm9_cycle/recompute_inputs/gaussian_gjf/pqr_0566.gjf,runs/pqr_full_domain_moe_qm9_cycle/recompute_inputs/orca_inp/pqr_0566.inp
pqr_0567,CC#C/N=C(\C#C/N=C1/CC(=O)C(=O)C([C@@H]2C[C@H]2CF)=C1C#N)CNC(=O)N1C=COC=C1,large_neutral_organic,6.140000000000001,5.894877262862923,5.411828278522943,low_confidence,0,1,runs/pqr_full_domain_moe_qm9_cycle/recompute_inputs/xyz/pqr_0567.xyz,runs/pqr_full_domain_moe_qm9_cycle/recompute_inputs/gaussian_gjf/pqr_0567.gjf,runs/pqr_full_domain_moe_qm9_cycle/recompute_inputs/orca_inp/pqr_0567.inp
pqr_0568,C[C@H](NCc1ccc(OCc2ccccc2F)cc1)C(N)=O,large_neutral_organic,8.578999999999999,5.820204735851883,2.2690982677176894,low_confidence,0,1,runs/pqr_full_domain_moe_qm9_cycle/recompute_inputs/xyz/pqr_0568.xyz,runs/pqr_full_domain_moe_qm9_cycle/recompute_inputs/gaussian_gjf/pqr_0568.gjf,runs/pqr_full_domain_moe_qm9_cycle/recompute_inputs/orca_inp/pqr_0568.inp
pqr_0569,Cc1cc(Cc2cnc(N)nc2N)c2cccnc2c1N(C)C,large_neutral_organic,10.978000000000002,5.791775855302797,0.4349466409626714,low_confidence,0,1,runs/pqr_full_domain_moe_qm9_cycle/recompute_inputs/xyz/pqr_0569.xyz,runs/pqr_full_domain_moe_qm9_cycle/recompute_inputs/gaussian_gjf/pqr_0569.gjf,runs/pqr_full_domain_moe_qm9_cycle/recompute_inputs/orca_inp/pqr_0569.inp
pqr_0570,C=CC[C@@]12C=C(OC)C(=O)C=C1O[C@H](c1ccc3c(c1)OCO3)[C@H]2C,large_neutral_organic,11.584,5.752639709217406,0.4897174487327724,low_confidence,0,1,runs/pqr_full_domain_moe_qm9_cycle/recompute_inputs/xyz/pqr_0570.xyz,runs/pqr_full_domain_moe_qm9_cycle/recompute_inputs/gaussian_gjf/pqr_0570.gjf,runs/pqr_full_domain_moe_qm9_cycle/recompute_inputs/orca_inp/pqr_0570.inp
pqr_0571,NCCc1c[nH]c2ccc(OCC(=O)N[C@@H](Cc3ccc(O)cc3)C(=O)NCC(N)=O)cc12,large_neutral_organic,8.163,5.76878656786056,2.886625895646766,low_confidence,0,1,runs/pqr_full_domain_moe_qm9_cycle/recompute_inputs/xyz/pqr_0571.xyz,runs/pqr_full_domain_moe_qm9_cycle/recompute_inputs/gaussian_gjf/pqr_0571.gjf,runs/pqr_full_domain_moe_qm9_cycle/recompute_inputs/orca_inp/pqr_0571.inp
pqr_0572,CC1=C(/C=C/C(C)=C\C=C\C(C)=C/C=O)C(C)(C)CC[C@@H]1O,large_neutral_organic,8.499,5.836746974924063,3.48449189674853,low_confidence,0,1,runs/pqr_full_domain_moe_qm9_cycle/recompute_inputs/xyz/pqr_0572.xyz,runs/pqr_full_domain_moe_qm9_cycle/recompute_inputs/gaussian_gjf/pqr_0572.gjf,runs/pqr_full_domain_moe_qm9_cycle/recompute_inputs/orca_inp/pqr_0572.inp
pqr_0573,C[C@@H]1C[C@H]2[C@@H]3C[C@H](F)C4=CC(=O)C=C[C@]4(C)[C@@]3(F)[C@@H](O)C[C@]2(C)[C@@]1(O)C(=O)CO,large_neutral_organic,9.344,5.798790137837242,2.2728615972653845,low_confidence,0,1,runs/pqr_full_domain_moe_qm9_cycle/recompute_inputs/xyz/pqr_0573.xyz,runs/pqr_full_domain_moe_qm9_cycle/recompute_inputs/gaussian_gjf/pqr_0573.gjf,runs/pqr_full_domain_moe_qm9_cycle/recompute_inputs/orca_inp/pqr_0573.inp
pqr_0574,COc1ccccc1NC(=O)Nc1nn(C)c2cccc(OC)c12,large_neutral_organic,10.966,5.738044256534739,0.2894557622099931,low_confidence,0,1,runs/pqr_full_domain_moe_qm9_cycle/recompute_inputs/xyz/pqr_0574.xyz,runs/pqr_full_domain_moe_qm9_cycle/recompute_inputs/gaussian_gjf/pqr_0574.gjf,runs/pqr_full_domain_moe_qm9_cycle/recompute_inputs/orca_inp/pqr_0574.inp
pqr_0575,CN1C(=O)[C@]2(CC(C)(C)Cc3ccc(-c4cncnc4)cc32)N=C1N,large_neutral_organic,11.538,5.807392998713524,0.5047044518349111,low_confidence,0,1,runs/pqr_full_domain_moe_qm9_cycle/recompute_inputs/xyz/pqr_0575.xyz,runs/pqr_full_domain_moe_qm9_cycle/recompute_inputs/gaussian_gjf/pqr_0575.gjf,runs/pqr_full_domain_moe_qm9_cycle/recompute_inputs/orca_inp/pqr_0575.inp
pqr_0576,Cc1c(C(=O)O)c(O)cc2c1C(=O)c1c(O)c([C@H]3O[C@H](CO)[C@@H](O)[C@H](O)[C@H]3O)c(O)c(O)c1C2=O,large_neutral_organic,7.045,5.750412946680208,4.136832436531208,low_confidence,0,1,runs/pqr_full_domain_moe_qm9_cycle/recompute_inputs/xyz/pqr_0576.xyz,runs/pqr_full_domain_moe_qm9_cycle/recompute_inputs/gaussian_gjf/pqr_0576.gjf,runs/pqr_full_domain_moe_qm9_cycle/recompute_inputs/orca_inp/pqr_0576.inp
pqr_0577,COc1cc(C)cc2c(-c3c(O)cc(O)c4c3C[C@@H](C)N[C@@H]4C)ccc(O)c12,large_neutral_organic,7.969,5.7915498058737,2.7593357731428627,low_confidence,0,1,runs/pqr_full_domain_moe_qm9_cycle/recompute_inputs/xyz/pqr_0577.xyz,runs/pqr_full_domain_moe_qm9_cycle/recompute_inputs/gaussian_gjf/pqr_0577.gjf,runs/pqr_full_domain_moe_qm9_cycle/recompute_inputs/orca_inp/pqr_0577.inp
pqr_0578,CC(=O)C1=NN(c2cc(C)ccc2F)C[C@@]1(CCCN1CCN(C(C)=O)CC1)c1ccccc1,large_neutral_organic,11.059,5.722507173278059,0.0989504024500202,low_confidence,0,1,runs/pqr_full_domain_moe_qm9_cycle/recompute_inputs/xyz/pqr_0578.xyz,runs/pqr_full_domain_moe_qm9_cycle/recompute_inputs/gaussian_gjf/pqr_0578.gjf,runs/pqr_full_domain_moe_qm9_cycle/recompute_inputs/orca_inp/pqr_0578.inp
pqr_0579,CC#C[C@]1(O)CC[C@@H]2[C@@H]3CCC4=CC(=O)CCC4=C3[C@@H](c3ccc4c(c3)OCO4)C[C@@]21C,large_neutral_organic,8.773,5.902109219930959,2.404145514457788,low_confidence,0,1,runs/pqr_full_domain_moe_qm9_cycle/recompute_inputs/xyz/pqr_0579.xyz,runs/pqr_full_domain_moe_qm9_cycle/recompute_inputs/gaussian_gjf/pqr_0579.gjf,runs/pqr_full_domain_moe_qm9_cycle/recompute_inputs/orca_inp/pqr_0579.inp
pqr_0580,C[C@@]1(C(=O)O)[C@@H](O)CC[C@]2(C)c3cc4c(cc3CC[C@@H]12)[nH]c1ccccc14,large_neutral_organic,8.0,5.903748334657143,3.164669974475178,low_confidence,0,1,runs/pqr_full_domain_moe_qm9_cycle/recompute_inputs/xyz/pqr_0580.xyz,runs/pqr_full_domain_moe_qm9_cycle/recompute_inputs/gaussian_gjf/pqr_0580.gjf,runs/pqr_full_domain_moe_qm9_cycle/recompute_inputs/orca_inp/pqr_0580.inp
pqr_0581,O=C(O)CN(CCN(CC(=O)O)Cc1ccccc1O)Cc1ccccc1O,large_neutral_organic,8.898,5.920939620040769,2.011798641182178,low_confidence,0,1,runs/pqr_full_domain_moe_qm9_cycle/recompute_inputs/xyz/pqr_0581.xyz,runs/pqr_full_domain_moe_qm9_cycle/recompute_inputs/gaussian_gjf/pqr_0581.gjf,runs/pqr_full_domain_moe_qm9_cycle/recompute_inputs/orca_inp/pqr_0581.inp
pqr_0582,CC(=O)[C@@]12O[C@@H]1C[C@H]1[C@@H]3CC=C4C[C@H](O)CC[C@]4(C)[C@H]3CC[C@@]12C,large_neutral_organic,12.999,5.78764142359237,0.928947320960912,low_confidence,0,1,runs/pqr_full_domain_moe_qm9_cycle/recompute_inputs/xyz/pqr_0582.xyz,runs/pqr_full_domain_moe_qm9_cycle/recompute_inputs/gaussian_gjf/pqr_0582.gjf,runs/pqr_full_domain_moe_qm9_cycle/recompute_inputs/orca_inp/pqr_0582.inp
pqr_0583,C[C@]12CCC(=O)C=C1CC[C@@H]1[C@@H]2[C@@H](O)C[C@]2(CO)[C@@H](C(=O)CO)CC[C@@H]12,large_neutral_organic,9.763,5.893308228852565,2.356644606804892,low_confidence,0,1,runs/pqr_full_domain_moe_qm9_cycle/recompute_inputs/xyz/pqr_0583.xyz,runs/pqr_full_domain_moe_qm9_cycle/recompute_inputs/gaussian_gjf/pqr_0583.gjf,runs/pqr_full_domain_moe_qm9_cycle/recompute_inputs/orca_inp/pqr_0583.inp
pqr_0584,COc1cc(/C=C2/C(=O)NCC(=O)N2C)c(OC)c(C)c1OC,large_neutral_organic,8.264000000000001,5.840953913824964,2.8099300205072293,low_confidence,0,1,runs/pqr_full_domain_moe_qm9_cycle/recompute_inputs/xyz/pqr_0584.xyz,runs/pqr_full_domain_moe_qm9_cycle/recompute_inputs/gaussian_gjf/pqr_0584.gjf,runs/pqr_full_domain_moe_qm9_cycle/recompute_inputs/orca_inp/pqr_0584.inp
pqr_0585,O=c1c(OC[C@@H](O)/C(O)=C(\O)[C@@H](O)COC[C@H](O)/C(O)=C(\O)[C@@H](O)CO)c(-c2ccc(O)c(O)c2)oc2cc(O)cc(O)c12,large_neutral_organic,7.605,5.768946463103768,3.433225063406396,low_confidence,0,1,runs/pqr_full_domain_moe_qm9_cycle/recompute_inputs/xyz/pqr_0585.xyz,runs/pqr_full_domain_moe_qm9_cycle/recompute_inputs/gaussian_gjf/pqr_0585.gjf,runs/pqr_full_domain_moe_qm9_cycle/recompute_inputs/orca_inp/pqr_0585.inp
pqr_0586,COC[C@H]1OC(=O)c2coc3c2[C@@]1(C)C1=C(C3=O)[C@@H]2CCC(=O)[C@@]2(C)CC1,large_neutral_organic,8.719999999999999,5.857096842873698,2.2767772877849985,low_confidence,0,1,runs/pqr_full_domain_moe_qm9_cycle/recompute_inputs/xyz/pqr_0586.xyz,runs/pqr_full_domain_moe_qm9_cycle/recompute_inputs/gaussian_gjf/pqr_0586.gjf,runs/pqr_full_domain_moe_qm9_cycle/recompute_inputs/orca_inp/pqr_0586.inp
pqr_0587,C/C(=C\[C@@H](C)C(=O)c1ccc(N(C)C)cc1)CCC(=O)NO,large_neutral_organic,11.36,5.748520316512299,0.019277167563807,low_confidence,0,1,runs/pqr_full_domain_moe_qm9_cycle/recompute_inputs/xyz/pqr_0587.xyz,runs/pqr_full_domain_moe_qm9_cycle/recompute_inputs/gaussian_gjf/pqr_0587.gjf,runs/pqr_full_domain_moe_qm9_cycle/recompute_inputs/orca_inp/pqr_0587.inp
pqr_0588,O=C1c2c(c(C(F)(F)F)nn2-c2cccc(-c3n[nH]c(=O)[nH]3)c2)CCN1c1ccc(-c2ccccc2CN2CCCC2)cc1,large_neutral_organic,10.625,5.835472467599345,0.3022822560014724,low_confidence,0,1,runs/pqr_full_domain_moe_qm9_cycle/recompute_inputs/xyz/pqr_0588.xyz,runs/pqr_full_domain_moe_qm9_cycle/recompute_inputs/gaussian_gjf/pqr_0588.gjf,runs/pqr_full_domain_moe_qm9_cycle/recompute_inputs/orca_inp/pqr_0588.inp
pqr_0589,C/C=C1/CN(C)[C@@H]2Cc3c([nH]c4ccccc34)C(=O)C[C@H]1[C@@H]2C(=O)OC,large_neutral_organic,7.798000000000001,5.713789231691357,3.1845276282999615,low_confidence,0,1,runs/pqr_full_domain_moe_qm9_cycle/recompute_inputs/xyz/pqr_0589.xyz,runs/pqr_full_domain_moe_qm9_cycle/recompute_inputs/gaussian_gjf/pqr_0589.gjf,runs/pqr_full_domain_moe_qm9_cycle/recompute_inputs/orca_inp/pqr_0589.inp
pqr_0590,Nc1ccc([C@@]23C[C@@H]2C(=O)N(CC2CCCCC2)C3=O)cc1,large_neutral_organic,8.583,5.921832905047108,2.5551698631006605,low_confidence,0,1,runs/pqr_full_domain_moe_qm9_cycle/recompute_inputs/xyz/pqr_0590.xyz,runs/pqr_full_domain_moe_qm9_cycle/recompute_inputs/gaussian_gjf/pqr_0590.gjf,runs/pqr_full_domain_moe_qm9_cycle/recompute_inputs/orca_inp/pqr_0590.inp
pqr_0591,O=C(C[C@@H]1NCCC[C@H]1O)Cn1cnc2ccccc2c1=O,large_neutral_organic,8.365,5.811046502896906,2.595399889927158,low_confidence,0,1,runs/pqr_full_domain_moe_qm9_cycle/recompute_inputs/xyz/pqr_0591.xyz,runs/pqr_full_domain_moe_qm9_cycle/recompute_inputs/gaussian_gjf/pqr_0591.gjf,runs/pqr_full_domain_moe_qm9_cycle/recompute_inputs/orca_inp/pqr_0591.inp
pqr_0592,NC(=O)c1ccc(Oc2ccc(CN3CCC[C@H]3c3cccc(F)c3)cc2)c(F)c1,large_neutral_organic,11.602,5.750984044890961,0.4791316373702123,low_confidence,0,1,runs/pqr_full_domain_moe_qm9_cycle/recompute_inputs/xyz/pqr_0592.xyz,runs/pqr_full_domain_moe_qm9_cycle/recompute_inputs/gaussian_gjf/pqr_0592.gjf,runs/pqr_full_domain_moe_qm9_cycle/recompute_inputs/orca_inp/pqr_0592.inp
pqr_0593,NC(N)=NCCC[C@H](NC(=O)[C@@H](N)CCCN=C(N)N)C(=O)Nc1ccc2ccccc2c1,large_neutral_organic,8.012,5.846591943218172,3.0771454906295386,low_confidence,0,1,runs/pqr_full_domain_moe_qm9_cycle/recompute_inputs/xyz/pqr_0593.xyz,runs/pqr_full_domain_moe_qm9_cycle/recompute_inputs/gaussian_gjf/pqr_0593.gjf,runs/pqr_full_domain_moe_qm9_cycle/recompute_inputs/orca_inp/pqr_0593.inp
pqr_0594,C[C@]12C[C@H](O)[C@H]3[C@@H](CCC4=CC(=O)C[C@H](O)[C@@]43C)[C@@H]1CC[C@@H]2C(=O)CO,large_neutral_organic,12.764,5.901627271591001,0.5337315113985781,low_confidence,0,1,runs/pqr_full_domain_moe_qm9_cycle/recompute_inputs/xyz/pqr_0594.xyz,runs/pqr_full_domain_moe_qm9_cycle/recompute_inputs/gaussian_gjf/pqr_0594.gjf,runs/pqr_full_domain_moe_qm9_cycle/recompute_inputs/orca_inp/pqr_0594.inp
pqr_0595,C=CC[C@]1([C@H](C)[C@@H](OC(C)=O)c2ccc(OC)c(OC)c2)C=C(OC)C(OC)=CC1=O,large_neutral_organic,7.672999999999999,5.86848748772272,3.4547547773212584,low_confidence,0,1,runs/pqr_full_domain_moe_qm9_cycle/recompute_inputs/xyz/pqr_0595.xyz,runs/pqr_full_domain_moe_qm9_cycle/recompute_inputs/gaussian_gjf/pqr_0595.gjf,runs/pqr_full_domain_moe_qm9_cycle/recompute_inputs/orca_inp/pqr_0595.inp
pqr_0596,Oc1ccc(-c2c3cccc(C(F)(F)F)c3nn2Cc2ccccc2)c(O)c1,large_neutral_organic,7.779,5.862610291149915,3.228668294905779,low_confidence,0,1,runs/pqr_full_domain_moe_qm9_cycle/recompute_inputs/xyz/pqr_0596.xyz,runs/pqr_full_domain_moe_qm9_cycle/recompute_inputs/gaussian_gjf/pqr_0596.gjf,runs/pqr_full_domain_moe_qm9_cycle/recompute_inputs/orca_inp/pqr_0596.inp
pqr_0597,C=C1C(=O)[C@]23[C@H](O)[C@H]1CC[C@H]2[C@]12[C@@H]4OC[C@](C)(CC[C@@H]1O)[C@H]2C[C@H]3O4,large_neutral_organic,9.698,5.759859613196167,2.2030706603623216,low_confidence,0,1,runs/pqr_full_domain_moe_qm9_cycle/recompute_inputs/xyz/pqr_0597.xyz,runs/pqr_full_domain_moe_qm9_cycle/recompute_inputs/gaussian_gjf/pqr_0597.gjf,runs/pqr_full_domain_moe_qm9_cycle/recompute_inputs/orca_inp/pqr_0597.inp
pqr_0598,C=C1C[C@@H]2[C@]3(C)C(=C(O)C(=O)[C@@]2(C)[C@]2(C(=O)OC)C(=O)O[C@H](C)C(=O)[C@@]12C)C(C)(C)C(=O)C[C@@H]3O,large_neutral_organic,11.973,5.889561960927744,0.4175081462823424,low_confidence,0,1,runs/pqr_full_domain_moe_qm9_cycle/recompute_inputs/xyz/pqr_0598.xyz,runs/pqr_full_domain_moe_qm9_cycle/recompute_inputs/gaussian_gjf/pqr_0598.gjf,runs/pqr_full_domain_moe_qm9_cycle/recompute_inputs/orca_inp/pqr_0598.inp
pqr_0599,CN1Cc2c(-c3noc(C4CC4)n3)ncn2-c2ccccc2C1=O,large_neutral_organic,11.329,5.770759025260729,0.1766351313947858,low_confidence,0,1,runs/pqr_full_domain_moe_qm9_cycle/recompute_inputs/xyz/pqr_0599.xyz,runs/pqr_full_domain_moe_qm9_cycle/recompute_inputs/gaussian_gjf/pqr_0599.gjf,runs/pqr_full_domain_moe_qm9_cycle/recompute_inputs/orca_inp/pqr_0599.inp
pqr_0600,N=C(N)c1ccc(OCCCC2CCN(CCCOc3ccc(C(=N)N)cc3)CC2)cc1,large_neutral_organic,8.975000000000001,5.939802378522764,2.122651845747395,low_confidence,0,1,runs/pqr_full_domain_moe_qm9_cycle/recompute_inputs/xyz/pqr_0600.xyz,runs/pqr_full_domain_moe_qm9_cycle/recompute_inputs/gaussian_gjf/pqr_0600.gjf,runs/pqr_full_domain_moe_qm9_cycle/recompute_inputs/orca_inp/pqr_0600.inp
pqr_0601,COc1ccnc(NC2CCN(C(=O)c3ccc(C#N)cc3)CC2)c1,large_neutral_organic,10.652,5.955121529930335,0.3435366557901318,low_confidence,0,1,runs/pqr_full_domain_moe_qm9_cycle/recompute_inputs/xyz/pqr_0601.xyz,runs/pqr_full_domain_moe_qm9_cycle/recompute_inputs/gaussian_gjf/pqr_0601.gjf,runs/pqr_full_domain_moe_qm9_cycle/recompute_inputs/orca_inp/pqr_0601.inp
pqr_0602,C[C@]12CC[C@@H](O)C[C@H]1C(=O)C[C@@H]1[C@@H]2CC[C@]2(C)C(=O)CC[C@@H]12,large_neutral_organic,10.583,6.016277389298958,2.064195622633603,low_confidence,0,1,runs/pqr_full_domain_moe_qm9_cycle/recompute_inputs/xyz/pqr_0602.xyz,runs/pqr_full_domain_moe_qm9_cycle/recompute_inputs/gaussian_gjf/pqr_0602.gjf,runs/pqr_full_domain_moe_qm9_cycle/recompute_inputs/orca_inp/pqr_0602.inp
pqr_0603,COC1=CC2=C(C=O)C[C@@H]3[C@H](CC[C@@]4(C)[C@H]3CC[C@]4(OC(C)=O)C(C)=O)[C@@]2(C)CC1,large_neutral_organic,8.424,6.069988677087841,3.130495469894649,low_confidence,0,1,runs/pqr_full_domain_moe_qm9_cycle/recompute_inputs/xyz/pqr_0603.xyz,runs/pqr_full_domain_moe_qm9_cycle/recompute_inputs/gaussian_gjf/pqr_0603.gjf,runs/pqr_full_domain_moe_qm9_cycle/recompute_inputs/orca_inp/pqr_0603.inp
pqr_0604,NC(=O)c1cccc(-c2cccc(OC(=O)NC3CCCCC3)c2)c1,large_neutral_organic,8.566,6.013196652229357,2.399358536701138,low_confidence,0,1,runs/pqr_full_domain_moe_qm9_cycle/recompute_inputs/xyz/pqr_0604.xyz,runs/pqr_full_domain_moe_qm9_cycle/recompute_inputs/gaussian_gjf/pqr_0604.gjf,runs/pqr_full_domain_moe_qm9_cycle/recompute_inputs/orca_inp/pqr_0604.inp
pqr_0605,C=CC/C=C\C/C=C\CCCCCCCc1cc(O)cc(O)c1,large_neutral_organic,12.292000000000002,5.950669218249851,1.0481673321087044,low_confidence,0,1,runs/pqr_full_domain_moe_qm9_cycle/recompute_inputs/xyz/pqr_0605.xyz,runs/pqr_full_domain_moe_qm9_cycle/recompute_inputs/gaussian_gjf/pqr_0605.gjf,runs/pqr_full_domain_moe_qm9_cycle/recompute_inputs/orca_inp/pqr_0605.inp
pqr_0606,C=C[C@@H]1CNCC[C@H]1CCCc1ccnc2ccc(OC)cc12,large_neutral_organic,8.011999999999999,5.942115856669363,2.592287801861376,low_confidence,0,1,runs/pqr_full_domain_moe_qm9_cycle/recompute_inputs/xyz/pqr_0606.xyz,runs/pqr_full_domain_moe_qm9_cycle/recompute_inputs/gaussian_gjf/pqr_0606.gjf,runs/pqr_full_domain_moe_qm9_cycle/recompute_inputs/orca_inp/pqr_0606.inp
pqr_0607,C[C@]12CC[C@H]3[C@@](C)(CCC4=CC(=O)CC[C@@]43C)[C@@H]1CC[C@@H]2OC(=O)C1CCCCC1,large_neutral_organic,9.776,6.0713542912412795,2.243194426343438,low_confidence,0,1,runs/pqr_full_domain_moe_qm9_cycle/recompute_inputs/xyz/pqr_0607.xyz,runs/pqr_full_domain_moe_qm9_cycle/recompute_inputs/gaussian_gjf/pqr_0607.gjf,runs/pqr_full_domain_moe_qm9_cycle/recompute_inputs/orca_inp/pqr_0607.inp
pqr_0608,CC(=O)O[C@@H]1Cc2cc3c(cc2[C@H]2N(C)Cc4c(ccc5c4OCO5)[C@@]12C)OCO3,large_neutral_organic,8.563,6.003036072702574,2.26208158509664,low_confidence,0,1,runs/pqr_full_domain_moe_qm9_cycle/recompute_inputs/xyz/pqr_0608.xyz,runs/pqr_full_domain_moe_qm9_cycle/recompute_inputs/gaussian_gjf/pqr_0608.gjf,runs/pqr_full_domain_moe_qm9_cycle/recompute_inputs/orca_inp/pqr_0608.inp
pqr_0609,N[C@@H](CC(=O)N1CCCN(C(=O)c2ccc(C(=O)O)cc2)CC1)Cc1cc(F)c(F)cc1F,large_neutral_organic,11.244,5.954910096212873,0.3318054200410536,low_confidence,0,1,runs/pqr_full_domain_moe_qm9_cycle/recompute_inputs/xyz/pqr_0609.xyz,runs/pqr_full_domain_moe_qm9_cycle/recompute_inputs/gaussian_gjf/pqr_0609.gjf,runs/pqr_full_domain_moe_qm9_cycle/recompute_inputs/orca_inp/pqr_0609.inp
pqr_0610,CC(C)c1cccc(C(C)C)c1NC(=O)N[C@](C)(Cc1c[nH]c2ccccc12)C(=O)NCC1(c2ccccn2)CCCCC1,large_neutral_organic,8.193999999999999,6.057913531541759,2.98692860929593,low_confidence,0,1,runs/pqr_full_domain_moe_qm9_cycle/recompute_inputs/xyz/pqr_0610.xyz,runs/pqr_full_domain_moe_qm9_cycle/recompute_inputs/gaussian_gjf/pqr_0610.gjf,runs/pqr_full_domain_moe_qm9_cycle/recompute_inputs/orca_inp/pqr_0610.inp
pqr_0611,C#C/C(=C\CNC#CC1CCCC1)N(C(=O)C#CC)c1ccc(C#N)c(N2CCC2=O)c1,large_neutral_organic,10.626,5.9718332786254065,0.3159058877877978,low_confidence,0,1,runs/pqr_full_domain_moe_qm9_cycle/recompute_inputs/xyz/pqr_0611.xyz,runs/pqr_full_domain_moe_qm9_cycle/recompute_inputs/gaussian_gjf/pqr_0611.gjf,runs/pqr_full_domain_moe_qm9_cycle/recompute_inputs/orca_inp/pqr_0611.inp
pqr_0612,COc1cc2c(cc1O)C[C@@H]1NCCc3cc4c(c-2c31)OCO4,large_neutral_organic,7.848,6.01173510548119,2.6984308269521255,low_confidence,0,1,runs/pqr_full_domain_moe_qm9_cycle/recompute_inputs/xyz/pqr_0612.xyz,runs/pqr_full_domain_moe_qm9_cycle/recompute_inputs/gaussian_gjf/pqr_0612.gjf,runs/pqr_full_domain_moe_qm9_cycle/recompute_inputs/orca_inp/pqr_0612.inp
pqr_0613,C[C@@H]1N[C@H](CNC(=O)c2cc3ccccc3o2)[C@@H](O)[C@H](O)[C@@H]1O,large_neutral_organic,8.148,6.053408083584602,2.732110106407312,low_confidence,0,1,runs/pqr_full_domain_moe_qm9_cycle/recompute_inputs/xyz/pqr_0613.xyz,runs/pqr_full_domain_moe_qm9_cycle/recompute_inputs/gaussian_gjf/pqr_0613.gjf,runs/pqr_full_domain_moe_qm9_cycle/recompute_inputs/orca_inp/pqr_0613.inp
pqr_0614,C[C@H](NC(=O)[C@@H](CC(=O)NO)Cc1ccccc1)C(=O)O,large_neutral_organic,9.782,6.101450493724728,1.1084440007564602,low_confidence,0,1,runs/pqr_full_domain_moe_qm9_cycle/recompute_inputs/xyz/pqr_0614.xyz,runs/pqr_full_domain_moe_qm9_cycle/recompute_inputs/gaussian_gjf/pqr_0614.gjf,runs/pqr_full_domain_moe_qm9_cycle/recompute_inputs/orca_inp/pqr_0614.inp
pqr_0615,CC1=CC(=O)CC(C)(C)[C@@]1(O)/C=C/[C@@H](C)O[C@@H]1O[C@H](CO)[C@@H](O)[C@H](O)[C@H]1O,large_neutral_organic,9.626,6.036819586196918,1.88092061204755,low_confidence,0,1,runs/pqr_full_domain_moe_qm9_cycle/recompute_inputs/xyz/pqr_0615.xyz,runs/pqr_full_domain_moe_qm9_cycle/recompute_inputs/gaussian_gjf/pqr_0615.gjf,runs/pqr_full_domain_moe_qm9_cycle/recompute_inputs/orca_inp/pqr_0615.inp
pqr_0616,CCc1cccc(CC)c1NC(=O)N1Cc2[nH]nc(NC(=O)c3ccc(N4CCN(C)CC4)cc3)c2C1,large_neutral_organic,8.407,5.988261963618971,2.685849018257036,low_confidence,0,1,runs/pqr_full_domain_moe_qm9_cycle/recompute_inputs/xyz/pqr_0616.xyz,runs/pqr_full_domain_moe_qm9_cycle/recompute_inputs/gaussian_gjf/pqr_0616.gjf,runs/pqr_full_domain_moe_qm9_cycle/recompute_inputs/orca_inp/pqr_0616.inp
pqr_0617,CCC1=C(C)/C(=C/C2=NC(=C\c3[nH]c(/C=C4\NC(=O)[C@H](C)[C@H]4CC)c(C)c3CCC(=O)O)/C(CCC(=O)O)=C2C)NC1=O,large_neutral_organic,6.2170000000000005,6.024686020574564,5.062200626295876,low_confidence,0,1,runs/pqr_full_domain_moe_qm9_cycle/recompute_inputs/xyz/pqr_0617.xyz,runs/pqr_full_domain_moe_qm9_cycle/recompute_inputs/gaussian_gjf/pqr_0617.gjf,runs/pqr_full_domain_moe_qm9_cycle/recompute_inputs/orca_inp/pqr_0617.inp
pqr_0618,C/C(=C/C=C\C=C\Cc1cnco1)[C@@H](O)C(C)(C)C(N)=O,large_neutral_organic,8.938,6.065570966506528,2.028729641859826,low_confidence,0,1,runs/pqr_full_domain_moe_qm9_cycle/recompute_inputs/xyz/pqr_0618.xyz,runs/pqr_full_domain_moe_qm9_cycle/recompute_inputs/gaussian_gjf/pqr_0618.gjf,runs/pqr_full_domain_moe_qm9_cycle/recompute_inputs/orca_inp/pqr_0618.inp
pqr_0619,COc1ccc2c(c1)N1C(=O)C[C@]34C=CCN5CC[C@@H]2[C@@H](CC3)[C@]514,large_neutral_organic,11.722,6.008311399616508,0.6741956223524426,low_confidence,0,1,runs/pqr_full_domain_moe_qm9_cycle/recompute_inputs/xyz/pqr_0619.xyz,runs/pqr_full_domain_moe_qm9_cycle/recompute_inputs/gaussian_gjf/pqr_0619.gjf,runs/pqr_full_domain_moe_qm9_cycle/recompute_inputs/orca_inp/pqr_0619.inp
pqr_0620,Cc1cc(N)nc(CCc2cccc([C@@H](CN)Cc3cc(C)cc(N)n3)n2)c1,large_neutral_organic,11.622,5.962569789202839,0.734467149314062,low_confidence,0,1,runs/pqr_full_domain_moe_qm9_cycle/recompute_inputs/xyz/pqr_0620.xyz,runs/pqr_full_domain_moe_qm9_cycle/recompute_inputs/gaussian_gjf/pqr_0620.gjf,runs/pqr_full_domain_moe_qm9_cycle/recompute_inputs/orca_inp/pqr_0620.inp
pqr_0621,COc1ccc(C[C@@H](C)NC[C@H](O)c2ccc(O)c(NC=O)c2)cc1,large_neutral_organic,8.443,5.989621666033939,2.568611181802245,low_confidence,0,1,runs/pqr_full_domain_moe_qm9_cycle/recompute_inputs/xyz/pqr_0621.xyz,runs/pqr_full_domain_moe_qm9_cycle/recompute_inputs/gaussian_gjf/pqr_0621.gjf,runs/pqr_full_domain_moe_qm9_cycle/recompute_inputs/orca_inp/pqr_0621.inp
pqr_0622,CCN(CC)CCOC(=O)[C@H](Cc1cccc2ccccc12)C[C@H]1CCCO1,large_neutral_organic,7.959999999999999,6.086531593091426,3.0586253011968534,low_confidence,0,1,runs/pqr_full_domain_moe_qm9_cycle/recompute_inputs/xyz/pqr_0622.xyz,runs/pqr_full_domain_moe_qm9_cycle/recompute_inputs/gaussian_gjf/pqr_0622.gjf,runs/pqr_full_domain_moe_qm9_cycle/recompute_inputs/orca_inp/pqr_0622.inp
pqr_0623,CC[C@@H](c1ccc(O)c(F)c1)[C@@H](C)c1ccc(O)c(F)c1,large_neutral_organic,8.943999999999999,5.9252502916483465,2.0335631624472956,low_confidence,0,1,runs/pqr_full_domain_moe_qm9_cycle/recompute_inputs/xyz/pqr_0623.xyz,runs/pqr_full_domain_moe_qm9_cycle/recompute_inputs/gaussian_gjf/pqr_0623.gjf,runs/pqr_full_domain_moe_qm9_cycle/recompute_inputs/orca_inp/pqr_0623.inp
pqr_0624,COC(=O)/C=C/C(=O)Nc1ccc(CCN2C[C@H]3CCC[C@@H](C2)[C@]3(OC)c2cccc(OC)c2)cc1,large_neutral_organic,10.636,6.011889905241475,0.416341357158343,low_confidence,0,1,runs/pqr_full_domain_moe_qm9_cycle/recompute_inputs/xyz/pqr_0624.xyz,runs/pqr_full_domain_moe_qm9_cycle/recompute_inputs/gaussian_gjf/pqr_0624.gjf,runs/pqr_full_domain_moe_qm9_cycle/recompute_inputs/orca_inp/pqr_0624.inp
pqr_0625,COc1cc([C@H](Nc2ccccn2)c2cc3c(cc2O)OCO3)cc(OC)c1OC,large_neutral_organic,11.365,5.924273836997564,0.7471857341155665,low_confidence,0,1,runs/pqr_full_domain_moe_qm9_cycle/recompute_inputs/xyz/pqr_0625.xyz,runs/pqr_full_domain_moe_qm9_cycle/recompute_inputs/gaussian_gjf/pqr_0625.gjf,runs/pqr_full_domain_moe_qm9_cycle/recompute_inputs/orca_inp/pqr_0625.inp
pqr_0626,O=C(NCc1cccc(-c2ccccc2)c1)c1cc(-c2cc(C(=O)N[C@@H](C(=O)O)C3CCCCC3)nc(C(=O)N3CCC[C@@H]3Cn3cccc3)c2)cc(C(=O)N2CCC[C@@H]2CN2CCCC2)n1,large_neutral_organic,7.342,5.928127328016855,3.795167829666201,low_confidence,0,1,runs/pqr_full_domain_moe_qm9_cycle/recompute_inputs/xyz/pqr_0626.xyz,runs/pqr_full_domain_moe_qm9_cycle/recompute_inputs/gaussian_gjf/pqr_0626.gjf,runs/pqr_full_domain_moe_qm9_cycle/recompute_inputs/orca_inp/pqr_0626.inp
pqr_0627,CC[C@H]1CN2CC[C@]3(C(=O)Nc4ccccc43)[C@@H]2C[C@@H]1/C(=C\OC)C(=O)OC,large_neutral_organic,8.517999999999999,6.073386013394749,2.458119843306644,low_confidence,0,1,runs/pqr_full_domain_moe_qm9_cycle/recompute_inputs/xyz/pqr_0627.xyz,runs/pqr_full_domain_moe_qm9_cycle/recompute_inputs/gaussian_gjf/pqr_0627.gjf,runs/pqr_full_domain_moe_qm9_cycle/recompute_inputs/orca_inp/pqr_0627.inp
pqr_0628,O=C(CCN1CCCCC1)N1CCc2[nH]c(=O)c3cc(F)ccc3c2C1,large_neutral_organic,10.993,6.061824407565611,0.1222446153845755,low_confidence,0,1,runs/pqr_full_domain_moe_qm9_cycle/recompute_inputs/xyz/pqr_0628.xyz,runs/pqr_full_domain_moe_qm9_cycle/recompute_inputs/gaussian_gjf/pqr_0628.gjf,runs/pqr_full_domain_moe_qm9_cycle/recompute_inputs/orca_inp/pqr_0628.inp
pqr_0629,COC(=O)COc1ccc(OCCNC[C@@H](O)COc2ccccc2)cc1,large_neutral_organic,8.568999999999999,6.096838323605389,2.1367179535052294,low_confidence,0,1,runs/pqr_full_domain_moe_qm9_cycle/recompute_inputs/xyz/pqr_0629.xyz,runs/pqr_full_domain_moe_qm9_cycle/recompute_inputs/gaussian_gjf/pqr_0629.gjf,runs/pqr_full_domain_moe_qm9_cycle/recompute_inputs/orca_inp/pqr_0629.inp
pqr_0630,COC(=O)[C@]12CCC(C)(C)C[C@H]1[C@H]1C(=O)C=C3[C@@]4(C)C=C(C#N)C(=O)C(C)(C)[C@@H]4CC[C@@]3(C)[C@]1(C)CC2,large_neutral_organic,8.878,5.985574835020381,2.82301427654844,low_confidence,0,1,runs/pqr_full_domain_moe_qm9_cycle/recompute_inputs/xyz/pqr_0630.xyz,runs/pqr_full_domain_moe_qm9_cycle/recompute_inputs/gaussian_gjf/pqr_0630.gjf,runs/pqr_full_domain_moe_qm9_cycle/recompute_inputs/orca_inp/pqr_0630.inp
pqr_0631,COc1cc(C[C@H]2NCCc3ccccc32)cc(OC)c1OC,large_neutral_organic,8.519,6.00509435397184,1.852232375027784,low_confidence,0,1,runs/pqr_full_domain_moe_qm9_cycle/recompute_inputs/xyz/pqr_0631.xyz,runs/pqr_full_domain_moe_qm9_cycle/recompute_inputs/gaussian_gjf/pqr_0631.gjf,runs/pqr_full_domain_moe_qm9_cycle/recompute_inputs/orca_inp/pqr_0631.inp
pqr_0632,CC(C)C[C@H](C(=O)NO)C(=O)N[C@@H](CC(=O)O)C(=O)NCc1ccccc1,large_neutral_organic,9.696,6.037036708951753,1.3148676763099072,low_confidence,0,1,runs/pqr_full_domain_moe_qm9_cycle/recompute_inputs/xyz/pqr_0632.xyz,runs/pqr_full_domain_moe_qm9_cycle/recompute_inputs/gaussian_gjf/pqr_0632.gjf,runs/pqr_full_domain_moe_qm9_cycle/recompute_inputs/orca_inp/pqr_0632.inp
pqr_0633,c1ccc2c3c([nH]c2c1)[C@@H]1C[C@@H]2CCCC[C@@H]2CN1CC3,large_neutral_organic,8.283000000000001,6.01787333924562,2.102993281277575,low_confidence,0,1,runs/pqr_full_domain_moe_qm9_cycle/recompute_inputs/xyz/pqr_0633.xyz,runs/pqr_full_domain_moe_qm9_cycle/recompute_inputs/gaussian_gjf/pqr_0633.gjf,runs/pqr_full_domain_moe_qm9_cycle/recompute_inputs/orca_inp/pqr_0633.inp
pqr_0634,C[C@@H](O)[C@@]1(O)CC[C@H]2[C@@H]3C[C@H](O)C4=CC(=O)CC[C@]4(C)[C@H]3CC[C@@]21C,large_neutral_organic,9.685,5.936541475591662,2.508058374246163,low_confidence,0,1,runs/pqr_full_domain_moe_qm9_cycle/recompute_inputs/xyz/pqr_0634.xyz,runs/pqr_full_domain_moe_qm9_cycle/recompute_inputs/gaussian_gjf/pqr_0634.gjf,runs/pqr_full_domain_moe_qm9_cycle/recompute_inputs/orca_inp/pqr_0634.inp
pqr_0635,COC(=O)C[C@H]1OC(C)(C)C2=C1C[C@]13CC[C@]4(C)C(=O)[C@@H](C)[C@@H]5[C@H]6OC(=O)[C@@H](C)[C@H]6O[C@@](O1)(C(=O)C3=CC2=O)[C@@H]54,large_neutral_organic,8.432,5.947358581530789,3.012535405260987,low_confidence,0,1,runs/pqr_full_domain_moe_qm9_cycle/recompute_inputs/xyz/pqr_0635.xyz,runs/pqr_full_domain_moe_qm9_cycle/recompute_inputs/gaussian_gjf/pqr_0635.gjf,runs/pqr_full_domain_moe_qm9_cycle/recompute_inputs/orca_inp/pqr_0635.inp
pqr_0636,Cc1occc1CN1CC[C@@]2(C)c3cc(O)ccc3C[C@@H]1[C@@H]2C,large_neutral_organic,8.807,6.0652909460400934,2.0342939330005674,low_confidence,0,1,runs/pqr_full_domain_moe_qm9_cycle/recompute_inputs/xyz/pqr_0636.xyz,runs/pqr_full_domain_moe_qm9_cycle/recompute_inputs/gaussian_gjf/pqr_0636.gjf,runs/pqr_full_domain_moe_qm9_cycle/recompute_inputs/orca_inp/pqr_0636.inp
pqr_0637,CCCCCc1ccc(C(=O)N(Cc2ccc(N(C)c3ccncc3)cc2)C2CCN(CCC(C)C)CC2)cc1,large_neutral_organic,11.169,5.930547912491442,0.0221584290941798,low_confidence,0,1,runs/pqr_full_domain_moe_qm9_cycle/recompute_inputs/xyz/pqr_0637.xyz,runs/pqr_full_domain_moe_qm9_cycle/recompute_inputs/gaussian_gjf/pqr_0637.gjf,runs/pqr_full_domain_moe_qm9_cycle/recompute_inputs/orca_inp/pqr_0637.inp
pqr_0638,CNCCc1c([C@@H]2[C@@H]3[C@H](C=C(C)CC3(C)C)[C@]34Nc5ccccc5[C@]23CCN4C)[nH]c2ccccc12,large_neutral_organic,11.309,5.965038225336753,0.4535353748801309,low_confidence,0,1,runs/pqr_full_domain_moe_qm9_cycle/recompute_inputs/xyz/pqr_0638.xyz,runs/pqr_full_domain_moe_qm9_cycle/recompute_inputs/gaussian_gjf/pqr_0638.gjf,runs/pqr_full_domain_moe_qm9_cycle/recompute_inputs/orca_inp/pqr_0638.inp
pqr_0639,C=CC(C)(C)[C@]1(C[C@@H]2NC(=O)[C@]3(O)CCCN3C2=O)C(=O)Nc2c1ccc1c2C=CC(C)(C)O1,large_neutral_organic,8.264999999999999,6.015651898957616,2.8390578301730063,low_confidence,0,1,runs/pqr_full_domain_moe_qm9_cycle/recompute_inputs/xyz/pqr_0639.xyz,runs/pqr_full_domain_moe_qm9_cycle/recompute_inputs/gaussian_gjf/pqr_0639.gjf,runs/pqr_full_domain_moe_qm9_cycle/recompute_inputs/orca_inp/pqr_0639.inp
pqr_0640,CC(C)C(=O)OCC(=O)[C@@]12O[C@H](C3CCCCC3)O[C@@H]1C[C@H]1[C@@H]3CCC4=CC(=O)C=C[C@]4(C)[C@H]3[C@@H](O)C[C@@]12C,large_neutral_organic,9.415,5.977741719723225,2.2694093877795964,low_confidence,0,1,runs/pqr_full_domain_moe_qm9_cycle/recompute_inputs/xyz/pqr_0640.xyz,runs/pqr_full_domain_moe_qm9_cycle/recompute_inputs/gaussian_gjf/pqr_0640.gjf,runs/pqr_full_domain_moe_qm9_cycle/recompute_inputs/orca_inp/pqr_0640.inp
pqr_0641,CC[C@@](COC(=O)c1cc(OC)c(OC)c(OC)c1)(NC)c1ccccc1,large_neutral_organic,8.437,6.1144731929630805,2.305246034847743,low_confidence,0,1,runs/pqr_full_domain_moe_qm9_cycle/recompute_inputs/xyz/pqr_0641.xyz,runs/pqr_full_domain_moe_qm9_cycle/recompute_inputs/gaussian_gjf/pqr_0641.gjf,runs/pqr_full_domain_moe_qm9_cycle/recompute_inputs/orca_inp/pqr_0641.inp
pqr_0642,Cc1cc(N)nc(CCc2cncc([C@@H](CN)Cc3cc(C)cc(N)n3)c2)c1,large_neutral_organic,11.639,5.9571171571031725,0.7160178641135175,low_confidence,0,1,runs/pqr_full_domain_moe_qm9_cycle/recompute_inputs/xyz/pqr_0642.xyz,runs/pqr_full_domain_moe_qm9_cycle/recompute_inputs/gaussian_gjf/pqr_0642.gjf,runs/pqr_full_domain_moe_qm9_cycle/recompute_inputs/orca_inp/pqr_0642.inp
pqr_0643,CO[C@@]12C[C@H](CO)CN(C)[C@@H]1Cc1c[nH]c3cccc2c13,large_neutral_organic,8.007000000000001,5.970950332051929,2.7364467868583944,low_confidence,0,1,runs/pqr_full_domain_moe_qm9_cycle/recompute_inputs/xyz/pqr_0643.xyz,runs/pqr_full_domain_moe_qm9_cycle/recompute_inputs/gaussian_gjf/pqr_0643.gjf,runs/pqr_full_domain_moe_qm9_cycle/recompute_inputs/orca_inp/pqr_0643.inp
pqr_0644,C=CCNc1ncnc2c1ncn2[C@@H]1O[C@H](CO)[C@@H](O)[C@H]1O,large_neutral_organic,11.401,6.070017362780902,0.7820382686280372,low_confidence,0,1,runs/pqr_full_domain_moe_qm9_cycle/recompute_inputs/xyz/pqr_0644.xyz,runs/pqr_full_domain_moe_qm9_cycle/recompute_inputs/gaussian_gjf/pqr_0644.gjf,runs/pqr_full_domain_moe_qm9_cycle/recompute_inputs/orca_inp/pqr_0644.inp
pqr_0645,COc1ccc2c3c4n(c2c1)[C@@H](C=C(C)C)OOC(C)(C)C[C@@H]4N1C(=O)[C@@H]2CCCN2C(=O)[C@]1(O)[C@H]3O,large_neutral_organic,8.087,5.958527565426166,3.025914887859898,low_confidence,0,1,runs/pqr_full_domain_moe_qm9_cycle/recompute_inputs/xyz/pqr_0645.xyz,runs/pqr_full_domain_moe_qm9_cycle/recompute_inputs/gaussian_gjf/pqr_0645.gjf,runs/pqr_full_domain_moe_qm9_cycle/recompute_inputs/orca_inp/pqr_0645.inp
pqr_0647,CCN(CC)C[C@@H](C)OC(=O)C(O)(c1ccccc1)c1ccccc1,large_neutral_organic,8.689,6.094910219174221,1.985255605401772,low_confidence,0,1,runs/pqr_full_domain_moe_qm9_cycle/recompute_inputs/xyz/pqr_0647.xyz,runs/pqr_full_domain_moe_qm9_cycle/recompute_inputs/gaussian_gjf/pqr_0647.gjf,runs/pqr_full_domain_moe_qm9_cycle/recompute_inputs/orca_inp/pqr_0647.inp
pqr_0648,C[C@@]1(c2cc(NC(=O)c3ccc(C#N)cn3)ccc2F)C[C@H](C(F)(F)F)OC(N)=N1,large_neutral_organic,10.24,5.992867629321036,0.6584621492783995,low_confidence,0,1,runs/pqr_full_domain_moe_qm9_cycle/recompute_inputs/xyz/pqr_0648.xyz,runs/pqr_full_domain_moe_qm9_cycle/recompute_inputs/gaussian_gjf/pqr_0648.gjf,runs/pqr_full_domain_moe_qm9_cycle/recompute_inputs/orca_inp/pqr_0648.inp
pqr_0649,CC1(C)CCC(C)(C)c2cc([C@@H](O)c3ccc4cc(C(=O)O)ccc4c3)ccc21,large_neutral_organic,11.173,5.979989236866738,0.2424757647847926,low_confidence,0,1,runs/pqr_full_domain_moe_qm9_cycle/recompute_inputs/xyz/pqr_0649.xyz,runs/pqr_full_domain_moe_qm9_cycle/recompute_inputs/gaussian_gjf/pqr_0649.gjf,runs/pqr_full_domain_moe_qm9_cycle/recompute_inputs/orca_inp/pqr_0649.inp
pqr_0650,c1ccc(C2(c3ccccc3)OC[C@H]([C@H]3CCCCN3)O2)cc1,large_neutral_organic,8.882000000000001,6.137157158610762,1.9553352347164503,low_confidence,0,1,runs/pqr_full_domain_moe_qm9_cycle/recompute_inputs/xyz/pqr_0650.xyz,runs/pqr_full_domain_moe_qm9_cycle/recompute_inputs/gaussian_gjf/pqr_0650.gjf,runs/pqr_full_domain_moe_qm9_cycle/recompute_inputs/orca_inp/pqr_0650.inp
pqr_0651,CC(C)(NC[C@H](O)c1ccc(O)c(O)c1)[C@H]1CC[C@@](C)(N)CC1,large_neutral_organic,11.849,6.319186770526056,0.4538042227112164,low_confidence,0,1,runs/pqr_full_domain_moe_qm9_cycle/recompute_inputs/xyz/pqr_0651.xyz,runs/pqr_full_domain_moe_qm9_cycle/recompute_inputs/gaussian_gjf/pqr_0651.gjf,runs/pqr_full_domain_moe_qm9_cycle/recompute_inputs/orca_inp/pqr_0651.inp
pqr_0652,COC(=O)[C@]1(O)O[C@@H]2C[C@@]13C(=CC(=O)[C@@H]3C)[C@]1(C)COC(=O)[C@]21O,large_neutral_organic,9.63,6.197968954261361,1.8905154087848184,low_confidence,0,1,runs/pqr_full_domain_moe_qm9_cycle/recompute_inputs/xyz/pqr_0652.xyz,runs/pqr_full_domain_moe_qm9_cycle/recompute_inputs/gaussian_gjf/pqr_0652.gjf,runs/pqr_full_domain_moe_qm9_cycle/recompute_inputs/orca_inp/pqr_0652.inp
pqr_0653,C[C@H]1O[C@H](O[C@@H]2[C@@H](O)[C@H](O)O[C@H](CO)[C@H]2OC(=O)/C=C/c2ccc(O)c(O)c2)[C@@H](O)[C@@H](O)[C@@H]1O,large_neutral_organic,7.893000000000001,6.2504837173540455,3.0072996033251744,low_confidence,0,1,runs/pqr_full_domain_moe_qm9_cycle/recompute_inputs/xyz/pqr_0653.xyz,runs/pqr_full_domain_moe_qm9_cycle/recompute_inputs/gaussian_gjf/pqr_0653.gjf,runs/pqr_full_domain_moe_qm9_cycle/recompute_inputs/orca_inp/pqr_0653.inp
pqr_0654,CC[C@@H]1CN2CCc3cc(OC)c(OC)cc3[C@H]2C[C@H]1C[C@@H]1NCCc2cc(OC)c(OC)cc21,large_neutral_organic,8.33,6.149310122343579,2.2610823557371376,low_confidence,0,1,runs/pqr_full_domain_moe_qm9_cycle/recompute_inputs/xyz/pqr_0654.xyz,runs/pqr_full_domain_moe_qm9_cycle/recompute_inputs/gaussian_gjf/pqr_0654.gjf,runs/pqr_full_domain_moe_qm9_cycle/recompute_inputs/orca_inp/pqr_0654.inp
pqr_0655,CCCCOC[C@@H](CN1C(=O)NC(=O)[C@@](CC)(c2ccccc2)C1=O)OC(N)=O,large_neutral_organic,9.675,6.158408910511797,1.193685062408731,low_confidence,0,1,runs/pqr_full_domain_moe_qm9_cycle/recompute_inputs/xyz/pqr_0655.xyz,runs/pqr_full_domain_moe_qm9_cycle/recompute_inputs/gaussian_gjf/pqr_0655.gjf,runs/pqr_full_domain_moe_qm9_cycle/recompute_inputs/orca_inp/pqr_0655.inp
pqr_0656,CC(C)=C[C@@H](C)Nc1ncnc2c1ncn2[C@@H]1O[C@H](CO)[C@@H](O)[C@H]1O,large_neutral_organic,8.356,6.121719432524092,2.4564783310251865,low_confidence,0,1,runs/pqr_full_domain_moe_qm9_cycle/recompute_inputs/xyz/pqr_0656.xyz,runs/pqr_full_domain_moe_qm9_cycle/recompute_inputs/gaussian_gjf/pqr_0656.gjf,runs/pqr_full_domain_moe_qm9_cycle/recompute_inputs/orca_inp/pqr_0656.inp
pqr_0657,C=C1NC(=O)[C@H](CCCc2ccc(OC)cc2)NC(=O)[C@H](C(C)C)OC(=O)[C@H](C)NC1=O,large_neutral_organic,8.742,6.134934781395478,2.0817328072844568,low_confidence,0,1,runs/pqr_full_domain_moe_qm9_cycle/recompute_inputs/xyz/pqr_0657.xyz,runs/pqr_full_domain_moe_qm9_cycle/recompute_inputs/gaussian_gjf/pqr_0657.gjf,runs/pqr_full_domain_moe_qm9_cycle/recompute_inputs/orca_inp/pqr_0657.inp
pqr_0658,Oc1ccc2c(c1)[C@@]13CCCC[C@@]1(O)[C@@H](C2)N(CC1CC1)CC3,large_neutral_organic,8.924,6.224825033326816,2.105514825653538,low_confidence,0,1,runs/pqr_full_domain_moe_qm9_cycle/recompute_inputs/xyz/pqr_0658.xyz,runs/pqr_full_domain_moe_qm9_cycle/recompute_inputs/gaussian_gjf/pqr_0658.gjf,runs/pqr_full_domain_moe_qm9_cycle/recompute_inputs/orca_inp/pqr_0658.inp
pqr_0659,[O-][n+]1ccc(C[C@H](c2ccc(C(O)(C(F)(F)F)C(F)(F)F)cc2)c2ccc(OC(F)F)c(OC(F)F)c2)cc1,large_neutral_organic,11.042,6.14533319957629,0.4385621969557292,low_confidence,0,1,runs/pqr_full_domain_moe_qm9_cycle/recompute_inputs/xyz/pqr_0659.xyz,runs/pqr_full_domain_moe_qm9_cycle/recompute_inputs/gaussian_gjf/pqr_0659.gjf,runs/pqr_full_domain_moe_qm9_cycle/recompute_inputs/orca_inp/pqr_0659.inp
pqr_0660,CC[C@H]1C[C@H]2CN3CCc4c([nH]c5cc(OC)c(OC)cc45)[C@](C(=O)OC)(C2)[C@H]13,large_neutral_organic,8.173,6.144300689188924,2.84206552850795,low_confidence,0,1,runs/pqr_full_domain_moe_qm9_cycle/recompute_inputs/xyz/pqr_0660.xyz,runs/pqr_full_domain_moe_qm9_cycle/recompute_inputs/gaussian_gjf/pqr_0660.gjf,runs/pqr_full_domain_moe_qm9_cycle/recompute_inputs/orca_inp/pqr_0660.inp
pqr_0661,CC(C)(C)OC(=O)NCCCCCC[C@H](C(=O)O)c1c[nH]c2ccccc12,large_neutral_organic,11.459,6.327527190922588,0.4186685203295823,low_confidence,0,1,runs/pqr_full_domain_moe_qm9_cycle/recompute_inputs/xyz/pqr_0661.xyz,runs/pqr_full_domain_moe_qm9_cycle/recompute_inputs/gaussian_gjf/pqr_0661.gjf,runs/pqr_full_domain_moe_qm9_cycle/recompute_inputs/orca_inp/pqr_0661.inp
pqr_0662,CO[C@@H]1[C@H](O)[C@@H](CO)O[C@H]1n1cnc2c(NC3CCCCC3)ncnc21,large_neutral_organic,8.346,6.252995741493234,2.575849641813864,low_confidence,0,1,runs/pqr_full_domain_moe_qm9_cycle/recompute_inputs/xyz/pqr_0662.xyz,runs/pqr_full_domain_moe_qm9_cycle/recompute_inputs/gaussian_gjf/pqr_0662.gjf,runs/pqr_full_domain_moe_qm9_cycle/recompute_inputs/orca_inp/pqr_0662.inp
pqr_0663,C#C[C@]1(OC(C)=O)CC[C@H]2[C@@H]3CCC4=C/C(=N/O)CC[C@@H]4[C@H]3CC[C@@]21CC,large_neutral_organic,9.262,6.389898530202062,2.60443934807882,low_confidence,0,1,runs/pqr_full_domain_moe_qm9_cycle/recompute_inputs/xyz/pqr_0663.xyz,runs/pqr_full_domain_moe_qm9_cycle/recompute_inputs/gaussian_gjf/pqr_0663.gjf,runs/pqr_full_domain_moe_qm9_cycle/recompute_inputs/orca_inp/pqr_0663.inp
pqr_0664,C[C@@H]1C[C@H]2OC(=O)[C@@]3(C)CCC[C@@](C)([C@@H]23)[C@@]1(O)CCc1ccoc1,large_neutral_organic,9.848,6.364406655970931,1.230651955052183,low_confidence,0,1,runs/pqr_full_domain_moe_qm9_cycle/recompute_inputs/xyz/pqr_0664.xyz,runs/pqr_full_domain_moe_qm9_cycle/recompute_inputs/gaussian_gjf/pqr_0664.gjf,runs/pqr_full_domain_moe_qm9_cycle/recompute_inputs/orca_inp/pqr_0664.inp
pqr_0665,CCCC[C@@H](F)[C@H](O)/C=C/[C@H]1CCC(=O)[C@@H]1C/C=C\CCCC(=O)O,large_neutral_organic,10.044,6.158655469112473,1.7007692142319204,low_confidence,0,1,runs/pqr_full_domain_moe_qm9_cycle/recompute_inputs/xyz/pqr_0665.xyz,runs/pqr_full_domain_moe_qm9_cycle/recompute_inputs/gaussian_gjf/pqr_0665.gjf,runs/pqr_full_domain_moe_qm9_cycle/recompute_inputs/orca_inp/pqr_0665.inp
pqr_0666,C[C@H]1[C@@H](O[C@@H]2OCC[C@H](N)[C@H]2O)[C@H](C)C[C@@]2(CO2)C(=O)[C@H](C)[C@H](O)[C@@H](C)COC(=O)[C@@H](C)[C@H]1O[C@H]1C[C@H](O)[C@@H](O)CO1,large_neutral_organic,9.596,6.347364586368998,2.551105573339015,low_confidence,0,1,runs/pqr_full_domain_moe_qm9_cycle/recompute_inputs/xyz/pqr_0666.xyz,runs/pqr_full_domain_moe_qm9_cycle/recompute_inputs/gaussian_gjf/pqr_0666.gjf,runs/pqr_full_domain_moe_qm9_cycle/recompute_inputs/orca_inp/pqr_0666.inp
pqr_0667,C#CC#C[C@@H]1C(=C)C(O)=C=C/C=C\C=C=C1CC#CC1=C2CC(=C)[C@]3(CC3=C)[C@@H]2OC(=O)O1,large_neutral_organic,6.896999999999999,6.185741069964175,4.533643162943416,low_confidence,0,1,runs/pqr_full_domain_moe_qm9_cycle/recompute_inputs/xyz/pqr_0667.xyz,runs/pqr_full_domain_moe_qm9_cycle/recompute_inputs/gaussian_gjf/pqr_0667.gjf,runs/pqr_full_domain_moe_qm9_cycle/recompute_inputs/orca_inp/pqr_0667.inp
pqr_0668,COc1cc2c(cc1OC)C(C)(C)C(C)(C)N(C)C2(C)C,large_neutral_organic,8.732999999999999,6.183645131718816,1.8513496342177584,low_confidence,0,1,runs/pqr_full_domain_moe_qm9_cycle/recompute_inputs/xyz/pqr_0668.xyz,runs/pqr_full_domain_moe_qm9_cycle/recompute_inputs/gaussian_gjf/pqr_0668.gjf,runs/pqr_full_domain_moe_qm9_cycle/recompute_inputs/orca_inp/pqr_0668.inp
pqr_0669,CO[C@H]1C[C@H](C)Cc2cc(O)cc(c2)NC(=O)/C(C)=C/CC[C@H](C)[C@@H](OC(N)=O)/C(C)=C/[C@H](C)[C@H]1O,large_neutral_organic,11.878,6.2297495950870205,0.8528333469708329,low_confidence,0,1,runs/pqr_full_domain_moe_qm9_cycle/recompute_inputs/xyz/pqr_0669.xyz,runs/pqr_full_domain_moe_qm9_cycle/recompute_inputs/gaussian_gjf/pqr_0669.gjf,runs/pqr_full_domain_moe_qm9_cycle/recompute_inputs/orca_inp/pqr_0669.inp
pqr_0670,Fc1ccc(CN2CCC(Nc3ccc(C(F)(F)F)nn3)CC2)cc1F,large_neutral_organic,11.513,6.320878593809762,0.9140877824752192,low_confidence,0,1,runs/pqr_full_domain_moe_qm9_cycle/recompute_inputs/xyz/pqr_0670.xyz,runs/pqr_full_domain_moe_qm9_cycle/recompute_inputs/gaussian_gjf/pqr_0670.gjf,runs/pqr_full_domain_moe_qm9_cycle/recompute_inputs/orca_inp/pqr_0670.inp
pqr_0671,C=C1C(=O)O[C@H]2/C=C(\C)CC/C=C(/C(=O)O)CC/C=C(\C)CC[C@@H]12,large_neutral_organic,9.125,6.376500176328854,2.4223234446365716,low_confidence,0,1,runs/pqr_full_domain_moe_qm9_cycle/recompute_inputs/xyz/pqr_0671.xyz,runs/pqr_full_domain_moe_qm9_cycle/recompute_inputs/gaussian_gjf/pqr_0671.gjf,runs/pqr_full_domain_moe_qm9_cycle/recompute_inputs/orca_inp/pqr_0671.inp
pqr_0672,C=C(CO)[C@H](CO[C@@H]1O[C@H](CO)[C@@H](O)[C@H](O)[C@H]1O)OC(=O)/C=C/c1ccc(O)c(O)c1,large_neutral_organic,7.996,6.175364638100902,2.914997935783767,low_confidence,0,1,runs/pqr_full_domain_moe_qm9_cycle/recompute_inputs/xyz/pqr_0672.xyz,runs/pqr_full_domain_moe_qm9_cycle/recompute_inputs/gaussian_gjf/pqr_0672.gjf,runs/pqr_full_domain_moe_qm9_cycle/recompute_inputs/orca_inp/pqr_0672.inp
pqr_0673,N[C@@H](Cc1cnc(C(F)(F)F)[nH]1)C(=O)N1CCC[C@H]1C(=O)NC(=O)[C@@H]1CCC(=O)N1,large_neutral_organic,9.422,6.381290832164089,1.8562061852581648,low_confidence,0,1,runs/pqr_full_domain_moe_qm9_cycle/recompute_inputs/xyz/pqr_0673.xyz,runs/pqr_full_domain_moe_qm9_cycle/recompute_inputs/gaussian_gjf/pqr_0673.gjf,runs/pqr_full_domain_moe_qm9_cycle/recompute_inputs/orca_inp/pqr_0673.inp
pqr_0674,C/C=C/C(=O)Oc1c([C@H](C)CCCCCC)cc([N+](=O)[O-])cc1[N+](=O)[O-],large_neutral_organic,11.703499999999998,6.248899504919193,0.5442379107869275,low_confidence,0,1,runs/pqr_full_domain_moe_qm9_cycle/recompute_inputs/xyz/pqr_0674.xyz,runs/pqr_full_domain_moe_qm9_cycle/recompute_inputs/gaussian_gjf/pqr_0674.gjf,runs/pqr_full_domain_moe_qm9_cycle/recompute_inputs/orca_inp/pqr_0674.inp
pqr_0675,C#CC#CN(C)C(=O)CCCCCCCCCC[C@@H]1Cc2cc(O)ccc2[C@H]2CC[C@]3(C)[C@@H](O)CC[C@H]3[C@H]12,large_neutral_organic,12.037,6.239555720920246,0.9331234945364582,low_confidence,0,1,runs/pqr_full_domain_moe_qm9_cycle/recompute_inputs/xyz/pqr_0675.xyz,runs/pqr_full_domain_moe_qm9_cycle/recompute_inputs/gaussian_gjf/pqr_0675.gjf,runs/pqr_full_domain_moe_qm9_cycle/recompute_inputs/orca_inp/pqr_0675.inp
pqr_0676,O=C(NC(CN1CCOCC1)CN1CCOCC1)c1cc(O[C@H]2O[C@H](CO)[C@H](O)[C@H](O)[C@H]2O)cc([N+](=O)[O-])c1,large_neutral_organic,7.523999999999999,6.208816065323336,3.5431383953355375,low_confidence,0,1,runs/pqr_full_domain_moe_qm9_cycle/recompute_inputs/xyz/pqr_0676.xyz,runs/pqr_full_domain_moe_qm9_cycle/recompute_inputs/gaussian_gjf/pqr_0676.gjf,runs/pqr_full_domain_moe_qm9_cycle/recompute_inputs/orca_inp/pqr_0676.inp
pqr_0677,O[C@@H]1C=C[C@@]23c4cc5c(cc4CN(C[C@H]2O)[C@H]3C1)OCO5,large_neutral_organic,8.669,6.171633490620299,2.3071888553887554,low_confidence,0,1,runs/pqr_full_domain_moe_qm9_cycle/recompute_inputs/xyz/pqr_0677.xyz,runs/pqr_full_domain_moe_qm9_cycle/recompute_inputs/gaussian_gjf/pqr_0677.gjf,runs/pqr_full_domain_moe_qm9_cycle/recompute_inputs/orca_inp/pqr_0677.inp
pqr_0678,CCC(=O)N1CCOc2c(cc(-c3ccc(OC)c(OC)c3)cc2OC[C@@H]2CCCN(C)C2)C1,large_neutral_organic,11.145,6.147449276772505,0.1769625115814168,low_confidence,0,1,runs/pqr_full_domain_moe_qm9_cycle/recompute_inputs/xyz/pqr_0678.xyz,runs/pqr_full_domain_moe_qm9_cycle/recompute_inputs/gaussian_gjf/pqr_0678.gjf,runs/pqr_full_domain_moe_qm9_cycle/recompute_inputs/orca_inp/pqr_0678.inp
pqr_0679,C=C(CC)[C@H](C)/C=C/[C@@H](C)[C@H]1CC[C@H]2[C@@H]3CC=C4C[C@@H](O)CC[C@]4(C)[C@H]3CC[C@]12C,large_neutral_organic,10.3,6.3742711608718885,1.9723383320195536,low_confidence,0,1,runs/pqr_full_domain_moe_qm9_cycle/recompute_inputs/xyz/pqr_0679.xyz,runs/pqr_full_domain_moe_qm9_cycle/recompute_inputs/gaussian_gjf/pqr_0679.gjf,runs/pqr_full_domain_moe_qm9_cycle/recompute_inputs/orca_inp/pqr_0679.inp
pqr_0680,CCCN1C[C@@H](NC(=O)N(CC)CC)C[C@@H]2c3cccc4[nH]cc(c34)C[C@H]21,large_neutral_organic,8.378,6.259069997005997,2.7062289190736735,low_confidence,0,1,runs/pqr_full_domain_moe_qm9_cycle/recompute_inputs/xyz/pqr_0680.xyz,runs/pqr_full_domain_moe_qm9_cycle/recompute_inputs/gaussian_gjf/pqr_0680.gjf,runs/pqr_full_domain_moe_qm9_cycle/recompute_inputs/orca_inp/pqr_0680.inp
pqr_0681,C=C(C)C(=O)O[C@H]1C/C(C=O)=C/CC[C@@]2(C)O[C@H]2[C@H]2OC(=O)C(=C)[C@@H]21,large_neutral_organic,9.85,6.224687725027101,1.67770246793501,low_confidence,0,1,runs/pqr_full_domain_moe_qm9_cycle/recompute_inputs/xyz/pqr_0681.xyz,runs/pqr_full_domain_moe_qm9_cycle/recompute_inputs/gaussian_gjf/pqr_0681.gjf,runs/pqr_full_domain_moe_qm9_cycle/recompute_inputs/orca_inp/pqr_0681.inp
pqr_0682,C=C[C@]1(C)C[C@@H](OC(=O)CO)[C@@]2(C)[C@H](C)CC[C@]3(CCC(=O)[C@H]32)[C@@H](C)[C@@H]1O,large_neutral_organic,10.604,6.266883709396831,1.3497276273528094,low_confidence,0,1,runs/pqr_full_domain_moe_qm9_cycle/recompute_inputs/xyz/pqr_0682.xyz,runs/pqr_full_domain_moe_qm9_cycle/recompute_inputs/gaussian_gjf/pqr_0682.gjf,runs/pqr_full_domain_moe_qm9_cycle/recompute_inputs/orca_inp/pqr_0682.inp
pqr_0683,CC(=O)Oc1ccc2c(c1)CC[C@H]1[C@@H]2CC[C@]2(C)[C@@H](OC(C)=O)CC[C@H]12,large_neutral_organic,9.211,6.273280881759313,1.935936786371954,low_confidence,0,1,runs/pqr_full_domain_moe_qm9_cycle/recompute_inputs/xyz/pqr_0683.xyz,runs/pqr_full_domain_moe_qm9_cycle/recompute_inputs/gaussian_gjf/pqr_0683.gjf,runs/pqr_full_domain_moe_qm9_cycle/recompute_inputs/orca_inp/pqr_0683.inp
pqr_0684,CC(C)=CCC[C@@]1(C)[C@@H]2CC[C@]3(C)Oc4cc(C)c(C(=O)O)c(O)c4[C@H]1[C@H]23,large_neutral_organic,8.783,6.280682470000252,2.349609439394147,low_confidence,0,1,runs/pqr_full_domain_moe_qm9_cycle/recompute_inputs/xyz/pqr_0684.xyz,runs/pqr_full_domain_moe_qm9_cycle/recompute_inputs/gaussian_gjf/pqr_0684.gjf,runs/pqr_full_domain_moe_qm9_cycle/recompute_inputs/orca_inp/pqr_0684.inp
pqr_0685,CC1(C)[C@@H](O)CC[C@]2(C)[C@H]3Cc4c(O)cc5c(c4O[C@@]3(C)CC[C@@H]12)COC5=O,large_neutral_organic,8.506,6.357145679606357,2.875552366866472,low_confidence,0,1,runs/pqr_full_domain_moe_qm9_cycle/recompute_inputs/xyz/pqr_0685.xyz,runs/pqr_full_domain_moe_qm9_cycle/recompute_inputs/gaussian_gjf/pqr_0685.gjf,runs/pqr_full_domain_moe_qm9_cycle/recompute_inputs/orca_inp/pqr_0685.inp
pqr_0686,CCCCCCC[C@H](O)CCC(=O)N1CCCC[C@H]1c1cccnc1,large_neutral_organic,9.118,6.17802967781884,1.8576773330421563,low_confidence,0,1,runs/pqr_full_domain_moe_qm9_cycle/recompute_inputs/xyz/pqr_0686.xyz,runs/pqr_full_domain_moe_qm9_cycle/recompute_inputs/gaussian_gjf/pqr_0686.gjf,runs/pqr_full_domain_moe_qm9_cycle/recompute_inputs/orca_inp/pqr_0686.inp
pqr_0687,COc1cc([C@@H](CN(CC(=O)O)CC(=O)O)N(CC(=O)O)CC(=O)O)c([N+](=O)[O-])cc1OC,large_neutral_organic,11.0995,6.188551799283262,0.0338857434224966,low_confidence,0,1,runs/pqr_full_domain_moe_qm9_cycle/recompute_inputs/xyz/pqr_0687.xyz,runs/pqr_full_domain_moe_qm9_cycle/recompute_inputs/gaussian_gjf/pqr_0687.gjf,runs/pqr_full_domain_moe_qm9_cycle/recompute_inputs/orca_inp/pqr_0687.inp
pqr_0688,Cc1ccc(O)c(Cn2c(NC3CCN(CCN)CC3)nc3c(C)cccc32)n1,large_neutral_organic,10.357,6.123263036594409,0.590042917112676,low_confidence,0,1,runs/pqr_full_domain_moe_qm9_cycle/recompute_inputs/xyz/pqr_0688.xyz,runs/pqr_full_domain_moe_qm9_cycle/recompute_inputs/gaussian_gjf/pqr_0688.gjf,runs/pqr_full_domain_moe_qm9_cycle/recompute_inputs/orca_inp/pqr_0688.inp
pqr_0689,CC(C)Oc1ccccc1N1CCN(CCNC(=O)CN2CCCCC2=O)CC1,large_neutral_organic,8.477,6.122054717290402,2.7216693256184,low_confidence,0,1,runs/pqr_full_domain_moe_qm9_cycle/recompute_inputs/xyz/pqr_0689.xyz,runs/pqr_full_domain_moe_qm9_cycle/recompute_inputs/gaussian_gjf/pqr_0689.gjf,runs/pqr_full_domain_moe_qm9_cycle/recompute_inputs/orca_inp/pqr_0689.inp
pqr_0690,COc1cc(C)cc(C)c1NC(=O)CCN1CCCC[C@@H]1C,large_neutral_organic,8.943,6.170166910876209,2.1136571711837533,low_confidence,0,1,runs/pqr_full_domain_moe_qm9_cycle/recompute_inputs/xyz/pqr_0690.xyz,runs/pqr_full_domain_moe_qm9_cycle/recompute_inputs/gaussian_gjf/pqr_0690.gjf,runs/pqr_full_domain_moe_qm9_cycle/recompute_inputs/orca_inp/pqr_0690.inp
pqr_0691,CCNC(=O)CNC(=O)/C(=C/c1ccccc1)NC(=O)[C@@H]1CCCN1C(=O)OC(C)(C)C,large_neutral_organic,8.868,6.161817806429614,2.159774684937238,low_confidence,0,1,runs/pqr_full_domain_moe_qm9_cycle/recompute_inputs/xyz/pqr_0691.xyz,runs/pqr_full_domain_moe_qm9_cycle/recompute_inputs/gaussian_gjf/pqr_0691.gjf,runs/pqr_full_domain_moe_qm9_cycle/recompute_inputs/orca_inp/pqr_0691.inp
pqr_0692,CCC[C@H]1CN(Cc2ccc(CN3C(=N)N[C@](CCC4CCCCC4)(CC4CCCCC4)C3=O)cc2)C(=O)N1,large_neutral_organic,12.039,6.126980642338659,0.9011826755729332,low_confidence,0,1,runs/pqr_full_domain_moe_qm9_cycle/recompute_inputs/xyz/pqr_0692.xyz,runs/pqr_full_domain_moe_qm9_cycle/recompute_inputs/gaussian_gjf/pqr_0692.gjf,runs/pqr_full_domain_moe_qm9_cycle/recompute_inputs/orca_inp/pqr_0692.inp
pqr_0693,CC1=CCC[C@H]2[C@](C)(Cc3cc(O)ccc3O)[C@@H](C)CC[C@]12C,large_neutral_organic,8.515,6.140697375199787,2.6134408243063696,low_confidence,0,1,runs/pqr_full_domain_moe_qm9_cycle/recompute_inputs/xyz/pqr_0693.xyz,runs/pqr_full_domain_moe_qm9_cycle/recompute_inputs/gaussian_gjf/pqr_0693.gjf,runs/pqr_full_domain_moe_qm9_cycle/recompute_inputs/orca_inp/pqr_0693.inp
pqr_0694,CN[C@@H](C)C(=O)N[C@H](C(=O)N1C[C@H]2C[C@@H]3C[C@@H]3N2C[C@H]1C(=O)N[C@@H]1CCOc2ccccc21)C1CCCCC1,large_neutral_organic,12.078,6.125480751947022,0.9603461010497528,low_confidence,0,1,runs/pqr_full_domain_moe_qm9_cycle/recompute_inputs/xyz/pqr_0694.xyz,runs/pqr_full_domain_moe_qm9_cycle/recompute_inputs/gaussian_gjf/pqr_0694.gjf,runs/pqr_full_domain_moe_qm9_cycle/recompute_inputs/orca_inp/pqr_0694.inp
pqr_0695,O=C(/C=C/c1ccc(O)c(O)c1)O[C@@H]1C[C@](O)(C(=O)O)C[C@@H](O)[C@@H]1O,large_neutral_organic,8.088999999999999,6.138272862405434,2.885001231034355,low_confidence,0,1,runs/pqr_full_domain_moe_qm9_cycle/recompute_inputs/xyz/pqr_0695.xyz,runs/pqr_full_domain_moe_qm9_cycle/recompute_inputs/gaussian_gjf/pqr_0695.gjf,runs/pqr_full_domain_moe_qm9_cycle/recompute_inputs/orca_inp/pqr_0695.inp
pqr_0696,CC[C@H](C)CC/C=C/C=C(\C)[C@@H](O)C/C=C/C=C/C(=O)O[C@H]1[C@H](O)[C@@H](CO)O[C@@]2(OCc3cc(O)cc(O)c32)[C@@H]1O,large_neutral_organic,8.402,6.253676636645779,2.753159040832126,low_confidence,0,1,runs/pqr_full_domain_moe_qm9_cycle/recompute_inputs/xyz/pqr_0696.xyz,runs/pqr_full_domain_moe_qm9_cycle/recompute_inputs/gaussian_gjf/pqr_0696.gjf,runs/pqr_full_domain_moe_qm9_cycle/recompute_inputs/orca_inp/pqr_0696.inp
pqr_0697,C[C@]12CCC(=O)C[C@H]1CC[C@@H]1[C@@H]2[C@H]2C[C@@]3([C@H](O)O2)[C@@H](C(=O)CO)CC[C@@H]13,large_neutral_organic,10.369,6.124421003714192,1.8058753762209907,low_confidence,0,1,runs/pqr_full_domain_moe_qm9_cycle/recompute_inputs/xyz/pqr_0697.xyz,runs/pqr_full_domain_moe_qm9_cycle/recompute_inputs/gaussian_gjf/pqr_0697.gjf,runs/pqr_full_domain_moe_qm9_cycle/recompute_inputs/orca_inp/pqr_0697.inp
pqr_0698,CCC(=O)Oc1ccc2c3c1O[C@H]1[C@@H](O)C=C[C@H]4[C@@H](C2)N(C)CC[C@@]341,large_neutral_organic,11.88,6.22443769343,0.827025116482945,low_confidence,0,1,runs/pqr_full_domain_moe_qm9_cycle/recompute_inputs/xyz/pqr_0698.xyz,runs/pqr_full_domain_moe_qm9_cycle/recompute_inputs/gaussian_gjf/pqr_0698.gjf,runs/pqr_full_domain_moe_qm9_cycle/recompute_inputs/orca_inp/pqr_0698.inp
pqr_0699,O=C(Nc1cccc(C(F)(F)F)c1)C1CCN(c2ncnc3[nH]cnc23)CC1,large_neutral_organic,11.165,6.152217974225146,0.3509032020026179,low_confidence,0,1,runs/pqr_full_domain_moe_qm9_cycle/recompute_inputs/xyz/pqr_0699.xyz,runs/pqr_full_domain_moe_qm9_cycle/recompute_inputs/gaussian_gjf/pqr_0699.gjf,runs/pqr_full_domain_moe_qm9_cycle/recompute_inputs/orca_inp/pqr_0699.inp
pqr_0700,C=C[C@@]1(C)CC[C@H]2[C@@](O)(CC[C@@H]3[C@]2(C)CCC[C@]3(C)C(=O)O)C1,large_neutral_organic,13.964,6.572232067743544,1.7634727255310487,low_confidence,0,1,runs/pqr_full_domain_moe_qm9_cycle/recompute_inputs/xyz/pqr_0700.xyz,runs/pqr_full_domain_moe_qm9_cycle/recompute_inputs/gaussian_gjf/pqr_0700.gjf,runs/pqr_full_domain_moe_qm9_cycle/recompute_inputs/orca_inp/pqr_0700.inp
pqr_0701,N[C@@H](CCC(=O)CNC[C@@H](O)CC[C@H](N)C(=O)O)C(=O)O,large_neutral_organic,12.848,6.4283506244513715,0.5842038044081335,low_confidence,0,1,runs/pqr_full_domain_moe_qm9_cycle/recompute_inputs/xyz/pqr_0701.xyz,runs/pqr_full_domain_moe_qm9_cycle/recompute_inputs/gaussian_gjf/pqr_0701.gjf,runs/pqr_full_domain_moe_qm9_cycle/recompute_inputs/orca_inp/pqr_0701.inp
pqr_0702,CC(=O)O[C@]1(C)CC[C@H]2[C@H]3[C@@H]1[C@@H]1C/C(C)=C\CC[C@](C)(OC(=O)[C@@H]2C)[C@H]3O1,large_neutral_organic,10.159,6.6282070215306845,1.7124822221512233,low_confidence,0,1,runs/pqr_full_domain_moe_qm9_cycle/recompute_inputs/xyz/pqr_0702.xyz,runs/pqr_full_domain_moe_qm9_cycle/recompute_inputs/gaussian_gjf/pqr_0702.gjf,runs/pqr_full_domain_moe_qm9_cycle/recompute_inputs/orca_inp/pqr_0702.inp
pqr_0703,C=C1CC[C@@H]2[C@](C)(CO)[C@H](O)CC[C@@]2(C)[C@@H]1/C=C/C1=CCOC1=O,large_neutral_organic,8.798,6.436656189731638,2.8111980534833396,low_confidence,0,1,runs/pqr_full_domain_moe_qm9_cycle/recompute_inputs/xyz/pqr_0703.xyz,runs/pqr_full_domain_moe_qm9_cycle/recompute_inputs/gaussian_gjf/pqr_0703.gjf,runs/pqr_full_domain_moe_qm9_cycle/recompute_inputs/orca_inp/pqr_0703.inp
pqr_0704,OCC(F)(F)C(F)(F)C(F)(F)C(F)(F)C(F)(F)C(F)(F)C(F)(F)C(F)(F)CO,large_neutral_organic,11.344,9.219687543323763,2.0301232797280697,low_confidence,0,1,runs/pqr_full_domain_moe_qm9_cycle/recompute_inputs/xyz/pqr_0704.xyz,runs/pqr_full_domain_moe_qm9_cycle/recompute_inputs/gaussian_gjf/pqr_0704.gjf,runs/pqr_full_domain_moe_qm9_cycle/recompute_inputs/orca_inp/pqr_0704.inp
pqr_0705,CCCCC[C@@H]1O[C@@H]1C/C=C\CCCCCCCC(=O)O,large_neutral_organic,10.694,6.520280566881727,1.2417856330054633,low_confidence,0,1,runs/pqr_full_domain_moe_qm9_cycle/recompute_inputs/xyz/pqr_0705.xyz,runs/pqr_full_domain_moe_qm9_cycle/recompute_inputs/gaussian_gjf/pqr_0705.gjf,runs/pqr_full_domain_moe_qm9_cycle/recompute_inputs/orca_inp/pqr_0705.inp
pqr_0706,CC(C)C[C@H](CC(=O)NO)C(=O)N1CCC[C@H]1C(=O)N[C@H](C(=O)O)C(C)C,large_neutral_organic,10.029,6.6669824116233976,2.1987391861691954,low_confidence,0,1,runs/pqr_full_domain_moe_qm9_cycle/recompute_inputs/xyz/pqr_0706.xyz,runs/pqr_full_domain_moe_qm9_cycle/recompute_inputs/gaussian_gjf/pqr_0706.gjf,runs/pqr_full_domain_moe_qm9_cycle/recompute_inputs/orca_inp/pqr_0706.inp
pqr_0707,C[C@@H]1C[C@H](C[C@H]2C[C@H]2O)[C@H]2C(=O)[C@@H]3[C@@H]4[C@@H](O)[C@H](O)[C@H]5C[C@H](O)[C@@H](O)C[C@]5(C)[C@H]4CC[C@]3(C)[C@H]21,large_neutral_organic,10.663,7.083155440733616,1.869885039197733,low_confidence,0,1,runs/pqr_full_domain_moe_qm9_cycle/recompute_inputs/xyz/pqr_0707.xyz,runs/pqr_full_domain_moe_qm9_cycle/recompute_inputs/gaussian_gjf/pqr_0707.gjf,runs/pqr_full_domain_moe_qm9_cycle/recompute_inputs/orca_inp/pqr_0707.inp
pqr_0708,CC/C=C/C[C@H](O)/C=C/[C@@H]1[C@@H](C/C=C/CCCC(=O)O)[C@@H](O)C[C@H]1O,large_neutral_organic,10.145,6.45051788155261,1.8860270767382816,low_confidence,0,1,runs/pqr_full_domain_moe_qm9_cycle/recompute_inputs/xyz/pqr_0708.xyz,runs/pqr_full_domain_moe_qm9_cycle/recompute_inputs/gaussian_gjf/pqr_0708.gjf,runs/pqr_full_domain_moe_qm9_cycle/recompute_inputs/orca_inp/pqr_0708.inp
pqr_0709,O=C1NC(=O)[C@H]2NC(=O)N([C@@H]3O[C@H](CO)[C@@H](O)[C@H]3O)[C@@H]2N1,large_neutral_organic,11.271,6.734030032979868,0.5646485883665342,low_confidence,0,1,runs/pqr_full_domain_moe_qm9_cycle/recompute_inputs/xyz/pqr_0709.xyz,runs/pqr_full_domain_moe_qm9_cycle/recompute_inputs/gaussian_gjf/pqr_0709.gjf,runs/pqr_full_domain_moe_qm9_cycle/recompute_inputs/orca_inp/pqr_0709.inp
pqr_0710,C=C(CO)C(=O)O[C@H]1C/C(C)=C\CC/C(CO)=C\[C@H]2OC(=O)C(=C)[C@H]12,large_neutral_organic,8.937,6.409555159021306,2.6537165136066516,low_confidence,0,1,runs/pqr_full_domain_moe_qm9_cycle/recompute_inputs/xyz/pqr_0710.xyz,runs/pqr_full_domain_moe_qm9_cycle/recompute_inputs/gaussian_gjf/pqr_0710.gjf,runs/pqr_full_domain_moe_qm9_cycle/recompute_inputs/orca_inp/pqr_0710.inp
pqr_0711,CCCCCCCCCCCCCC/C(C(=O)O)=C(/C)C(=O)O,large_neutral_organic,12.91,6.504060278243191,0.5468364783502473,low_confidence,0,1,runs/pqr_full_domain_moe_qm9_cycle/recompute_inputs/xyz/pqr_0711.xyz,runs/pqr_full_domain_moe_qm9_cycle/recompute_inputs/gaussian_gjf/pqr_0711.gjf,runs/pqr_full_domain_moe_qm9_cycle/recompute_inputs/orca_inp/pqr_0711.inp
pqr_0712,NCCCNCCCN1CCCC/C=C\CCCCCCCC1,large_neutral_organic,10.1,7.071959077017832,2.317633266156923,low_confidence,0,1,runs/pqr_full_domain_moe_qm9_cycle/recompute_inputs/xyz/pqr_0712.xyz,runs/pqr_full_domain_moe_qm9_cycle/recompute_inputs/gaussian_gjf/pqr_0712.gjf,runs/pqr_full_domain_moe_qm9_cycle/recompute_inputs/orca_inp/pqr_0712.inp
pqr_0713,CCCCCCCCCCCCCC/C(C(=O)O)=C(\C)C(=O)O,large_neutral_organic,9.971,6.486501666903301,2.3557523258609923,low_confidence,0,1,runs/pqr_full_domain_moe_qm9_cycle/recompute_inputs/xyz/pqr_0713.xyz,runs/pqr_full_domain_moe_qm9_cycle/recompute_inputs/gaussian_gjf/pqr_0713.gjf,runs/pqr_full_domain_moe_qm9_cycle/recompute_inputs/orca_inp/pqr_0713.inp
pqr_0714,OC[C@H]1O[C@H](OC[C@H]2O[C@H](O)[C@H](O)[C@@H](O)[C@@H]2O)[C@H](O)[C@@H](O)[C@@H]1O,large_neutral_organic,11.245,8.664632060262125,1.272198621652846,low_confidence,0,1,runs/pqr_full_domain_moe_qm9_cycle/recompute_inputs/xyz/pqr_0714.xyz,runs/pqr_full_domain_moe_qm9_cycle/recompute_inputs/gaussian_gjf/pqr_0714.gjf,runs/pqr_full_domain_moe_qm9_cycle/recompute_inputs/orca_inp/pqr_0714.inp
pqr_0715,C[C@H](NC(=O)CNC(=O)[C@H](C)NC(=O)[C@@H](N)CC(N)=O)C(N)=O,large_neutral_organic,10.446,6.705807762448641,1.587653729493189,low_confidence,0,1,runs/pqr_full_domain_moe_qm9_cycle/recompute_inputs/xyz/pqr_0715.xyz,runs/pqr_full_domain_moe_qm9_cycle/recompute_inputs/gaussian_gjf/pqr_0715.gjf,runs/pqr_full_domain_moe_qm9_cycle/recompute_inputs/orca_inp/pqr_0715.inp
pqr_0716,O=C(ON1C(=O)CCC1=O)[C@H](O)[C@@H](O)C(=O)ON1C(=O)CCC1=O,large_neutral_organic,9.735,6.705564299946243,2.298127234674899,low_confidence,0,1,runs/pqr_full_domain_moe_qm9_cycle/recompute_inputs/xyz/pqr_0716.xyz,runs/pqr_full_domain_moe_qm9_cycle/recompute_inputs/gaussian_gjf/pqr_0716.gjf,runs/pqr_full_domain_moe_qm9_cycle/recompute_inputs/orca_inp/pqr_0716.inp
pqr_0717,O=C1NCN[C@@H]2[C@H](CCNCC3CCCCC3)[C@H]3N[C@H](NCCN4CCOCC4)N[C@H]3C[C@H]12,large_neutral_organic,7.497,7.353298114294333,4.63328983546138,low_confidence,0,1,runs/pqr_full_domain_moe_qm9_cycle/recompute_inputs/xyz/pqr_0717.xyz,runs/pqr_full_domain_moe_qm9_cycle/recompute_inputs/gaussian_gjf/pqr_0717.gjf,runs/pqr_full_domain_moe_qm9_cycle/recompute_inputs/orca_inp/pqr_0717.inp
pqr_0718,C[C@H](CCC[C@@H](C)[C@H]1CC[C@H]2[C@@H]3[C@H](O)C[C@@H]4C[C@H](O)CC[C@]4(C)[C@H]3C[C@H](O)[C@]12C)C(=O)O,large_neutral_organic,11.065,7.706422687465977,1.6817437763001664,low_confidence,0,1,runs/pqr_full_domain_moe_qm9_cycle/recompute_inputs/xyz/pqr_0718.xyz,runs/pqr_full_domain_moe_qm9_cycle/recompute_inputs/gaussian_gjf/pqr_0718.gjf,runs/pqr_full_domain_moe_qm9_cycle/recompute_inputs/orca_inp/pqr_0718.inp
pqr_0719,CC[C@@H]1OC(=O)CCCC/C=C\C/C=C\[C@H]2[C@H]1C[C@@H]1O[C@H]21,large_neutral_organic,10.537,6.41205919612566,1.0357941643822155,low_confidence,0,1,runs/pqr_full_domain_moe_qm9_cycle/recompute_inputs/xyz/pqr_0719.xyz,runs/pqr_full_domain_moe_qm9_cycle/recompute_inputs/gaussian_gjf/pqr_0719.gjf,runs/pqr_full_domain_moe_qm9_cycle/recompute_inputs/orca_inp/pqr_0719.inp
pqr_0720,CC(=O)O[C@H]1CC[C@H]2[C@@H]3CC[C@@H](C)C(C)(C)[C@H]3CC[C@]12C,large_neutral_organic,11.334,7.830045568663946,1.0874815835716252,low_confidence,0,1,runs/pqr_full_domain_moe_qm9_cycle/recompute_inputs/xyz/pqr_0720.xyz,runs/pqr_full_domain_moe_qm9_cycle/recompute_inputs/gaussian_gjf/pqr_0720.gjf,runs/pqr_full_domain_moe_qm9_cycle/recompute_inputs/orca_inp/pqr_0720.inp
pqr_0721,C/C(C[C@@H](C)[C@H](C)C(C)(C)O)=C1/CC[C@H]2[C@@H]3CC=C4C[C@@H](O)CC[C@]4(C)[C@H]3CC[C@]12C,large_neutral_organic,10.141,6.518837201613115,2.169444296778499,low_confidence,0,1,runs/pqr_full_domain_moe_qm9_cycle/recompute_inputs/xyz/pqr_0721.xyz,runs/pqr_full_domain_moe_qm9_cycle/recompute_inputs/gaussian_gjf/pqr_0721.gjf,runs/pqr_full_domain_moe_qm9_cycle/recompute_inputs/orca_inp/pqr_0721.inp
pqr_0722,CC(C)CCC[C@@H](C)[C@H]1CC[C@H]2C3=C(CC[C@]12C)[C@@]1(C)CC[C@H](O)C(C)(C)[C@H]1CC3,large_neutral_organic,10.143,6.97244244287768,2.737085134264838,low_confidence,0,1,runs/pqr_full_domain_moe_qm9_cycle/recompute_inputs/xyz/pqr_0722.xyz,runs/pqr_full_domain_moe_qm9_cycle/recompute_inputs/gaussian_gjf/pqr_0722.gjf,runs/pqr_full_domain_moe_qm9_cycle/recompute_inputs/orca_inp/pqr_0722.inp
pqr_0723,C[C@@H](Cc1ccc(C(C)(C)C)cc1)CN1C[C@@H](C)O[C@H](C)C1,large_neutral_organic,9.14,6.406952201439642,1.6850879062737685,low_confidence,0,1,runs/pqr_full_domain_moe_qm9_cycle/recompute_inputs/xyz/pqr_0723.xyz,runs/pqr_full_domain_moe_qm9_cycle/recompute_inputs/gaussian_gjf/pqr_0723.gjf,runs/pqr_full_domain_moe_qm9_cycle/recompute_inputs/orca_inp/pqr_0723.inp
pqr_0724,C=C(C)[C@H]1[C@H]2OC(=O)[C@@H]1[C@]1(O)C[C@H]3O[C@]34C(=O)O[C@H]2[C@]14C,large_neutral_organic,10.752,6.499880699934504,0.7186606004141485,low_confidence,0,1,runs/pqr_full_domain_moe_qm9_cycle/recompute_inputs/xyz/pqr_0724.xyz,runs/pqr_full_domain_moe_qm9_cycle/recompute_inputs/gaussian_gjf/pqr_0724.gjf,runs/pqr_full_domain_moe_qm9_cycle/recompute_inputs/orca_inp/pqr_0724.inp
pqr_0725,CO[C@@H](C(=O)N[C@H]1CCCCNC1=O)[C@H](O)[C@@H](O)[C@H](O)/C=C/C(C)C,large_neutral_organic,10.445,6.403200631498758,1.0997271069267534,low_confidence,0,1,runs/pqr_full_domain_moe_qm9_cycle/recompute_inputs/xyz/pqr_0725.xyz,runs/pqr_full_domain_moe_qm9_cycle/recompute_inputs/gaussian_gjf/pqr_0725.gjf,runs/pqr_full_domain_moe_qm9_cycle/recompute_inputs/orca_inp/pqr_0725.inp
pqr_0726,C=C1CC[C@@H](O)C/C1=C/C=C1\CCC[C@]2(C)[C@@H]([C@H](C)CCC[C@@H](C)CO)CC[C@@H]12,large_neutral_organic,8.709999999999999,6.405186134238732,3.433964630607713,low_confidence,0,1,runs/pqr_full_domain_moe_qm9_cycle/recompute_inputs/xyz/pqr_0726.xyz,runs/pqr_full_domain_moe_qm9_cycle/recompute_inputs/gaussian_gjf/pqr_0726.gjf,runs/pqr_full_domain_moe_qm9_cycle/recompute_inputs/orca_inp/pqr_0726.inp
pqr_0727,C/C=C(/CC[C@@H](C)[C@H]1CC[C@H]2[C@@H]3CC=C4C[C@@H](O)CC[C@]4(C)[C@H]3CC[C@]12C)C(C)C,large_neutral_organic,10.5,6.525082679978988,2.081276827357174,low_confidence,0,1,runs/pqr_full_domain_moe_qm9_cycle/recompute_inputs/xyz/pqr_0727.xyz,runs/pqr_full_domain_moe_qm9_cycle/recompute_inputs/gaussian_gjf/pqr_0727.gjf,runs/pqr_full_domain_moe_qm9_cycle/recompute_inputs/orca_inp/pqr_0727.inp
pqr_0728,C=C1[C@H](O)CC(=C/C=C2\CCC[C@]3(C)[C@@H]([C@@H](C)/C=C/C[C@@H](O)C[C@]45C[C@H]6C[C@H](C[C@H](C6)C4)C5)CC[C@@H]23)C[C@H]1O,large_neutral_organic,11.799,6.448191949201197,0.2410816839732863,low_confidence,0,1,runs/pqr_full_domain_moe_qm9_cycle/recompute_inputs/xyz/pqr_0728.xyz,runs/pqr_full_domain_moe_qm9_cycle/recompute_inputs/gaussian_gjf/pqr_0728.gjf,runs/pqr_full_domain_moe_qm9_cycle/recompute_inputs/orca_inp/pqr_0728.inp
pqr_0729,COC(=O)[C@@H]1C[C@@]23C4=C(CC[C@@H]5CN6C[C@@H](C)[C@@H](C=C[C@@]52CO)[C@]63O)CC[C@@H]41,large_neutral_organic,9.833,6.522146310950225,1.7766278088524672,low_confidence,0,1,runs/pqr_full_domain_moe_qm9_cycle/recompute_inputs/xyz/pqr_0729.xyz,runs/pqr_full_domain_moe_qm9_cycle/recompute_inputs/gaussian_gjf/pqr_0729.gjf,runs/pqr_full_domain_moe_qm9_cycle/recompute_inputs/orca_inp/pqr_0729.inp
pqr_0730,COC[C@H]1CN(c2ccc(OCC[C@@H](O)C(F)(F)F)cc2)C(=O)O1,large_neutral_organic,8.465,6.460708935512983,2.459735258517588,low_confidence,0,1,runs/pqr_full_domain_moe_qm9_cycle/recompute_inputs/xyz/pqr_0730.xyz,runs/pqr_full_domain_moe_qm9_cycle/recompute_inputs/gaussian_gjf/pqr_0730.gjf,runs/pqr_full_domain_moe_qm9_cycle/recompute_inputs/orca_inp/pqr_0730.inp
pqr_0731,CO[C@@H](C(=O)NCC(N)=O)[C@H](O)[C@@H](O)[C@H](O)/C=C/C(C)(C)C,large_neutral_organic,10.064,6.435687181918922,1.5745003771397368,low_confidence,0,1,runs/pqr_full_domain_moe_qm9_cycle/recompute_inputs/xyz/pqr_0731.xyz,runs/pqr_full_domain_moe_qm9_cycle/recompute_inputs/gaussian_gjf/pqr_0731.gjf,runs/pqr_full_domain_moe_qm9_cycle/recompute_inputs/orca_inp/pqr_0731.inp
pqr_0732,CC(C)(CO[C@@H]1O[C@H](CO)[C@@H](O)[C@H](O)[C@H]1O)[C@@H](O)C(=O)NCCCC(=O)O,large_neutral_organic,10.638,6.9045119100510615,1.3397665333774604,low_confidence,0,1,runs/pqr_full_domain_moe_qm9_cycle/recompute_inputs/xyz/pqr_0732.xyz,runs/pqr_full_domain_moe_qm9_cycle/recompute_inputs/gaussian_gjf/pqr_0732.gjf,runs/pqr_full_domain_moe_qm9_cycle/recompute_inputs/orca_inp/pqr_0732.inp
pqr_0733,C[C@H](CCC(=O)O)[C@H]1CC[C@H]2[C@@H]3[C@H](O)C[C@@H]4C[C@H](O)CC[C@]4(C)[C@H]3C[C@H](O)[C@]12C,large_neutral_organic,10.944,7.704693696131388,1.747386959081025,low_confidence,0,1,runs/pqr_full_domain_moe_qm9_cycle/recompute_inputs/xyz/pqr_0733.xyz,runs/pqr_full_domain_moe_qm9_cycle/recompute_inputs/gaussian_gjf/pqr_0733.gjf,runs/pqr_full_domain_moe_qm9_cycle/recompute_inputs/orca_inp/pqr_0733.inp
pqr_0734,OCC1=C[C@H](N[C@@H]2C[C@@H](CO)[C@H](O[C@@H]3O[C@H](CO)[C@@H](O)[C@H](O)[C@H]3O)[C@@H](O)[C@@H]2O)[C@@H](O)[C@H](O)[C@H]1O,large_neutral_organic,9.744,6.830402217859919,2.1227178617387317,low_confidence,0,1,runs/pqr_full_domain_moe_qm9_cycle/recompute_inputs/xyz/pqr_0734.xyz,runs/pqr_full_domain_moe_qm9_cycle/recompute_inputs/gaussian_gjf/pqr_0734.gjf,runs/pqr_full_domain_moe_qm9_cycle/recompute_inputs/orca_inp/pqr_0734.inp
pqr_0735,C[C@H]1CC[C@@H]2N(C1)C[C@H]1[C@@H]3C[C@H]4[C@@H](CC(=O)[C@H]5C[C@@H](O)CC[C@@]54C)[C@@H]3CC[C@@H]1[C@]2(C)O,large_neutral_organic,9.866,6.959581095505463,2.687941182009908,low_confidence,0,1,runs/pqr_full_domain_moe_qm9_cycle/recompute_inputs/xyz/pqr_0735.xyz,runs/pqr_full_domain_moe_qm9_cycle/recompute_inputs/gaussian_gjf/pqr_0735.gjf,runs/pqr_full_domain_moe_qm9_cycle/recompute_inputs/orca_inp/pqr_0735.inp
pqr_0736,CCCCC/C=C/C[C@@H]1O[C@H]1/C=C/[C@H](O)C/C=C/CCCC(=O)O,large_neutral_organic,9.988,6.483396814151438,1.6854391092949257,low_confidence,0,1,runs/pqr_full_domain_moe_qm9_cycle/recompute_inputs/xyz/pqr_0736.xyz,runs/pqr_full_domain_moe_qm9_cycle/recompute_inputs/gaussian_gjf/pqr_0736.gjf,runs/pqr_full_domain_moe_qm9_cycle/recompute_inputs/orca_inp/pqr_0736.inp
pqr_0737,CCCCCCCN[C@H]1CCC[C@@H]1CCCCCCC(=O)O,large_neutral_organic,12.846,7.771227736607261,0.058216707673754,low_confidence,0,1,runs/pqr_full_domain_moe_qm9_cycle/recompute_inputs/xyz/pqr_0737.xyz,runs/pqr_full_domain_moe_qm9_cycle/recompute_inputs/gaussian_gjf/pqr_0737.gjf,runs/pqr_full_domain_moe_qm9_cycle/recompute_inputs/orca_inp/pqr_0737.inp
pqr_0738,C[C@H]1O[C@@H](O[C@H]2CC[C@@]3(C)[C@H](CC[C@@H]4[C@@H]3C[C@@H](O)[C@]3(C)[C@@H](C5=CC(=O)OC5)CC[C@]43O)C2)C[C@H](O)[C@@H]1O,large_neutral_organic,12.731,6.644800575740125,0.7817932801647469,low_confidence,0,1,runs/pqr_full_domain_moe_qm9_cycle/recompute_inputs/xyz/pqr_0738.xyz,runs/pqr_full_domain_moe_qm9_cycle/recompute_inputs/gaussian_gjf/pqr_0738.gjf,runs/pqr_full_domain_moe_qm9_cycle/recompute_inputs/orca_inp/pqr_0738.inp
pqr_0739,C[C@H]1C=C2C=C[C@H](C)[C@H](CC[C@H]3C[C@@H](O)CC(=O)O3)[C@H]2CC1,large_neutral_organic,9.174,6.474308352706958,2.4732498626730663,low_confidence,0,1,runs/pqr_full_domain_moe_qm9_cycle/recompute_inputs/xyz/pqr_0739.xyz,runs/pqr_full_domain_moe_qm9_cycle/recompute_inputs/gaussian_gjf/pqr_0739.gjf,runs/pqr_full_domain_moe_qm9_cycle/recompute_inputs/orca_inp/pqr_0739.inp
pqr_0740,C/C(=C\CC/C(C)=C/CC/C(C)=C/CC/C(C)=C/CO)CO,large_neutral_organic,10.126,6.418100511609242,1.895630094055759,low_confidence,0,1,runs/pqr_full_domain_moe_qm9_cycle/recompute_inputs/xyz/pqr_0740.xyz,runs/pqr_full_domain_moe_qm9_cycle/recompute_inputs/gaussian_gjf/pqr_0740.gjf,runs/pqr_full_domain_moe_qm9_cycle/recompute_inputs/orca_inp/pqr_0740.inp
pqr_0741,C[C@H](CCC(=O)O)[C@H]1CC[C@H]2[C@@H]3CC[C@H]4CCCC[C@]4(C)[C@H]3CC[C@]12C,large_neutral_organic,10.973,7.883321014297785,1.93987862255789,low_confidence,0,1,runs/pqr_full_domain_moe_qm9_cycle/recompute_inputs/xyz/pqr_0741.xyz,runs/pqr_full_domain_moe_qm9_cycle/recompute_inputs/gaussian_gjf/pqr_0741.gjf,runs/pqr_full_domain_moe_qm9_cycle/recompute_inputs/orca_inp/pqr_0741.inp
pqr_0742,C=C(C)[C@@H]1CN[C@H](C(=O)O)[C@H]1CC(=O)N[C@@H](CCC(=O)O)C(=O)O,large_neutral_organic,12.82,6.564745286486665,1.0786648117135726,low_confidence,0,1,runs/pqr_full_domain_moe_qm9_cycle/recompute_inputs/xyz/pqr_0742.xyz,runs/pqr_full_domain_moe_qm9_cycle/recompute_inputs/gaussian_gjf/pqr_0742.gjf,runs/pqr_full_domain_moe_qm9_cycle/recompute_inputs/orca_inp/pqr_0742.inp
pqr_0743,C=C[C@@]1(C)CCc2c3c(c(O)c(O[C@H]4O[C@H](CO)[C@@H](O)[C@H](O)[C@H]4O)c2[C@H]1O)C(C)(C)CCC3,large_neutral_organic,8.679,6.401752459140585,2.3643218696947272,low_confidence,0,1,runs/pqr_full_domain_moe_qm9_cycle/recompute_inputs/xyz/pqr_0743.xyz,runs/pqr_full_domain_moe_qm9_cycle/recompute_inputs/gaussian_gjf/pqr_0743.gjf,runs/pqr_full_domain_moe_qm9_cycle/recompute_inputs/orca_inp/pqr_0743.inp
pqr_0744,CCCCCCCC/C=C\CCCCCCCCCCCCCC(=O)N[C@@H](CO[C@H]1O[C@H](CO)[C@H](O)[C@H](O)[C@H]1O)[C@H](O)[C@H](O)CCCCCCCCCCCCCC,large_neutral_organic,10.808,6.589379350869647,1.120201531225515,low_confidence,0,1,runs/pqr_full_domain_moe_qm9_cycle/recompute_inputs/xyz/pqr_0744.xyz,runs/pqr_full_domain_moe_qm9_cycle/recompute_inputs/gaussian_gjf/pqr_0744.gjf,runs/pqr_full_domain_moe_qm9_cycle/recompute_inputs/orca_inp/pqr_0744.inp
pqr_0745,CCCCC/C=C\C=C\[C@@H](O)CCCCCCCC(=O)O,large_neutral_organic,9.248,6.4174571015675435,2.700831625700721,low_confidence,0,1,runs/pqr_full_domain_moe_qm9_cycle/recompute_inputs/xyz/pqr_0745.xyz,runs/pqr_full_domain_moe_qm9_cycle/recompute_inputs/gaussian_gjf/pqr_0745.gjf,runs/pqr_full_domain_moe_qm9_cycle/recompute_inputs/orca_inp/pqr_0745.inp
pqr_0746,C[C@]12CC[C@H]3[C@@H](CC[C@@]45O[C@@H]4C(O)=C(C(N)=O)C[C@]35C)[C@@H]1CC[C@H]2O,large_neutral_organic,9.417,6.516215892866195,2.511362860574385,low_confidence,0,1,runs/pqr_full_domain_moe_qm9_cycle/recompute_inputs/xyz/pqr_0746.xyz,runs/pqr_full_domain_moe_qm9_cycle/recompute_inputs/gaussian_gjf/pqr_0746.gjf,runs/pqr_full_domain_moe_qm9_cycle/recompute_inputs/orca_inp/pqr_0746.inp
pqr_0747,COC[C@@H]1OC[C@H](OCC(=O)OC)[C@@H](OCC(=O)OC)[C@@H]1OC(C)=O,large_neutral_organic,13.655,7.086050035168514,1.6465844541851666,low_confidence,0,1,runs/pqr_full_domain_moe_qm9_cycle/recompute_inputs/xyz/pqr_0747.xyz,runs/pqr_full_domain_moe_qm9_cycle/recompute_inputs/gaussian_gjf/pqr_0747.gjf,runs/pqr_full_domain_moe_qm9_cycle/recompute_inputs/orca_inp/pqr_0747.inp
pqr_0748,CC(C)[C@@H]1[C@H]2OC(=O)[C@@H]1[C@]1(O)C[C@H]3O[C@]34C(=O)O[C@H]2[C@]14C,large_neutral_organic,10.883,6.88471010010559,1.0115575700244186,low_confidence,0,1,runs/pqr_full_domain_moe_qm9_cycle/recompute_inputs/xyz/pqr_0748.xyz,runs/pqr_full_domain_moe_qm9_cycle/recompute_inputs/gaussian_gjf/pqr_0748.gjf,runs/pqr_full_domain_moe_qm9_cycle/recompute_inputs/orca_inp/pqr_0748.inp
pqr_0749,O=C(CCCCC(=O)OC1CCCCC1)OC1CCCCC1,large_neutral_organic,11.602,6.99119447518196,0.4263987992274991,low_confidence,0,1,runs/pqr_full_domain_moe_qm9_cycle/recompute_inputs/xyz/pqr_0749.xyz,runs/pqr_full_domain_moe_qm9_cycle/recompute_inputs/gaussian_gjf/pqr_0749.gjf,runs/pqr_full_domain_moe_qm9_cycle/recompute_inputs/orca_inp/pqr_0749.inp
pqr_0750,C#Cc1ccccc1C=O,near_qm9_larger_organic,8.864,5.128227692362362,2.341757031146516,low_confidence,0,1,runs/pqr_full_domain_moe_qm9_cycle/recompute_inputs/xyz/pqr_0750.xyz,runs/pqr_full_domain_moe_qm9_cycle/recompute_inputs/gaussian_gjf/pqr_0750.gjf,runs/pqr_full_domain_moe_qm9_cycle/recompute_inputs/orca_inp/pqr_0750.inp
pqr_0751,CN(C)C(=O)C(=O)c1c[nH]c2ccccc12,near_qm9_larger_organic,8.33,5.397104354108633,2.447817359567603,low_confidence,0,1,runs/pqr_full_domain_moe_qm9_cycle/recompute_inputs/xyz/pqr_0751.xyz,runs/pqr_full_domain_moe_qm9_cycle/recompute_inputs/gaussian_gjf/pqr_0751.gjf,runs/pqr_full_domain_moe_qm9_cycle/recompute_inputs/orca_inp/pqr_0751.inp
pqr_0752,COc1ccc2[nH]ccc2c1,near_qm9_larger_organic,7.800000000000001,5.566226432441377,1.986187211248211,low_confidence,0,1,runs/pqr_full_domain_moe_qm9_cycle/recompute_inputs/xyz/pqr_0752.xyz,runs/pqr_full_domain_moe_qm9_cycle/recompute_inputs/gaussian_gjf/pqr_0752.gjf,runs/pqr_full_domain_moe_qm9_cycle/recompute_inputs/orca_inp/pqr_0752.inp
pqr_0753,Nc1ccc2cccc(O)c2n1,near_qm9_larger_organic,10.764,5.477894021145836,0.7129820818225205,low_confidence,0,1,runs/pqr_full_domain_moe_qm9_cycle/recompute_inputs/xyz/pqr_0753.xyz,runs/pqr_full_domain_moe_qm9_cycle/recompute_inputs/gaussian_gjf/pqr_0753.gjf,runs/pqr_full_domain_moe_qm9_cycle/recompute_inputs/orca_inp/pqr_0753.inp
pqr_0754,O=C(O)[C@@H](O)c1ccc(O)c(O)c1,near_qm9_larger_organic,8.437999999999999,5.632014450005742,2.9481446241949403,low_confidence,0,1,runs/pqr_full_domain_moe_qm9_cycle/recompute_inputs/xyz/pqr_0754.xyz,runs/pqr_full_domain_moe_qm9_cycle/recompute_inputs/gaussian_gjf/pqr_0754.gjf,runs/pqr_full_domain_moe_qm9_cycle/recompute_inputs/orca_inp/pqr_0754.inp
pqr_0755,CCOC(=O)c1ccc(O)cc1,near_qm9_larger_organic,9.104,5.735384167723076,1.5902857092799412,low_confidence,0,1,runs/pqr_full_domain_moe_qm9_cycle/recompute_inputs/xyz/pqr_0755.xyz,runs/pqr_full_domain_moe_qm9_cycle/recompute_inputs/gaussian_gjf/pqr_0755.gjf,runs/pqr_full_domain_moe_qm9_cycle/recompute_inputs/orca_inp/pqr_0755.inp
pqr_0756,Cc1c(N)[nH]c(=O)[nH]c1=O,near_qm9_larger_organic,8.998,5.636669439386085,2.3307820688445755,low_confidence,0,1,runs/pqr_full_domain_moe_qm9_cycle/recompute_inputs/xyz/pqr_0756.xyz,runs/pqr_full_domain_moe_qm9_cycle/recompute_inputs/gaussian_gjf/pqr_0756.gjf,runs/pqr_full_domain_moe_qm9_cycle/recompute_inputs/orca_inp/pqr_0756.inp
pqr_0757,CCc1nc(N)nc(N)c1-c1ccccc1,near_qm9_larger_organic,11.839,5.674219259710007,1.0895617552840946,low_confidence,0,1,runs/pqr_full_domain_moe_qm9_cycle/recompute_inputs/xyz/pqr_0757.xyz,runs/pqr_full_domain_moe_qm9_cycle/recompute_inputs/gaussian_gjf/pqr_0757.gjf,runs/pqr_full_domain_moe_qm9_cycle/recompute_inputs/orca_inp/pqr_0757.inp
pqr_0758,COc1ccc(NC=O)c(C(=O)CCNC(C)=O)c1,near_qm9_larger_organic,7.759,5.705823280393088,3.2484922225697703,low_confidence,0,1,runs/pqr_full_domain_moe_qm9_cycle/recompute_inputs/xyz/pqr_0758.xyz,runs/pqr_full_domain_moe_qm9_cycle/recompute_inputs/gaussian_gjf/pqr_0758.gjf,runs/pqr_full_domain_moe_qm9_cycle/recompute_inputs/orca_inp/pqr_0758.inp
pqr_0759,C[C@H](C(=O)O)c1ccc(-c2ccccc2)cc1,near_qm9_larger_organic,12.021999999999998,5.482867104557773,1.0590088182420576,low_confidence,0,1,runs/pqr_full_domain_moe_qm9_cycle/recompute_inputs/xyz/pqr_0759.xyz,runs/pqr_full_domain_moe_qm9_cycle/recompute_inputs/gaussian_gjf/pqr_0759.gjf,runs/pqr_full_domain_moe_qm9_cycle/recompute_inputs/orca_inp/pqr_0759.inp
pqr_0760,C=Cc1c(C)c(O)cc2c1-c1ccc(O)c(C)c1CC2,near_qm9_larger_organic,8.102,5.578677177033258,2.952353307571709,low_confidence,0,1,runs/pqr_full_domain_moe_qm9_cycle/recompute_inputs/xyz/pqr_0760.xyz,runs/pqr_full_domain_moe_qm9_cycle/recompute_inputs/gaussian_gjf/pqr_0760.gjf,runs/pqr_full_domain_moe_qm9_cycle/recompute_inputs/orca_inp/pqr_0760.inp
pqr_0761,NC(=O)c1cccc2[nH]c(-c3ccc(O)cc3)nc12,near_qm9_larger_organic,8.301,5.441498772350706,2.380910310105648,low_confidence,0,1,runs/pqr_full_domain_moe_qm9_cycle/recompute_inputs/xyz/pqr_0761.xyz,runs/pqr_full_domain_moe_qm9_cycle/recompute_inputs/gaussian_gjf/pqr_0761.gjf,runs/pqr_full_domain_moe_qm9_cycle/recompute_inputs/orca_inp/pqr_0761.inp
pqr_0762,c1cncc(C2=NCCC2)c1,near_qm9_larger_organic,12.052,5.6116900824567155,1.8430523086304265,low_confidence,0,1,runs/pqr_full_domain_moe_qm9_cycle/recompute_inputs/xyz/pqr_0762.xyz,runs/pqr_full_domain_moe_qm9_cycle/recompute_inputs/gaussian_gjf/pqr_0762.gjf,runs/pqr_full_domain_moe_qm9_cycle/recompute_inputs/orca_inp/pqr_0762.inp
pqr_0763,Nc1nc[nH]c1-c1ncc[nH]1,near_qm9_larger_organic,7.897999999999999,5.491250932778678,2.649707946643571,low_confidence,0,1,runs/pqr_full_domain_moe_qm9_cycle/recompute_inputs/xyz/pqr_0763.xyz,runs/pqr_full_domain_moe_qm9_cycle/recompute_inputs/gaussian_gjf/pqr_0763.gjf,runs/pqr_full_domain_moe_qm9_cycle/recompute_inputs/orca_inp/pqr_0763.inp
pqr_0764,O=C(O)CCc1cccc(O)c1O,near_qm9_larger_organic,8.864,5.678121225023986,2.5323435152972618,low_confidence,0,1,runs/pqr_full_domain_moe_qm9_cycle/recompute_inputs/xyz/pqr_0764.xyz,runs/pqr_full_domain_moe_qm9_cycle/recompute_inputs/gaussian_gjf/pqr_0764.gjf,runs/pqr_full_domain_moe_qm9_cycle/recompute_inputs/orca_inp/pqr_0764.inp
pqr_0765,c1ccc(NNc2ncnc3[nH]ncc23)cc1,near_qm9_larger_organic,10.113,5.553131876115978,0.0518297520896187,low_confidence,0,1,runs/pqr_full_domain_moe_qm9_cycle/recompute_inputs/xyz/pqr_0765.xyz,runs/pqr_full_domain_moe_qm9_cycle/recompute_inputs/gaussian_gjf/pqr_0765.gjf,runs/pqr_full_domain_moe_qm9_cycle/recompute_inputs/orca_inp/pqr_0765.inp
pqr_0766,O=c1c2ccccc2[nH]n1Cc1cccnc1,near_qm9_larger_organic,11.322,5.440899560335349,0.486501060360009,low_confidence,0,1,runs/pqr_full_domain_moe_qm9_cycle/recompute_inputs/xyz/pqr_0766.xyz,runs/pqr_full_domain_moe_qm9_cycle/recompute_inputs/gaussian_gjf/pqr_0766.gjf,runs/pqr_full_domain_moe_qm9_cycle/recompute_inputs/orca_inp/pqr_0766.inp
pqr_0767,NC(N)=NCc1cccc(N)c1,near_qm9_larger_organic,8.783000000000001,5.5462126116559,1.5569808478470542,low_confidence,0,1,runs/pqr_full_domain_moe_qm9_cycle/recompute_inputs/xyz/pqr_0767.xyz,runs/pqr_full_domain_moe_qm9_cycle/recompute_inputs/gaussian_gjf/pqr_0767.gjf,runs/pqr_full_domain_moe_qm9_cycle/recompute_inputs/orca_inp/pqr_0767.inp
pqr_0768,O=C(O)c1ccc2cc[nH]c2c1,near_qm9_larger_organic,11.195,5.511223800093685,0.4430198095833706,low_confidence,0,1,runs/pqr_full_domain_moe_qm9_cycle/recompute_inputs/xyz/pqr_0768.xyz,runs/pqr_full_domain_moe_qm9_cycle/recompute_inputs/gaussian_gjf/pqr_0768.gjf,runs/pqr_full_domain_moe_qm9_cycle/recompute_inputs/orca_inp/pqr_0768.inp
pqr_0769,O[C@H]1c2ccccc2-c2cc3ccccc3cc2[C@@H]1O,near_qm9_larger_organic,7.989,5.601276496783086,2.681403083352447,low_confidence,0,1,runs/pqr_full_domain_moe_qm9_cycle/recompute_inputs/xyz/pqr_0769.xyz,runs/pqr_full_domain_moe_qm9_cycle/recompute_inputs/gaussian_gjf/pqr_0769.gjf,runs/pqr_full_domain_moe_qm9_cycle/recompute_inputs/orca_inp/pqr_0769.inp
pqr_0770,OCc1cccc(CO)n1,near_qm9_larger_organic,12.619,6.136787990198366,2.049610124266808,low_confidence,0,1,runs/pqr_full_domain_moe_qm9_cycle/recompute_inputs/xyz/pqr_0770.xyz,runs/pqr_full_domain_moe_qm9_cycle/recompute_inputs/gaussian_gjf/pqr_0770.gjf,runs/pqr_full_domain_moe_qm9_cycle/recompute_inputs/orca_inp/pqr_0770.inp
pqr_0771,C/C(=C\[C@H]1c2cccc3[nH]cc(c23)C[C@H]1N)CO,near_qm9_larger_organic,8.332,5.803133978684115,2.137208561448663,low_confidence,0,1,runs/pqr_full_domain_moe_qm9_cycle/recompute_inputs/xyz/pqr_0771.xyz,runs/pqr_full_domain_moe_qm9_cycle/recompute_inputs/gaussian_gjf/pqr_0771.gjf,runs/pqr_full_domain_moe_qm9_cycle/recompute_inputs/orca_inp/pqr_0771.inp
pqr_0772,C[C@H]1C[C@@H]2c3cccc4[nH]cc(c34)C[C@H]2N(C)C1,near_qm9_larger_organic,8.37,5.947618767172838,1.850824940128966,low_confidence,0,1,runs/pqr_full_domain_moe_qm9_cycle/recompute_inputs/xyz/pqr_0772.xyz,runs/pqr_full_domain_moe_qm9_cycle/recompute_inputs/gaussian_gjf/pqr_0772.gjf,runs/pqr_full_domain_moe_qm9_cycle/recompute_inputs/orca_inp/pqr_0772.inp
pqr_0773,N[C@@H](CC(=O)OCc1ccccc1)C(=O)O,near_qm9_larger_organic,9.72,6.06084009406225,1.035223943159652,low_confidence,0,1,runs/pqr_full_domain_moe_qm9_cycle/recompute_inputs/xyz/pqr_0773.xyz,runs/pqr_full_domain_moe_qm9_cycle/recompute_inputs/gaussian_gjf/pqr_0773.gjf,runs/pqr_full_domain_moe_qm9_cycle/recompute_inputs/orca_inp/pqr_0773.inp
pqr_0774,N#Cc1ccc([C@H]2CCc3cncn32)c(F)c1,near_qm9_larger_organic,7.978000000000001,5.872069599273992,2.5829989767092405,low_confidence,0,1,runs/pqr_full_domain_moe_qm9_cycle/recompute_inputs/xyz/pqr_0774.xyz,runs/pqr_full_domain_moe_qm9_cycle/recompute_inputs/gaussian_gjf/pqr_0774.gjf,runs/pqr_full_domain_moe_qm9_cycle/recompute_inputs/orca_inp/pqr_0774.inp
pqr_0775,NC(=O)c1cccc([C@@H]2O[C@H](CO)[C@@H](O)[C@H]2O)c1,near_qm9_larger_organic,12.507,6.159268945506808,1.574229041454652,low_confidence,0,1,runs/pqr_full_domain_moe_qm9_cycle/recompute_inputs/xyz/pqr_0775.xyz,runs/pqr_full_domain_moe_qm9_cycle/recompute_inputs/gaussian_gjf/pqr_0775.gjf,runs/pqr_full_domain_moe_qm9_cycle/recompute_inputs/orca_inp/pqr_0775.inp
pqr_0776,C=CCC1([C@@H]2C=CCC2)C(=O)NC(=O)NC1=O,near_qm9_larger_organic,9.366,6.0217695265210995,2.0434964475112967,low_confidence,0,1,runs/pqr_full_domain_moe_qm9_cycle/recompute_inputs/xyz/pqr_0776.xyz,runs/pqr_full_domain_moe_qm9_cycle/recompute_inputs/gaussian_gjf/pqr_0776.gjf,runs/pqr_full_domain_moe_qm9_cycle/recompute_inputs/orca_inp/pqr_0776.inp
pqr_0777,C=Cc1ccc(C(C)(C)C)nc1,near_qm9_larger_organic,12.026,5.779779686992339,1.277227172457211,low_confidence,0,1,runs/pqr_full_domain_moe_qm9_cycle/recompute_inputs/xyz/pqr_0777.xyz,runs/pqr_full_domain_moe_qm9_cycle/recompute_inputs/gaussian_gjf/pqr_0777.gjf,runs/pqr_full_domain_moe_qm9_cycle/recompute_inputs/orca_inp/pqr_0777.inp
pqr_0778,CCN(CC)C(=O)CCc1ccc(O)c(O)c1,near_qm9_larger_organic,8.479,6.030293993339008,2.811047568861472,low_confidence,0,1,runs/pqr_full_domain_moe_qm9_cycle/recompute_inputs/xyz/pqr_0778.xyz,runs/pqr_full_domain_moe_qm9_cycle/recompute_inputs/gaussian_gjf/pqr_0778.gjf,runs/pqr_full_domain_moe_qm9_cycle/recompute_inputs/orca_inp/pqr_0778.inp
pqr_0779,CCCCC/C(=C\c1ccccc1)CO,near_qm9_larger_organic,9.644,5.945489059734806,1.2539116455917476,low_confidence,0,1,runs/pqr_full_domain_moe_qm9_cycle/recompute_inputs/xyz/pqr_0779.xyz,runs/pqr_full_domain_moe_qm9_cycle/recompute_inputs/gaussian_gjf/pqr_0779.gjf,runs/pqr_full_domain_moe_qm9_cycle/recompute_inputs/orca_inp/pqr_0779.inp
pqr_0780,CCN(CC)c1ccc(N)c(C)c1,near_qm9_larger_organic,7.958,5.920276074604709,2.587141101413936,low_confidence,0,1,runs/pqr_full_domain_moe_qm9_cycle/recompute_inputs/xyz/pqr_0780.xyz,runs/pqr_full_domain_moe_qm9_cycle/recompute_inputs/gaussian_gjf/pqr_0780.gjf,runs/pqr_full_domain_moe_qm9_cycle/recompute_inputs/orca_inp/pqr_0780.inp
pqr_0781,CC1(C)[C@@H]2CC[C@@]1(C)C(=O)C2,near_qm9_larger_organic,10.736,6.1917079053090625,2.081021105643835,low_confidence,0,1,runs/pqr_full_domain_moe_qm9_cycle/recompute_inputs/xyz/pqr_0781.xyz,runs/pqr_full_domain_moe_qm9_cycle/recompute_inputs/gaussian_gjf/pqr_0781.gjf,runs/pqr_full_domain_moe_qm9_cycle/recompute_inputs/orca_inp/pqr_0781.inp
pqr_0782,NC(=O)NC(c1ccccc1)c1ccccc1,near_qm9_larger_organic,12.563,5.7996863887367285,1.7340559280473349,low_confidence,0,1,runs/pqr_full_domain_moe_qm9_cycle/recompute_inputs/xyz/pqr_0782.xyz,runs/pqr_full_domain_moe_qm9_cycle/recompute_inputs/gaussian_gjf/pqr_0782.gjf,runs/pqr_full_domain_moe_qm9_cycle/recompute_inputs/orca_inp/pqr_0782.inp
pqr_0783,O=C1NC(=O)C2=C1CC[C@@H]2O,near_qm9_larger_organic,9.185,5.826790029008699,2.301474276447941,low_confidence,0,1,runs/pqr_full_domain_moe_qm9_cycle/recompute_inputs/xyz/pqr_0783.xyz,runs/pqr_full_domain_moe_qm9_cycle/recompute_inputs/gaussian_gjf/pqr_0783.gjf,runs/pqr_full_domain_moe_qm9_cycle/recompute_inputs/orca_inp/pqr_0783.inp
pqr_0784,C=C1C(=O)O[C@@H]2[C@@H]3C(C)=CC(=O)C3=C(C)CC[C@H]12,near_qm9_larger_organic,9.388,5.761175885175014,2.2061707070623093,low_confidence,0,1,runs/pqr_full_domain_moe_qm9_cycle/recompute_inputs/xyz/pqr_0784.xyz,runs/pqr_full_domain_moe_qm9_cycle/recompute_inputs/gaussian_gjf/pqr_0784.gjf,runs/pqr_full_domain_moe_qm9_cycle/recompute_inputs/orca_inp/pqr_0784.inp
pqr_0785,C/C=C(/C=O)[C@@H]1NC(C(=O)O)=C2[C@@H](OC)CCC[C@@H]21,near_qm9_larger_organic,11.299,6.199785051409201,0.152929617895138,low_confidence,0,1,runs/pqr_full_domain_moe_qm9_cycle/recompute_inputs/xyz/pqr_0785.xyz,runs/pqr_full_domain_moe_qm9_cycle/recompute_inputs/gaussian_gjf/pqr_0785.gjf,runs/pqr_full_domain_moe_qm9_cycle/recompute_inputs/orca_inp/pqr_0785.inp
pqr_0786,C=C(CO)[C@]12O[C@H]1[C@@]1(C)C(=CC2=O)CC[C@@H](O)[C@H]1C,near_qm9_larger_organic,12.486,5.831638799962368,0.7974235239130891,low_confidence,0,1,runs/pqr_full_domain_moe_qm9_cycle/recompute_inputs/xyz/pqr_0786.xyz,runs/pqr_full_domain_moe_qm9_cycle/recompute_inputs/gaussian_gjf/pqr_0786.gjf,runs/pqr_full_domain_moe_qm9_cycle/recompute_inputs/orca_inp/pqr_0786.inp
pqr_0787,CCCC/C=C/CC/C=C/CCCCCC=O,near_qm9_larger_organic,10.14,5.890590964074847,1.5505840339224406,low_confidence,0,1,runs/pqr_full_domain_moe_qm9_cycle/recompute_inputs/xyz/pqr_0787.xyz,runs/pqr_full_domain_moe_qm9_cycle/recompute_inputs/gaussian_gjf/pqr_0787.gjf,runs/pqr_full_domain_moe_qm9_cycle/recompute_inputs/orca_inp/pqr_0787.inp
pqr_0788,O=C(O)CCC(=O)Nc1cccnc1,near_qm9_larger_organic,11.851,5.822224786503811,0.7486246736419613,low_confidence,0,1,runs/pqr_full_domain_moe_qm9_cycle/recompute_inputs/xyz/pqr_0788.xyz,runs/pqr_full_domain_moe_qm9_cycle/recompute_inputs/gaussian_gjf/pqr_0788.gjf,runs/pqr_full_domain_moe_qm9_cycle/recompute_inputs/orca_inp/pqr_0788.inp
pqr_0789,CC/C=C/CCOC(=O)/C=C/c1ccccc1,near_qm9_larger_organic,8.768,5.782840848991649,2.336103117472499,low_confidence,0,1,runs/pqr_full_domain_moe_qm9_cycle/recompute_inputs/xyz/pqr_0789.xyz,runs/pqr_full_domain_moe_qm9_cycle/recompute_inputs/gaussian_gjf/pqr_0789.gjf,runs/pqr_full_domain_moe_qm9_cycle/recompute_inputs/orca_inp/pqr_0789.inp
pqr_0790,CC[C@H](C)[C@H](NC(=O)[C@H](C)NC(=O)CN)C(=O)O,near_qm9_larger_organic,10.4,6.803144298492698,1.7779216563482994,low_confidence,0,1,runs/pqr_full_domain_moe_qm9_cycle/recompute_inputs/xyz/pqr_0790.xyz,runs/pqr_full_domain_moe_qm9_cycle/recompute_inputs/gaussian_gjf/pqr_0790.gjf,runs/pqr_full_domain_moe_qm9_cycle/recompute_inputs/orca_inp/pqr_0790.inp
pqr_0791,COC(=O)C1=CO[C@@H](O)[C@@H]2C(CO)=CC[C@H]12,near_qm9_larger_organic,9.675,6.428870578509784,1.822041350505442,low_confidence,0,1,runs/pqr_full_domain_moe_qm9_cycle/recompute_inputs/xyz/pqr_0791.xyz,runs/pqr_full_domain_moe_qm9_cycle/recompute_inputs/gaussian_gjf/pqr_0791.gjf,runs/pqr_full_domain_moe_qm9_cycle/recompute_inputs/orca_inp/pqr_0791.inp
pqr_0792,NC(N)=NCCC[C@H](NCCC(=O)O)C(=O)O,near_qm9_larger_organic,10.322,6.822774802253685,1.6630414933609927,low_confidence,0,1,runs/pqr_full_domain_moe_qm9_cycle/recompute_inputs/xyz/pqr_0792.xyz,runs/pqr_full_domain_moe_qm9_cycle/recompute_inputs/gaussian_gjf/pqr_0792.gjf,runs/pqr_full_domain_moe_qm9_cycle/recompute_inputs/orca_inp/pqr_0792.inp
pqr_0793,O[C@@H]1CCc2ccccc2C1,near_qm9_larger_organic,9.581,6.232657496236976,1.1736727131933744,low_confidence,0,1,runs/pqr_full_domain_moe_qm9_cycle/recompute_inputs/xyz/pqr_0793.xyz,runs/pqr_full_domain_moe_qm9_cycle/recompute_inputs/gaussian_gjf/pqr_0793.gjf,runs/pqr_full_domain_moe_qm9_cycle/recompute_inputs/orca_inp/pqr_0793.inp
pqr_0794,CC1(C)[C@H]2CC(=O)[C@]1(C)C[C@H]2O,near_qm9_larger_organic,10.405,6.2791710954559665,2.2606142470745656,low_confidence,0,1,runs/pqr_full_domain_moe_qm9_cycle/recompute_inputs/xyz/pqr_0794.xyz,runs/pqr_full_domain_moe_qm9_cycle/recompute_inputs/gaussian_gjf/pqr_0794.gjf,runs/pqr_full_domain_moe_qm9_cycle/recompute_inputs/orca_inp/pqr_0794.inp
pqr_0795,CC(C)[C@@H]1NC(=O)[C@H](C(C)C)NC1=O,near_qm9_larger_organic,10.611,6.616017990460364,1.5274999189804124,low_confidence,0,1,runs/pqr_full_domain_moe_qm9_cycle/recompute_inputs/xyz/pqr_0795.xyz,runs/pqr_full_domain_moe_qm9_cycle/recompute_inputs/gaussian_gjf/pqr_0795.gjf,runs/pqr_full_domain_moe_qm9_cycle/recompute_inputs/orca_inp/pqr_0795.inp
pqr_0796,Cc1[nH]c(N)nc1CCN,near_qm9_larger_organic,9.418,6.260095837689833,1.774647434987605,low_confidence,0,1,runs/pqr_full_domain_moe_qm9_cycle/recompute_inputs/xyz/pqr_0796.xyz,runs/pqr_full_domain_moe_qm9_cycle/recompute_inputs/gaussian_gjf/pqr_0796.gjf,runs/pqr_full_domain_moe_qm9_cycle/recompute_inputs/orca_inp/pqr_0796.inp
pqr_0797,CC1(C)C[C@H]1CC(=O)OC(=O)C1CC1,near_qm9_larger_organic,13.874,6.800409436628149,1.356330711566855,low_confidence,0,1,runs/pqr_full_domain_moe_qm9_cycle/recompute_inputs/xyz/pqr_0797.xyz,runs/pqr_full_domain_moe_qm9_cycle/recompute_inputs/gaussian_gjf/pqr_0797.gjf,runs/pqr_full_domain_moe_qm9_cycle/recompute_inputs/orca_inp/pqr_0797.inp
pqr_0798,CNCCc1c[nH]c2ccc(C[C@@H]3COC(=O)N3)cc12,near_qm9_larger_organic,8.34,6.261162986096934,2.5600082163416733,low_confidence,0,1,runs/pqr_full_domain_moe_qm9_cycle/recompute_inputs/xyz/pqr_0798.xyz,runs/pqr_full_domain_moe_qm9_cycle/recompute_inputs/gaussian_gjf/pqr_0798.gjf,runs/pqr_full_domain_moe_qm9_cycle/recompute_inputs/orca_inp/pqr_0798.inp
pqr_0799,O[C@@H]1[C@@H](O)[C@H](OCc2ccccc2)OC[C@H]1O,near_qm9_larger_organic,9.451,6.468740754114809,1.405885868638018,low_confidence,0,1,runs/pqr_full_domain_moe_qm9_cycle/recompute_inputs/xyz/pqr_0799.xyz,runs/pqr_full_domain_moe_qm9_cycle/recompute_inputs/gaussian_gjf/pqr_0799.gjf,runs/pqr_full_domain_moe_qm9_cycle/recompute_inputs/orca_inp/pqr_0799.inp
pqr_0800,C=C(C)[C@H]1CCC2=C(C1)[C@H](C)[C@H](O)[C@@H](O)C2,near_qm9_larger_organic,9.744,6.43294244126134,2.265996546118501,low_confidence,0,1,runs/pqr_full_domain_moe_qm9_cycle/recompute_inputs/xyz/pqr_0800.xyz,runs/pqr_full_domain_moe_qm9_cycle/recompute_inputs/gaussian_gjf/pqr_0800.gjf,runs/pqr_full_domain_moe_qm9_cycle/recompute_inputs/orca_inp/pqr_0800.inp
pqr_0801,C[C@H]1C[C@@H](C(=O)OC(=O)CC2CCC2)C1,near_qm9_larger_organic,14.011,6.820649356935046,1.7941598144909443,low_confidence,0,1,runs/pqr_full_domain_moe_qm9_cycle/recompute_inputs/xyz/pqr_0801.xyz,runs/pqr_full_domain_moe_qm9_cycle/recompute_inputs/gaussian_gjf/pqr_0801.gjf,runs/pqr_full_domain_moe_qm9_cycle/recompute_inputs/orca_inp/pqr_0801.inp
pqr_0802,C/C(=C\CC[C@H](C)C(=O)O)[C@H]1CC[C@H](C(=O)O)CC1,near_qm9_larger_organic,10.443,6.597959974003264,1.605108101563122,low_confidence,0,1,runs/pqr_full_domain_moe_qm9_cycle/recompute_inputs/xyz/pqr_0802.xyz,runs/pqr_full_domain_moe_qm9_cycle/recompute_inputs/gaussian_gjf/pqr_0802.gjf,runs/pqr_full_domain_moe_qm9_cycle/recompute_inputs/orca_inp/pqr_0802.inp
pqr_0803,FC(F)(F)c1cccc([C@@H]2CNCCO2)c1,near_qm9_larger_organic,8.527000000000001,6.421901486382576,1.9332357379224805,low_confidence,0,1,runs/pqr_full_domain_moe_qm9_cycle/recompute_inputs/xyz/pqr_0803.xyz,runs/pqr_full_domain_moe_qm9_cycle/recompute_inputs/gaussian_gjf/pqr_0803.gjf,runs/pqr_full_domain_moe_qm9_cycle/recompute_inputs/orca_inp/pqr_0803.inp
pqr_0804,CCc1nc(N)nc(OC)n1,near_qm9_larger_organic,9.38,6.543320871378886,1.8591296602525187,low_confidence,0,1,runs/pqr_full_domain_moe_qm9_cycle/recompute_inputs/xyz/pqr_0804.xyz,runs/pqr_full_domain_moe_qm9_cycle/recompute_inputs/gaussian_gjf/pqr_0804.gjf,runs/pqr_full_domain_moe_qm9_cycle/recompute_inputs/orca_inp/pqr_0804.inp
pqr_0805,O=C[C@H](O)[C@@H](O)[C@@H](O)[C@H](O)C(=O)O,near_qm9_larger_organic,13.48,6.530510569606929,1.0552611084375003,low_confidence,0,1,runs/pqr_full_domain_moe_qm9_cycle/recompute_inputs/xyz/pqr_0805.xyz,runs/pqr_full_domain_moe_qm9_cycle/recompute_inputs/gaussian_gjf/pqr_0805.gjf,runs/pqr_full_domain_moe_qm9_cycle/recompute_inputs/orca_inp/pqr_0805.inp
pqr_0806,OCc1ccc(O[C@@H]2O[C@H](CO)[C@@H](O)[C@H](O)[C@H]2O)cc1,near_qm9_larger_organic,9.351,6.390440259598951,1.2687233733642618,low_confidence,0,1,runs/pqr_full_domain_moe_qm9_cycle/recompute_inputs/xyz/pqr_0806.xyz,runs/pqr_full_domain_moe_qm9_cycle/recompute_inputs/gaussian_gjf/pqr_0806.gjf,runs/pqr_full_domain_moe_qm9_cycle/recompute_inputs/orca_inp/pqr_0806.inp
pqr_0807,CC(C)(C)CCCC(=O)OC(=O)[C@H]1CCC1(C)C,near_qm9_larger_organic,10.81,6.80082587146409,1.5143670890485,low_confidence,0,1,runs/pqr_full_domain_moe_qm9_cycle/recompute_inputs/xyz/pqr_0807.xyz,runs/pqr_full_domain_moe_qm9_cycle/recompute_inputs/gaussian_gjf/pqr_0807.gjf,runs/pqr_full_domain_moe_qm9_cycle/recompute_inputs/orca_inp/pqr_0807.inp
pqr_0808,C[C@@H]1CC[C@@H]1C(=O)C1CCCCC1,near_qm9_larger_organic,13.632,6.249818645651531,0.9973033256122754,low_confidence,0,1,runs/pqr_full_domain_moe_qm9_cycle/recompute_inputs/xyz/pqr_0808.xyz,runs/pqr_full_domain_moe_qm9_cycle/recompute_inputs/gaussian_gjf/pqr_0808.gjf,runs/pqr_full_domain_moe_qm9_cycle/recompute_inputs/orca_inp/pqr_0808.inp
pqr_0809,Cc1ccc(OC[C@H](O)[C@H](C)NC(C)C)c2c1CCC2,near_qm9_larger_organic,8.977,6.307823245728448,1.9657623880130048,low_confidence,0,1,runs/pqr_full_domain_moe_qm9_cycle/recompute_inputs/xyz/pqr_0809.xyz,runs/pqr_full_domain_moe_qm9_cycle/recompute_inputs/gaussian_gjf/pqr_0809.gjf,runs/pqr_full_domain_moe_qm9_cycle/recompute_inputs/orca_inp/pqr_0809.inp
pqr_0810,N[C@@H](CC1CCCCC1)[C@@H](O)CC(=O)O,near_qm9_larger_organic,10.535,7.201199806013033,2.054248765811032,low_confidence,0,1,runs/pqr_full_domain_moe_qm9_cycle/recompute_inputs/xyz/pqr_0810.xyz,runs/pqr_full_domain_moe_qm9_cycle/recompute_inputs/gaussian_gjf/pqr_0810.gjf,runs/pqr_full_domain_moe_qm9_cycle/recompute_inputs/orca_inp/pqr_0810.inp
pqr_0811,CC1(/C=C\C2CCCCC2)CC1,near_qm9_larger_organic,10.483,7.063067949139436,2.154060405586444,low_confidence,0,1,runs/pqr_full_domain_moe_qm9_cycle/recompute_inputs/xyz/pqr_0811.xyz,runs/pqr_full_domain_moe_qm9_cycle/recompute_inputs/gaussian_gjf/pqr_0811.gjf,runs/pqr_full_domain_moe_qm9_cycle/recompute_inputs/orca_inp/pqr_0811.inp
pqr_0812,CCC(=O)OC(=O)CC1CCCC1,near_qm9_larger_organic,14.222,6.879448647777871,1.7908239083644322,low_confidence,0,1,runs/pqr_full_domain_moe_qm9_cycle/recompute_inputs/xyz/pqr_0812.xyz,runs/pqr_full_domain_moe_qm9_cycle/recompute_inputs/gaussian_gjf/pqr_0812.gjf,runs/pqr_full_domain_moe_qm9_cycle/recompute_inputs/orca_inp/pqr_0812.inp
pqr_0813,COCCOC(=O)CCC(N)=O,near_qm9_larger_organic,11.096,7.060068558546879,0.8949083160324527,low_confidence,0,1,runs/pqr_full_domain_moe_qm9_cycle/recompute_inputs/xyz/pqr_0813.xyz,runs/pqr_full_domain_moe_qm9_cycle/recompute_inputs/gaussian_gjf/pqr_0813.gjf,runs/pqr_full_domain_moe_qm9_cycle/recompute_inputs/orca_inp/pqr_0813.inp
pqr_0814,C[C@H]1C[C@H]1C(=O)OC(C)(C)C,near_qm9_larger_organic,14.501,7.526863216215728,2.54505217168275,low_confidence,0,1,runs/pqr_full_domain_moe_qm9_cycle/recompute_inputs/xyz/pqr_0814.xyz,runs/pqr_full_domain_moe_qm9_cycle/recompute_inputs/gaussian_gjf/pqr_0814.gjf,runs/pqr_full_domain_moe_qm9_cycle/recompute_inputs/orca_inp/pqr_0814.inp
pqr_0815,C[C@@H]1C[C@H]1/C=C\C1(C)CC1,near_qm9_larger_organic,10.061,7.0223672521397,1.527218237544048,low_confidence,0,1,runs/pqr_full_domain_moe_qm9_cycle/recompute_inputs/xyz/pqr_0815.xyz,runs/pqr_full_domain_moe_qm9_cycle/recompute_inputs/gaussian_gjf/pqr_0815.gjf,runs/pqr_full_domain_moe_qm9_cycle/recompute_inputs/orca_inp/pqr_0815.inp
pqr_0816,CCCC/C=C/[C@@H]1C[C@@H]1C,near_qm9_larger_organic,10.124,7.09720875678726,2.045317767835355,low_confidence,0,1,runs/pqr_full_domain_moe_qm9_cycle/recompute_inputs/xyz/pqr_0816.xyz,runs/pqr_full_domain_moe_qm9_cycle/recompute_inputs/gaussian_gjf/pqr_0816.gjf,runs/pqr_full_domain_moe_qm9_cycle/recompute_inputs/orca_inp/pqr_0816.inp
pqr_0817,CC[C@H](C)[C@@H](NC(=O)[C@H]1CCCN1)C(=O)O,near_qm9_larger_organic,13.44,6.919509371798876,1.1310186953206856,low_confidence,0,1,runs/pqr_full_domain_moe_qm9_cycle/recompute_inputs/xyz/pqr_0817.xyz,runs/pqr_full_domain_moe_qm9_cycle/recompute_inputs/gaussian_gjf/pqr_0817.gjf,runs/pqr_full_domain_moe_qm9_cycle/recompute_inputs/orca_inp/pqr_0817.inp
pqr_0818,CC1(C)C[C@H]1/C=C/C1CCCCC1,near_qm9_larger_organic,10.042,7.060064750722182,2.688740371367766,low_confidence,0,1,runs/pqr_full_domain_moe_qm9_cycle/recompute_inputs/xyz/pqr_0818.xyz,runs/pqr_full_domain_moe_qm9_cycle/recompute_inputs/gaussian_gjf/pqr_0818.gjf,runs/pqr_full_domain_moe_qm9_cycle/recompute_inputs/orca_inp/pqr_0818.inp
pqr_0819,C[C@@H](C[C@@H](C[C@H](CCC(=O)O)C(=O)O)C(=O)O)C(=O)O,near_qm9_larger_organic,11.355,7.028564177465851,1.0983907078263575,low_confidence,0,1,runs/pqr_full_domain_moe_qm9_cycle/recompute_inputs/xyz/pqr_0819.xyz,runs/pqr_full_domain_moe_qm9_cycle/recompute_inputs/gaussian_gjf/pqr_0819.gjf,runs/pqr_full_domain_moe_qm9_cycle/recompute_inputs/orca_inp/pqr_0819.inp
pqr_0820,CC[C@H](C)/C=C/[C@H]1CC[C@@H]1C,near_qm9_larger_organic,10.363,7.18144127278396,2.5498724959468166,low_confidence,0,1,runs/pqr_full_domain_moe_qm9_cycle/recompute_inputs/xyz/pqr_0820.xyz,runs/pqr_full_domain_moe_qm9_cycle/recompute_inputs/gaussian_gjf/pqr_0820.gjf,runs/pqr_full_domain_moe_qm9_cycle/recompute_inputs/orca_inp/pqr_0820.inp
pqr_0821,C1COC(NC(C2CC2)C2CC2)=N1,near_qm9_larger_organic,9.907,7.119137631124432,2.090775049969185,low_confidence,0,1,runs/pqr_full_domain_moe_qm9_cycle/recompute_inputs/xyz/pqr_0821.xyz,runs/pqr_full_domain_moe_qm9_cycle/recompute_inputs/gaussian_gjf/pqr_0821.gjf,runs/pqr_full_domain_moe_qm9_cycle/recompute_inputs/orca_inp/pqr_0821.inp
pqr_0822,CC(C)[C@H]1CC[C@@]2(C)[C@@H]1[C@H]1O[C@@H]2CC[C@@H]1C(=O)O,near_qm9_larger_organic,10.654,7.269703878606419,1.674766512647171,low_confidence,0,1,runs/pqr_full_domain_moe_qm9_cycle/recompute_inputs/xyz/pqr_0822.xyz,runs/pqr_full_domain_moe_qm9_cycle/recompute_inputs/gaussian_gjf/pqr_0822.gjf,runs/pqr_full_domain_moe_qm9_cycle/recompute_inputs/orca_inp/pqr_0822.inp
pqr_0823,CC(C)C(=O)OCC(C)(C)[C@H](O)C(C)C,near_qm9_larger_organic,14.537,7.309499365202424,2.310535594986426,low_confidence,0,1,runs/pqr_full_domain_moe_qm9_cycle/recompute_inputs/xyz/pqr_0823.xyz,runs/pqr_full_domain_moe_qm9_cycle/recompute_inputs/gaussian_gjf/pqr_0823.gjf,runs/pqr_full_domain_moe_qm9_cycle/recompute_inputs/orca_inp/pqr_0823.inp
pqr_0824,CC[C@H](C)/C=C\[C@H]1CC1(C)C,near_qm9_larger_organic,10.489,7.094349096802294,2.231900735462835,low_confidence,0,1,runs/pqr_full_domain_moe_qm9_cycle/recompute_inputs/xyz/pqr_0824.xyz,runs/pqr_full_domain_moe_qm9_cycle/recompute_inputs/gaussian_gjf/pqr_0824.gjf,runs/pqr_full_domain_moe_qm9_cycle/recompute_inputs/orca_inp/pqr_0824.inp
pqr_0825,FC(F)(F)C1=C(C(F)(F)C(F)(F)F)OCCOC1(F)F,near_qm9_larger_organic,12.674,7.195085992147596,0.3602180639351449,low_confidence,0,1,runs/pqr_full_domain_moe_qm9_cycle/recompute_inputs/xyz/pqr_0825.xyz,runs/pqr_full_domain_moe_qm9_cycle/recompute_inputs/gaussian_gjf/pqr_0825.gjf,runs/pqr_full_domain_moe_qm9_cycle/recompute_inputs/orca_inp/pqr_0825.inp
pqr_0826,CCCC(C)(C)NC(=O)CCCC(C)C,near_qm9_larger_organic,14.22,7.446888412507297,0.7676861533980386,low_confidence,0,1,runs/pqr_full_domain_moe_qm9_cycle/recompute_inputs/xyz/pqr_0826.xyz,runs/pqr_full_domain_moe_qm9_cycle/recompute_inputs/gaussian_gjf/pqr_0826.gjf,runs/pqr_full_domain_moe_qm9_cycle/recompute_inputs/orca_inp/pqr_0826.inp
pqr_0827,NC(=O)[C@H]1O[C@@H](O)[C@H](O)[C@@H](O)[C@@H]1O,near_qm9_larger_organic,14.135,7.201303921584428,1.5062938220884856,low_confidence,0,1,runs/pqr_full_domain_moe_qm9_cycle/recompute_inputs/xyz/pqr_0827.xyz,runs/pqr_full_domain_moe_qm9_cycle/recompute_inputs/gaussian_gjf/pqr_0827.gjf,runs/pqr_full_domain_moe_qm9_cycle/recompute_inputs/orca_inp/pqr_0827.inp
pqr_0828,CCCC(C)(C)/C=C/[C@H]1CCC1(C)C,near_qm9_larger_organic,13.628,7.1574009798970675,0.7476717706745539,low_confidence,0,1,runs/pqr_full_domain_moe_qm9_cycle/recompute_inputs/xyz/pqr_0828.xyz,runs/pqr_full_domain_moe_qm9_cycle/recompute_inputs/gaussian_gjf/pqr_0828.gjf,runs/pqr_full_domain_moe_qm9_cycle/recompute_inputs/orca_inp/pqr_0828.inp
pqr_0829,CCC(C)(C)CC(=O)O[C@@H]1CCC1(C)C,near_qm9_larger_organic,14.656,7.478471989064053,2.3386575962279395,low_confidence,0,1,runs/pqr_full_domain_moe_qm9_cycle/recompute_inputs/xyz/pqr_0829.xyz,runs/pqr_full_domain_moe_qm9_cycle/recompute_inputs/gaussian_gjf/pqr_0829.gjf,runs/pqr_full_domain_moe_qm9_cycle/recompute_inputs/orca_inp/pqr_0829.inp
pqr_0830,CCC[C@]1(C)O[C@@H]1C(C)(C)C,near_qm9_larger_organic,15.526,8.736135167039558,2.6465897092551636,low_confidence,0,1,runs/pqr_full_domain_moe_qm9_cycle/recompute_inputs/xyz/pqr_0830.xyz,runs/pqr_full_domain_moe_qm9_cycle/recompute_inputs/gaussian_gjf/pqr_0830.gjf,runs/pqr_full_domain_moe_qm9_cycle/recompute_inputs/orca_inp/pqr_0830.inp
pqr_0831,CCCCCCCCCCCCC,near_qm9_larger_organic,17.61,10.304305011109689,2.7280330756700923,low_confidence,0,1,runs/pqr_full_domain_moe_qm9_cycle/recompute_inputs/xyz/pqr_0831.xyz,runs/pqr_full_domain_moe_qm9_cycle/recompute_inputs/gaussian_gjf/pqr_0831.gjf,runs/pqr_full_domain_moe_qm9_cycle/recompute_inputs/orca_inp/pqr_0831.inp
pqr_0832,CC(C)(C)CCOC(=O)C1(C)CC1,near_qm9_larger_organic,14.562,7.545812173990529,2.116265682057433,low_confidence,0,1,runs/pqr_full_domain_moe_qm9_cycle/recompute_inputs/xyz/pqr_0832.xyz,runs/pqr_full_domain_moe_qm9_cycle/recompute_inputs/gaussian_gjf/pqr_0832.gjf,runs/pqr_full_domain_moe_qm9_cycle/recompute_inputs/orca_inp/pqr_0832.inp
pqr_0833,O[C@@H]1C[C@@H]2N[C@@](O)(C[C@@H]2O)[C@H]1O,near_qm9_larger_organic,11.814,8.286787379550496,0.8181783609079165,low_confidence,0,1,runs/pqr_full_domain_moe_qm9_cycle/recompute_inputs/xyz/pqr_0833.xyz,runs/pqr_full_domain_moe_qm9_cycle/recompute_inputs/gaussian_gjf/pqr_0833.gjf,runs/pqr_full_domain_moe_qm9_cycle/recompute_inputs/orca_inp/pqr_0833.inp
pqr_0834,CC(C)CC[C@H]1O[C@@H]1CC(C)(C)C,near_qm9_larger_organic,15.643,8.981432793325547,2.9630485677275527,low_confidence,0,1,runs/pqr_full_domain_moe_qm9_cycle/recompute_inputs/xyz/pqr_0834.xyz,runs/pqr_full_domain_moe_qm9_cycle/recompute_inputs/gaussian_gjf/pqr_0834.gjf,runs/pqr_full_domain_moe_qm9_cycle/recompute_inputs/orca_inp/pqr_0834.inp
pqr_0835,CCC[C@@H](C)NC1CCC1,near_qm9_larger_organic,14.883,8.942845461222994,1.498517815210775,low_confidence,0,1,runs/pqr_full_domain_moe_qm9_cycle/recompute_inputs/xyz/pqr_0835.xyz,runs/pqr_full_domain_moe_qm9_cycle/recompute_inputs/gaussian_gjf/pqr_0835.gjf,runs/pqr_full_domain_moe_qm9_cycle/recompute_inputs/orca_inp/pqr_0835.inp
pqr_0836,C[C@@H]1CC[C@H]1[C@@H]1O[C@@H]1[C@@H]1CC1(C)C,near_qm9_larger_organic,15.082999999999998,8.667868626606385,2.6381419210554213,low_confidence,0,1,runs/pqr_full_domain_moe_qm9_cycle/recompute_inputs/xyz/pqr_0836.xyz,runs/pqr_full_domain_moe_qm9_cycle/recompute_inputs/gaussian_gjf/pqr_0836.gjf,runs/pqr_full_domain_moe_qm9_cycle/recompute_inputs/orca_inp/pqr_0836.inp
pqr_0837,CCC[C@H](C)NCC(C)(C)CC,near_qm9_larger_organic,14.992,8.968554142194387,1.0979146486175289,low_confidence,0,1,runs/pqr_full_domain_moe_qm9_cycle/recompute_inputs/xyz/pqr_0837.xyz,runs/pqr_full_domain_moe_qm9_cycle/recompute_inputs/gaussian_gjf/pqr_0837.gjf,runs/pqr_full_domain_moe_qm9_cycle/recompute_inputs/orca_inp/pqr_0837.inp
pqr_0838,CCCCC[C@@H]1O[C@@H]1CC,near_qm9_larger_organic,15.666,9.082759571087117,3.041791027643953,low_confidence,0,1,runs/pqr_full_domain_moe_qm9_cycle/recompute_inputs/xyz/pqr_0838.xyz,runs/pqr_full_domain_moe_qm9_cycle/recompute_inputs/gaussian_gjf/pqr_0838.gjf,runs/pqr_full_domain_moe_qm9_cycle/recompute_inputs/orca_inp/pqr_0838.inp
pqr_0839,C[C@@H]1CC[C@H]1N[C@@H]1CC1(C)C,near_qm9_larger_organic,14.255,8.747017086172345,1.0741248759141389,low_confidence,0,1,runs/pqr_full_domain_moe_qm9_cycle/recompute_inputs/xyz/pqr_0839.xyz,runs/pqr_full_domain_moe_qm9_cycle/recompute_inputs/gaussian_gjf/pqr_0839.gjf,runs/pqr_full_domain_moe_qm9_cycle/recompute_inputs/orca_inp/pqr_0839.inp
pqr_0840,CCC[C@@H](C)[C@@H]1O[C@@H]1C1CC(C)(C)C1,near_qm9_larger_organic,15.558,8.761870195982876,2.964959623444317,low_confidence,0,1,runs/pqr_full_domain_moe_qm9_cycle/recompute_inputs/xyz/pqr_0840.xyz,runs/pqr_full_domain_moe_qm9_cycle/recompute_inputs/gaussian_gjf/pqr_0840.gjf,runs/pqr_full_domain_moe_qm9_cycle/recompute_inputs/orca_inp/pqr_0840.inp
pqr_0841,C[C@@H]1C[C@H]1[C@H]1O[C@H]1C1CC(C)(C)C1,near_qm9_larger_organic,15.111,8.638795769769535,2.680039509038302,low_confidence,0,1,runs/pqr_full_domain_moe_qm9_cycle/recompute_inputs/xyz/pqr_0841.xyz,runs/pqr_full_domain_moe_qm9_cycle/recompute_inputs/gaussian_gjf/pqr_0841.gjf,runs/pqr_full_domain_moe_qm9_cycle/recompute_inputs/orca_inp/pqr_0841.inp
pqr_0842,CN1C[C@@H](O)[C@H](O)[C@H]1CO,near_qm9_larger_organic,14.319,8.401144132603456,1.7637729424996618,low_confidence,0,1,runs/pqr_full_domain_moe_qm9_cycle/recompute_inputs/xyz/pqr_0842.xyz,runs/pqr_full_domain_moe_qm9_cycle/recompute_inputs/gaussian_gjf/pqr_0842.gjf,runs/pqr_full_domain_moe_qm9_cycle/recompute_inputs/orca_inp/pqr_0842.inp
pqr_0843,C[C@@H]1[C@@H](O)C[C@]2(O)C[C@@]3(O)CC(C)(C)C[C@H]3[C@]12C,near_qm9_larger_organic,15.854,8.462975823349273,2.8360595101406254,low_confidence,0,1,runs/pqr_full_domain_moe_qm9_cycle/recompute_inputs/xyz/pqr_0843.xyz,runs/pqr_full_domain_moe_qm9_cycle/recompute_inputs/gaussian_gjf/pqr_0843.gjf,runs/pqr_full_domain_moe_qm9_cycle/recompute_inputs/orca_inp/pqr_0843.inp
pqr_0844,CCCOC(=O)C1CCC1,near_qm9_larger_organic,14.732,7.551703104998228,2.774095089352393,low_confidence,0,1,runs/pqr_full_domain_moe_qm9_cycle/recompute_inputs/xyz/pqr_0844.xyz,runs/pqr_full_domain_moe_qm9_cycle/recompute_inputs/gaussian_gjf/pqr_0844.gjf,runs/pqr_full_domain_moe_qm9_cycle/recompute_inputs/orca_inp/pqr_0844.inp
pqr_0845,C[C@@H]1CC[C@H]1[C@@H]1O[C@H]1[C@@H]1CCC1(C)C,near_qm9_larger_organic,12.249,8.632824192784849,0.2017028632092987,low_confidence,0,1,runs/pqr_full_domain_moe_qm9_cycle/recompute_inputs/xyz/pqr_0845.xyz,runs/pqr_full_domain_moe_qm9_cycle/recompute_inputs/gaussian_gjf/pqr_0845.gjf,runs/pqr_full_domain_moe_qm9_cycle/recompute_inputs/orca_inp/pqr_0845.inp
pqr_0846,CC1(C)CC[C@H]1OC1CCCCC1,near_qm9_larger_organic,11.767,8.71204202368082,0.6089441017254629,low_confidence,0,1,runs/pqr_full_domain_moe_qm9_cycle/recompute_inputs/xyz/pqr_0846.xyz,runs/pqr_full_domain_moe_qm9_cycle/recompute_inputs/gaussian_gjf/pqr_0846.gjf,runs/pqr_full_domain_moe_qm9_cycle/recompute_inputs/orca_inp/pqr_0846.inp
pqr_0847,CCC(C)(C)CN[C@H]1CC[C@@H]1C,near_qm9_larger_organic,14.968,8.941331676605918,1.465616055493031,low_confidence,0,1,runs/pqr_full_domain_moe_qm9_cycle/recompute_inputs/xyz/pqr_0847.xyz,runs/pqr_full_domain_moe_qm9_cycle/recompute_inputs/gaussian_gjf/pqr_0847.gjf,runs/pqr_full_domain_moe_qm9_cycle/recompute_inputs/orca_inp/pqr_0847.inp
pqr_0848,CCCCC[C@H]1O[C@H]1C(C)(C)CCC,near_qm9_larger_organic,12.247,8.888797744574617,0.5662785297152979,low_confidence,0,1,runs/pqr_full_domain_moe_qm9_cycle/recompute_inputs/xyz/pqr_0848.xyz,runs/pqr_full_domain_moe_qm9_cycle/recompute_inputs/gaussian_gjf/pqr_0848.gjf,runs/pqr_full_domain_moe_qm9_cycle/recompute_inputs/orca_inp/pqr_0848.inp
pqr_0849,CC[C@H](C)[C@H]1O[C@@H]1[C@@H]1C[C@H]1C,near_qm9_larger_organic,15.207,8.851818864015721,2.8545265476782244,low_confidence,0,1,runs/pqr_full_domain_moe_qm9_cycle/recompute_inputs/xyz/pqr_0849.xyz,runs/pqr_full_domain_moe_qm9_cycle/recompute_inputs/gaussian_gjf/pqr_0849.gjf,runs/pqr_full_domain_moe_qm9_cycle/recompute_inputs/orca_inp/pqr_0849.inp
pqr_0850,Cc1ccc(C=O)cc1,qm9_like_small_organic,9.223,5.236530556942116,1.001963429627846,low_confidence,0,1,runs/pqr_full_domain_moe_qm9_cycle/recompute_inputs/xyz/pqr_0850.xyz,runs/pqr_full_domain_moe_qm9_cycle/recompute_inputs/gaussian_gjf/pqr_0850.gjf,runs/pqr_full_domain_moe_qm9_cycle/recompute_inputs/orca_inp/pqr_0850.inp
pqr_0851,NCc1ccco1,qm9_like_small_organic,12.644,6.41123875343408,1.030403758634261,low_confidence,0,1,runs/pqr_full_domain_moe_qm9_cycle/recompute_inputs/xyz/pqr_0851.xyz,runs/pqr_full_domain_moe_qm9_cycle/recompute_inputs/gaussian_gjf/pqr_0851.gjf,runs/pqr_full_domain_moe_qm9_cycle/recompute_inputs/orca_inp/pqr_0851.inp
pqr_0852,C=Cc1ccncc1,qm9_like_small_organic,12.775,5.373228072380874,2.0411940169167355,low_confidence,0,1,runs/pqr_full_domain_moe_qm9_cycle/recompute_inputs/xyz/pqr_0852.xyz,runs/pqr_full_domain_moe_qm9_cycle/recompute_inputs/gaussian_gjf/pqr_0852.gjf,runs/pqr_full_domain_moe_qm9_cycle/recompute_inputs/orca_inp/pqr_0852.inp
pqr_0853,CC(=O)c1ccco1,qm9_like_small_organic,9.31,5.18761648378875,1.0273008614199242,low_confidence,0,1,runs/pqr_full_domain_moe_qm9_cycle/recompute_inputs/xyz/pqr_0853.xyz,runs/pqr_full_domain_moe_qm9_cycle/recompute_inputs/gaussian_gjf/pqr_0853.gjf,runs/pqr_full_domain_moe_qm9_cycle/recompute_inputs/orca_inp/pqr_0853.inp
pqr_0854,CC(=O)C[C@@H](C)C(C)=O,qm9_like_small_organic,13.871,6.118595658566098,1.1161341219641336,low_confidence,0,1,runs/pqr_full_domain_moe_qm9_cycle/recompute_inputs/xyz/pqr_0854.xyz,runs/pqr_full_domain_moe_qm9_cycle/recompute_inputs/gaussian_gjf/pqr_0854.gjf,runs/pqr_full_domain_moe_qm9_cycle/recompute_inputs/orca_inp/pqr_0854.inp
pqr_0855,O=C1C=CCCCC1,qm9_like_small_organic,9.993,5.320920959771245,1.679737823054447,low_confidence,0,1,runs/pqr_full_domain_moe_qm9_cycle/recompute_inputs/xyz/pqr_0855.xyz,runs/pqr_full_domain_moe_qm9_cycle/recompute_inputs/gaussian_gjf/pqr_0855.gjf,runs/pqr_full_domain_moe_qm9_cycle/recompute_inputs/orca_inp/pqr_0855.inp
pqr_0856,N=C(CC(=O)O)C(=O)O,qm9_like_small_organic,10.194,6.330269810123631,1.9865735474743929,low_confidence,0,1,runs/pqr_full_domain_moe_qm9_cycle/recompute_inputs/xyz/pqr_0856.xyz,runs/pqr_full_domain_moe_qm9_cycle/recompute_inputs/gaussian_gjf/pqr_0856.gjf,runs/pqr_full_domain_moe_qm9_cycle/recompute_inputs/orca_inp/pqr_0856.inp
pqr_0857,C/C(=N\O)C(=O)O,qm9_like_small_organic,13.524,6.18099182647304,1.0923706535666948,low_confidence,0,1,runs/pqr_full_domain_moe_qm9_cycle/recompute_inputs/xyz/pqr_0857.xyz,runs/pqr_full_domain_moe_qm9_cycle/recompute_inputs/gaussian_gjf/pqr_0857.gjf,runs/pqr_full_domain_moe_qm9_cycle/recompute_inputs/orca_inp/pqr_0857.inp
pqr_0858,Nn1cnnc1,qm9_like_small_organic,13.564,6.374113449652785,1.3713829385503704,low_confidence,0,1,runs/pqr_full_domain_moe_qm9_cycle/recompute_inputs/xyz/pqr_0858.xyz,runs/pqr_full_domain_moe_qm9_cycle/recompute_inputs/gaussian_gjf/pqr_0858.gjf,runs/pqr_full_domain_moe_qm9_cycle/recompute_inputs/orca_inp/pqr_0858.inp
pqr_0859,O=C1NC(=O)C(=O)N1,qm9_like_small_organic,9.832,5.734754746028074,2.1289785365315392,low_confidence,0,1,runs/pqr_full_domain_moe_qm9_cycle/recompute_inputs/xyz/pqr_0859.xyz,runs/pqr_full_domain_moe_qm9_cycle/recompute_inputs/gaussian_gjf/pqr_0859.gjf,runs/pqr_full_domain_moe_qm9_cycle/recompute_inputs/orca_inp/pqr_0859.inp
pqr_0860,C=C/C=N/O,qm9_like_small_organic,9.299,6.042194885402143,2.824371673549896,low_confidence,0,1,runs/pqr_full_domain_moe_qm9_cycle/recompute_inputs/xyz/pqr_0860.xyz,runs/pqr_full_domain_moe_qm9_cycle/recompute_inputs/gaussian_gjf/pqr_0860.gjf,runs/pqr_full_domain_moe_qm9_cycle/recompute_inputs/orca_inp/pqr_0860.inp
pqr_0861,NC/C=C/CC(=O)O,qm9_like_small_organic,9.939,6.4341936728471065,2.488222037375728,low_confidence,0,1,runs/pqr_full_domain_moe_qm9_cycle/recompute_inputs/xyz/pqr_0861.xyz,runs/pqr_full_domain_moe_qm9_cycle/recompute_inputs/gaussian_gjf/pqr_0861.gjf,runs/pqr_full_domain_moe_qm9_cycle/recompute_inputs/orca_inp/pqr_0861.inp
pqr_0862,c1ncc2[nH]ccc2n1,qm9_like_small_organic,11.721,5.39021671480112,1.9395721804484385,low_confidence,0,1,runs/pqr_full_domain_moe_qm9_cycle/recompute_inputs/xyz/pqr_0862.xyz,runs/pqr_full_domain_moe_qm9_cycle/recompute_inputs/gaussian_gjf/pqr_0862.gjf,runs/pqr_full_domain_moe_qm9_cycle/recompute_inputs/orca_inp/pqr_0862.inp
pqr_0863,Cc1cccnn1,qm9_like_small_organic,9.679,6.2438863529685245,2.3008642415916416,low_confidence,0,1,runs/pqr_full_domain_moe_qm9_cycle/recompute_inputs/xyz/pqr_0863.xyz,runs/pqr_full_domain_moe_qm9_cycle/recompute_inputs/gaussian_gjf/pqr_0863.gjf,runs/pqr_full_domain_moe_qm9_cycle/recompute_inputs/orca_inp/pqr_0863.inp
pqr_0864,O=C1C[C@H]2CC[C@@H](C1)C2,qm9_like_small_organic,13.955,6.224855742457136,1.2748867604434275,low_confidence,0,1,runs/pqr_full_domain_moe_qm9_cycle/recompute_inputs/xyz/pqr_0864.xyz,runs/pqr_full_domain_moe_qm9_cycle/recompute_inputs/gaussian_gjf/pqr_0864.gjf,runs/pqr_full_domain_moe_qm9_cycle/recompute_inputs/orca_inp/pqr_0864.inp
pqr_0865,C=C(C)C(=O)OC,qm9_like_small_organic,10.177,6.195099196073417,2.477821866359335,low_confidence,0,1,runs/pqr_full_domain_moe_qm9_cycle/recompute_inputs/xyz/pqr_0865.xyz,runs/pqr_full_domain_moe_qm9_cycle/recompute_inputs/gaussian_gjf/pqr_0865.gjf,runs/pqr_full_domain_moe_qm9_cycle/recompute_inputs/orca_inp/pqr_0865.inp
pqr_0866,C=C(C(=O)O)C(F)(F)F,qm9_like_small_organic,10.115,6.328287235210882,1.8507523400761023,low_confidence,0,1,runs/pqr_full_domain_moe_qm9_cycle/recompute_inputs/xyz/pqr_0866.xyz,runs/pqr_full_domain_moe_qm9_cycle/recompute_inputs/gaussian_gjf/pqr_0866.gjf,runs/pqr_full_domain_moe_qm9_cycle/recompute_inputs/orca_inp/pqr_0866.inp
pqr_0867,Cc1cccnc1,qm9_like_small_organic,12.694,6.0994434171266585,1.1989319294232563,low_confidence,0,1,runs/pqr_full_domain_moe_qm9_cycle/recompute_inputs/xyz/pqr_0867.xyz,runs/pqr_full_domain_moe_qm9_cycle/recompute_inputs/gaussian_gjf/pqr_0867.gjf,runs/pqr_full_domain_moe_qm9_cycle/recompute_inputs/orca_inp/pqr_0867.inp
pqr_0868,C[C@H](O)C=O,qm9_like_small_organic,13.531,6.258524825826125,1.0092104795049457,low_confidence,0,1,runs/pqr_full_domain_moe_qm9_cycle/recompute_inputs/xyz/pqr_0868.xyz,runs/pqr_full_domain_moe_qm9_cycle/recompute_inputs/gaussian_gjf/pqr_0868.gjf,runs/pqr_full_domain_moe_qm9_cycle/recompute_inputs/orca_inp/pqr_0868.inp
pqr_0869,C[C@H]1C=COC1=O,qm9_like_small_organic,10.245,6.18064459874006,2.559498320910434,low_confidence,0,1,runs/pqr_full_domain_moe_qm9_cycle/recompute_inputs/xyz/pqr_0869.xyz,runs/pqr_full_domain_moe_qm9_cycle/recompute_inputs/gaussian_gjf/pqr_0869.gjf,runs/pqr_full_domain_moe_qm9_cycle/recompute_inputs/orca_inp/pqr_0869.inp
pqr_0870,NCCCn1ccnc1,qm9_like_small_organic,13.02,6.7727609306931935,1.721250720664388,low_confidence,0,1,runs/pqr_full_domain_moe_qm9_cycle/recompute_inputs/xyz/pqr_0870.xyz,runs/pqr_full_domain_moe_qm9_cycle/recompute_inputs/gaussian_gjf/pqr_0870.gjf,runs/pqr_full_domain_moe_qm9_cycle/recompute_inputs/orca_inp/pqr_0870.inp
pqr_0871,C/C=C/[C@@H]1CC[C@H]1C,qm9_like_small_organic,10.347,7.100396363992357,1.0496479483060153,low_confidence,0,1,runs/pqr_full_domain_moe_qm9_cycle/recompute_inputs/xyz/pqr_0871.xyz,runs/pqr_full_domain_moe_qm9_cycle/recompute_inputs/gaussian_gjf/pqr_0871.gjf,runs/pqr_full_domain_moe_qm9_cycle/recompute_inputs/orca_inp/pqr_0871.inp
pqr_0872,CC(C)/C=C/[C@@H]1C[C@@H]1C,qm9_like_small_organic,10.159,7.083291159283965,1.6844138666737276,low_confidence,0,1,runs/pqr_full_domain_moe_qm9_cycle/recompute_inputs/xyz/pqr_0872.xyz,runs/pqr_full_domain_moe_qm9_cycle/recompute_inputs/gaussian_gjf/pqr_0872.gjf,runs/pqr_full_domain_moe_qm9_cycle/recompute_inputs/orca_inp/pqr_0872.inp
pqr_0873,C=C(C)C(=O)OCCO,qm9_like_small_organic,10.192,6.510747405513497,2.3554890979840835,low_confidence,0,1,runs/pqr_full_domain_moe_qm9_cycle/recompute_inputs/xyz/pqr_0873.xyz,runs/pqr_full_domain_moe_qm9_cycle/recompute_inputs/gaussian_gjf/pqr_0873.gjf,runs/pqr_full_domain_moe_qm9_cycle/recompute_inputs/orca_inp/pqr_0873.inp
pqr_0874,CCCCN(N)C=O,qm9_like_small_organic,13.419,7.049086479887913,0.7674389644197781,low_confidence,0,1,runs/pqr_full_domain_moe_qm9_cycle/recompute_inputs/xyz/pqr_0874.xyz,runs/pqr_full_domain_moe_qm9_cycle/recompute_inputs/gaussian_gjf/pqr_0874.gjf,runs/pqr_full_domain_moe_qm9_cycle/recompute_inputs/orca_inp/pqr_0874.inp
pqr_0875,CC/C=C\[C@@H]1CC1(C)C,qm9_like_small_organic,10.291,7.039654970638897,1.508648570840684,low_confidence,0,1,runs/pqr_full_domain_moe_qm9_cycle/recompute_inputs/xyz/pqr_0875.xyz,runs/pqr_full_domain_moe_qm9_cycle/recompute_inputs/gaussian_gjf/pqr_0875.gjf,runs/pqr_full_domain_moe_qm9_cycle/recompute_inputs/orca_inp/pqr_0875.inp
pqr_0876,COC(=O)[C@@H]1CCCN1,qm9_like_small_organic,10.024,7.1233560446140185,1.7364834601228605,low_confidence,0,1,runs/pqr_full_domain_moe_qm9_cycle/recompute_inputs/xyz/pqr_0876.xyz,runs/pqr_full_domain_moe_qm9_cycle/recompute_inputs/gaussian_gjf/pqr_0876.gjf,runs/pqr_full_domain_moe_qm9_cycle/recompute_inputs/orca_inp/pqr_0876.inp
pqr_0877,C/C=C/[C@H]1CC[C@@H]1C,qm9_like_small_organic,10.347,7.100396363992357,1.0496479483060153,low_confidence,0,1,runs/pqr_full_domain_moe_qm9_cycle/recompute_inputs/xyz/pqr_0877.xyz,runs/pqr_full_domain_moe_qm9_cycle/recompute_inputs/gaussian_gjf/pqr_0877.gjf,runs/pqr_full_domain_moe_qm9_cycle/recompute_inputs/orca_inp/pqr_0877.inp
pqr_0878,CC1(C)OC(=O)NC1=O,qm9_like_small_organic,13.9,6.801863290768409,2.193210821070645,low_confidence,0,1,runs/pqr_full_domain_moe_qm9_cycle/recompute_inputs/xyz/pqr_0878.xyz,runs/pqr_full_domain_moe_qm9_cycle/recompute_inputs/gaussian_gjf/pqr_0878.gjf,runs/pqr_full_domain_moe_qm9_cycle/recompute_inputs/orca_inp/pqr_0878.inp
pqr_0879,C[C@H]1CNC(=O)NC1=O,qm9_like_small_organic,10.567,6.692930175883867,1.028984619674807,low_confidence,0,1,runs/pqr_full_domain_moe_qm9_cycle/recompute_inputs/xyz/pqr_0879.xyz,runs/pqr_full_domain_moe_qm9_cycle/recompute_inputs/gaussian_gjf/pqr_0879.gjf,runs/pqr_full_domain_moe_qm9_cycle/recompute_inputs/orca_inp/pqr_0879.inp
pqr_0880,CN(CC(=O)O)C(=N)N,qm9_like_small_organic,10.278,6.847131262822157,1.7091095787769834,low_confidence,0,1,runs/pqr_full_domain_moe_qm9_cycle/recompute_inputs/xyz/pqr_0880.xyz,runs/pqr_full_domain_moe_qm9_cycle/recompute_inputs/gaussian_gjf/pqr_0880.gjf,runs/pqr_full_domain_moe_qm9_cycle/recompute_inputs/orca_inp/pqr_0880.inp
pqr_0881,NC(N)=NCO,qm9_like_small_organic,10.387,7.1362397271660605,2.1886918551251995,low_confidence,0,1,runs/pqr_full_domain_moe_qm9_cycle/recompute_inputs/xyz/pqr_0881.xyz,runs/pqr_full_domain_moe_qm9_cycle/recompute_inputs/gaussian_gjf/pqr_0881.gjf,runs/pqr_full_domain_moe_qm9_cycle/recompute_inputs/orca_inp/pqr_0881.inp
pqr_0882,CC/C(C)=C\[C@@H]1C[C@@H]1C,qm9_like_small_organic,10.013,6.98107801704032,1.749310109673175,low_confidence,0,1,runs/pqr_full_domain_moe_qm9_cycle/recompute_inputs/xyz/pqr_0882.xyz,runs/pqr_full_domain_moe_qm9_cycle/recompute_inputs/gaussian_gjf/pqr_0882.gjf,runs/pqr_full_domain_moe_qm9_cycle/recompute_inputs/orca_inp/pqr_0882.inp
pqr_0883,Cc1ncc(CCN)[nH]1,qm9_like_small_organic,12.608,6.672011372144921,1.2864872710962558,low_confidence,0,1,runs/pqr_full_domain_moe_qm9_cycle/recompute_inputs/xyz/pqr_0883.xyz,runs/pqr_full_domain_moe_qm9_cycle/recompute_inputs/gaussian_gjf/pqr_0883.gjf,runs/pqr_full_domain_moe_qm9_cycle/recompute_inputs/orca_inp/pqr_0883.inp
pqr_0884,CC(C)=CC1CC1,qm9_like_small_organic,9.977,6.9836383021306325,1.2538166672919075,low_confidence,0,1,runs/pqr_full_domain_moe_qm9_cycle/recompute_inputs/xyz/pqr_0884.xyz,runs/pqr_full_domain_moe_qm9_cycle/recompute_inputs/gaussian_gjf/pqr_0884.gjf,runs/pqr_full_domain_moe_qm9_cycle/recompute_inputs/orca_inp/pqr_0884.inp
pqr_0885,CC/C(C)=C/[C@@H](C)CC,qm9_like_small_organic,10.296,7.064722869077675,2.2599216418061747,low_confidence,0,1,runs/pqr_full_domain_moe_qm9_cycle/recompute_inputs/xyz/pqr_0885.xyz,runs/pqr_full_domain_moe_qm9_cycle/recompute_inputs/gaussian_gjf/pqr_0885.gjf,runs/pqr_full_domain_moe_qm9_cycle/recompute_inputs/orca_inp/pqr_0885.inp
pqr_0886,C=C/C=C/C,qm9_like_small_organic,9.148,6.526140669302963,2.2550995318028715,low_confidence,0,1,runs/pqr_full_domain_moe_qm9_cycle/recompute_inputs/xyz/pqr_0886.xyz,runs/pqr_full_domain_moe_qm9_cycle/recompute_inputs/gaussian_gjf/pqr_0886.gjf,runs/pqr_full_domain_moe_qm9_cycle/recompute_inputs/orca_inp/pqr_0886.inp
pqr_0887,CC/C(C)=C\[C@@H](C)CC,qm9_like_small_organic,10.305,7.0666111040331545,2.2571566766219675,low_confidence,0,1,runs/pqr_full_domain_moe_qm9_cycle/recompute_inputs/xyz/pqr_0887.xyz,runs/pqr_full_domain_moe_qm9_cycle/recompute_inputs/gaussian_gjf/pqr_0887.gjf,runs/pqr_full_domain_moe_qm9_cycle/recompute_inputs/orca_inp/pqr_0887.inp
pqr_0888,C#CC#CC,qm9_like_small_organic,10.1,6.671613994645213,1.202714438179381,low_confidence,0,1,runs/pqr_full_domain_moe_qm9_cycle/recompute_inputs/xyz/pqr_0888.xyz,runs/pqr_full_domain_moe_qm9_cycle/recompute_inputs/gaussian_gjf/pqr_0888.gjf,runs/pqr_full_domain_moe_qm9_cycle/recompute_inputs/orca_inp/pqr_0888.inp
pqr_0889,CC/C=C\C(C)(C)CC,qm9_like_small_organic,10.583,7.136568490261967,2.0667218208542817,low_confidence,0,1,runs/pqr_full_domain_moe_qm9_cycle/recompute_inputs/xyz/pqr_0889.xyz,runs/pqr_full_domain_moe_qm9_cycle/recompute_inputs/gaussian_gjf/pqr_0889.gjf,runs/pqr_full_domain_moe_qm9_cycle/recompute_inputs/orca_inp/pqr_0889.inp
pqr_0890,O=C1CCCCCO1,qm9_like_small_organic,11.329,7.235134625604545,1.03768533298925,low_confidence,0,1,runs/pqr_full_domain_moe_qm9_cycle/recompute_inputs/xyz/pqr_0890.xyz,runs/pqr_full_domain_moe_qm9_cycle/recompute_inputs/gaussian_gjf/pqr_0890.gjf,runs/pqr_full_domain_moe_qm9_cycle/recompute_inputs/orca_inp/pqr_0890.inp
pqr_0891,C=C(N)CCC,qm9_like_small_organic,13.013000000000002,7.325560965434458,1.0763437477907924,low_confidence,0,1,runs/pqr_full_domain_moe_qm9_cycle/recompute_inputs/xyz/pqr_0891.xyz,runs/pqr_full_domain_moe_qm9_cycle/recompute_inputs/gaussian_gjf/pqr_0891.gjf,runs/pqr_full_domain_moe_qm9_cycle/recompute_inputs/orca_inp/pqr_0891.inp
pqr_0892,CCC(=O)NC,qm9_like_small_organic,14.153,7.598151324367954,1.869212295803248,low_confidence,0,1,runs/pqr_full_domain_moe_qm9_cycle/recompute_inputs/xyz/pqr_0892.xyz,runs/pqr_full_domain_moe_qm9_cycle/recompute_inputs/gaussian_gjf/pqr_0892.gjf,runs/pqr_full_domain_moe_qm9_cycle/recompute_inputs/orca_inp/pqr_0892.inp
pqr_0893,C=C(O)CCC,qm9_like_small_organic,13.629,7.387646000126289,1.075367811345069,low_confidence,0,1,runs/pqr_full_domain_moe_qm9_cycle/recompute_inputs/xyz/pqr_0893.xyz,runs/pqr_full_domain_moe_qm9_cycle/recompute_inputs/gaussian_gjf/pqr_0893.gjf,runs/pqr_full_domain_moe_qm9_cycle/recompute_inputs/orca_inp/pqr_0893.inp
pqr_0894,C=CCC[C@@H](C)CC,qm9_like_small_organic,10.907,7.269760545178961,1.2050898803317427,low_confidence,0,1,runs/pqr_full_domain_moe_qm9_cycle/recompute_inputs/xyz/pqr_0894.xyz,runs/pqr_full_domain_moe_qm9_cycle/recompute_inputs/gaussian_gjf/pqr_0894.gjf,runs/pqr_full_domain_moe_qm9_cycle/recompute_inputs/orca_inp/pqr_0894.inp
pqr_0895,C/C=C\CCCC(C)C,qm9_like_small_organic,10.533,7.210358631718382,1.6416295746278475,low_confidence,0,1,runs/pqr_full_domain_moe_qm9_cycle/recompute_inputs/xyz/pqr_0895.xyz,runs/pqr_full_domain_moe_qm9_cycle/recompute_inputs/gaussian_gjf/pqr_0895.gjf,runs/pqr_full_domain_moe_qm9_cycle/recompute_inputs/orca_inp/pqr_0895.inp
pqr_0896,CC[C@@H](C)[C@@H](O)C(=O)O,qm9_like_small_organic,11.08,7.504611295399334,1.8330486936089567,low_confidence,0,1,runs/pqr_full_domain_moe_qm9_cycle/recompute_inputs/xyz/pqr_0896.xyz,runs/pqr_full_domain_moe_qm9_cycle/recompute_inputs/gaussian_gjf/pqr_0896.gjf,runs/pqr_full_domain_moe_qm9_cycle/recompute_inputs/orca_inp/pqr_0896.inp
pqr_0897,C=CC(C)(C)C,qm9_like_small_organic,10.963,7.322473630634645,1.18426024785599,low_confidence,0,1,runs/pqr_full_domain_moe_qm9_cycle/recompute_inputs/xyz/pqr_0897.xyz,runs/pqr_full_domain_moe_qm9_cycle/recompute_inputs/gaussian_gjf/pqr_0897.gjf,runs/pqr_full_domain_moe_qm9_cycle/recompute_inputs/orca_inp/pqr_0897.inp
pqr_0898,CC(C)C[C@@H](N)C(=O)O,qm9_like_small_organic,11.346,7.441625906279166,1.4813904219027272,low_confidence,0,1,runs/pqr_full_domain_moe_qm9_cycle/recompute_inputs/xyz/pqr_0898.xyz,runs/pqr_full_domain_moe_qm9_cycle/recompute_inputs/gaussian_gjf/pqr_0898.gjf,runs/pqr_full_domain_moe_qm9_cycle/recompute_inputs/orca_inp/pqr_0898.inp
pqr_0899,CCC/C=N/O,qm9_like_small_organic,10.606,7.367789353589405,1.915494869380188,low_confidence,0,1,runs/pqr_full_domain_moe_qm9_cycle/recompute_inputs/xyz/pqr_0899.xyz,runs/pqr_full_domain_moe_qm9_cycle/recompute_inputs/gaussian_gjf/pqr_0899.gjf,runs/pqr_full_domain_moe_qm9_cycle/recompute_inputs/orca_inp/pqr_0899.inp
pqr_0900,C/C=C/CC(C)(C)CC,qm9_like_small_organic,10.491,7.19852198447769,2.396571431893044,low_confidence,0,1,runs/pqr_full_domain_moe_qm9_cycle/recompute_inputs/xyz/pqr_0900.xyz,runs/pqr_full_domain_moe_qm9_cycle/recompute_inputs/gaussian_gjf/pqr_0900.gjf,runs/pqr_full_domain_moe_qm9_cycle/recompute_inputs/orca_inp/pqr_0900.inp
pqr_0901,N[C@@H](C[C@H]1CO1)C(=O)O,qm9_like_small_organic,10.494,7.272349623164382,2.1273300350880326,low_confidence,0,1,runs/pqr_full_domain_moe_qm9_cycle/recompute_inputs/xyz/pqr_0901.xyz,runs/pqr_full_domain_moe_qm9_cycle/recompute_inputs/gaussian_gjf/pqr_0901.gjf,runs/pqr_full_domain_moe_qm9_cycle/recompute_inputs/orca_inp/pqr_0901.inp
pqr_0902,CO[C@@H](C)OC(C)=O,qm9_like_small_organic,14.501,7.558747271243201,1.8090266419489096,low_confidence,0,1,runs/pqr_full_domain_moe_qm9_cycle/recompute_inputs/xyz/pqr_0902.xyz,runs/pqr_full_domain_moe_qm9_cycle/recompute_inputs/gaussian_gjf/pqr_0902.gjf,runs/pqr_full_domain_moe_qm9_cycle/recompute_inputs/orca_inp/pqr_0902.inp
pqr_0903,CC/C=C/CO,qm9_like_small_organic,10.467,7.2402474619612,2.012187630133928,low_confidence,0,1,runs/pqr_full_domain_moe_qm9_cycle/recompute_inputs/xyz/pqr_0903.xyz,runs/pqr_full_domain_moe_qm9_cycle/recompute_inputs/gaussian_gjf/pqr_0903.gjf,runs/pqr_full_domain_moe_qm9_cycle/recompute_inputs/orca_inp/pqr_0903.inp
pqr_0904,C=C[C@@H](CC)C(C)C,qm9_like_small_organic,10.885,7.195196400375485,1.4354185151934953,low_confidence,0,1,runs/pqr_full_domain_moe_qm9_cycle/recompute_inputs/xyz/pqr_0904.xyz,runs/pqr_full_domain_moe_qm9_cycle/recompute_inputs/gaussian_gjf/pqr_0904.gjf,runs/pqr_full_domain_moe_qm9_cycle/recompute_inputs/orca_inp/pqr_0904.inp
pqr_0905,CN(C=O)CO,qm9_like_small_organic,10.79,7.314961082654052,2.115192865142008,low_confidence,0,1,runs/pqr_full_domain_moe_qm9_cycle/recompute_inputs/xyz/pqr_0905.xyz,runs/pqr_full_domain_moe_qm9_cycle/recompute_inputs/gaussian_gjf/pqr_0905.gjf,runs/pqr_full_domain_moe_qm9_cycle/recompute_inputs/orca_inp/pqr_0905.inp
pqr_0906,C=C(CC)CCCC,qm9_like_small_organic,13.961000000000002,7.356578421762188,1.722060423728216,low_confidence,0,1,runs/pqr_full_domain_moe_qm9_cycle/recompute_inputs/xyz/pqr_0906.xyz,runs/pqr_full_domain_moe_qm9_cycle/recompute_inputs/gaussian_gjf/pqr_0906.gjf,runs/pqr_full_domain_moe_qm9_cycle/recompute_inputs/orca_inp/pqr_0906.inp
pqr_0907,CC1(C)C[C@H]1C(=O)O,qm9_like_small_organic,14.647,7.601224142865691,1.3291753674363296,low_confidence,0,1,runs/pqr_full_domain_moe_qm9_cycle/recompute_inputs/xyz/pqr_0907.xyz,runs/pqr_full_domain_moe_qm9_cycle/recompute_inputs/gaussian_gjf/pqr_0907.gjf,runs/pqr_full_domain_moe_qm9_cycle/recompute_inputs/orca_inp/pqr_0907.inp
pqr_0908,O=C(O)C[C@@H]1CC12CC2,qm9_like_small_organic,11.893,7.581748151827577,1.053408743768868,low_confidence,0,1,runs/pqr_full_domain_moe_qm9_cycle/recompute_inputs/xyz/pqr_0908.xyz,runs/pqr_full_domain_moe_qm9_cycle/recompute_inputs/gaussian_gjf/pqr_0908.gjf,runs/pqr_full_domain_moe_qm9_cycle/recompute_inputs/orca_inp/pqr_0908.inp
pqr_0909,F/C=C/C(F)(F)F,qm9_like_small_organic,10.841,7.494378085270151,2.1933054082727494,low_confidence,0,1,runs/pqr_full_domain_moe_qm9_cycle/recompute_inputs/xyz/pqr_0909.xyz,runs/pqr_full_domain_moe_qm9_cycle/recompute_inputs/gaussian_gjf/pqr_0909.gjf,runs/pqr_full_domain_moe_qm9_cycle/recompute_inputs/orca_inp/pqr_0909.inp
pqr_0910,NCCN1CCNCC1,qm9_like_small_organic,14.438,8.541341143229225,1.92050754580435,low_confidence,0,1,runs/pqr_full_domain_moe_qm9_cycle/recompute_inputs/xyz/pqr_0910.xyz,runs/pqr_full_domain_moe_qm9_cycle/recompute_inputs/gaussian_gjf/pqr_0910.gjf,runs/pqr_full_domain_moe_qm9_cycle/recompute_inputs/orca_inp/pqr_0910.inp
pqr_0911,C1C[C@@H]2CN[C@H](C1)C2,qm9_like_small_organic,12.117,8.934145084742195,1.060380058023629,low_confidence,0,1,runs/pqr_full_domain_moe_qm9_cycle/recompute_inputs/xyz/pqr_0911.xyz,runs/pqr_full_domain_moe_qm9_cycle/recompute_inputs/gaussian_gjf/pqr_0911.gjf,runs/pqr_full_domain_moe_qm9_cycle/recompute_inputs/orca_inp/pqr_0911.inp
pqr_0912,C[C@@H](O)CNC[C@@H](C)O,qm9_like_small_organic,14.712,8.613600971813128,1.8676519351518976,low_confidence,0,1,runs/pqr_full_domain_moe_qm9_cycle/recompute_inputs/xyz/pqr_0912.xyz,runs/pqr_full_domain_moe_qm9_cycle/recompute_inputs/gaussian_gjf/pqr_0912.gjf,runs/pqr_full_domain_moe_qm9_cycle/recompute_inputs/orca_inp/pqr_0912.inp
pqr_0913,CC[C@H]1O[C@@H]1[C@H]1C[C@@H]1C,qm9_like_small_organic,15.467,8.901159055714999,2.9521789107115506,low_confidence,0,1,runs/pqr_full_domain_moe_qm9_cycle/recompute_inputs/xyz/pqr_0913.xyz,runs/pqr_full_domain_moe_qm9_cycle/recompute_inputs/gaussian_gjf/pqr_0913.gjf,runs/pqr_full_domain_moe_qm9_cycle/recompute_inputs/orca_inp/pqr_0913.inp
pqr_0914,NCCCNCCCN,qm9_like_small_organic,12.132,8.778440514788537,0.6563416805640419,low_confidence,0,1,runs/pqr_full_domain_moe_qm9_cycle/recompute_inputs/xyz/pqr_0914.xyz,runs/pqr_full_domain_moe_qm9_cycle/recompute_inputs/gaussian_gjf/pqr_0914.gjf,runs/pqr_full_domain_moe_qm9_cycle/recompute_inputs/orca_inp/pqr_0914.inp
pqr_0915,O=C(O)C1CC1,qm9_like_small_organic,14.816,7.642864315200811,1.6719140291973655,low_confidence,0,1,runs/pqr_full_domain_moe_qm9_cycle/recompute_inputs/xyz/pqr_0915.xyz,runs/pqr_full_domain_moe_qm9_cycle/recompute_inputs/gaussian_gjf/pqr_0915.gjf,runs/pqr_full_domain_moe_qm9_cycle/recompute_inputs/orca_inp/pqr_0915.inp
pqr_0916,CN(C)CCO,qm9_like_small_organic,14.449,8.859530528499398,1.929439410679075,low_confidence,0,1,runs/pqr_full_domain_moe_qm9_cycle/recompute_inputs/xyz/pqr_0916.xyz,runs/pqr_full_domain_moe_qm9_cycle/recompute_inputs/gaussian_gjf/pqr_0916.gjf,runs/pqr_full_domain_moe_qm9_cycle/recompute_inputs/orca_inp/pqr_0916.inp
pqr_0917,C[C@@H]1CC[C@@H]1NC1CC1,qm9_like_small_organic,14.254,8.82311719551178,1.0639198192965915,low_confidence,0,1,runs/pqr_full_domain_moe_qm9_cycle/recompute_inputs/xyz/pqr_0917.xyz,runs/pqr_full_domain_moe_qm9_cycle/recompute_inputs/gaussian_gjf/pqr_0917.gjf,runs/pqr_full_domain_moe_qm9_cycle/recompute_inputs/orca_inp/pqr_0917.inp
pqr_0918,C[C@@H](O)COC(C)(C)C,qm9_like_small_organic,14.94,8.730740836790936,2.733297129368559,low_confidence,0,1,runs/pqr_full_domain_moe_qm9_cycle/recompute_inputs/xyz/pqr_0918.xyz,runs/pqr_full_domain_moe_qm9_cycle/recompute_inputs/gaussian_gjf/pqr_0918.gjf,runs/pqr_full_domain_moe_qm9_cycle/recompute_inputs/orca_inp/pqr_0918.inp
pqr_0919,C#CCOC[C@H]1CO1,qm9_like_small_organic,11.127,7.873459109892684,1.0381428308863736,low_confidence,0,1,runs/pqr_full_domain_moe_qm9_cycle/recompute_inputs/xyz/pqr_0919.xyz,runs/pqr_full_domain_moe_qm9_cycle/recompute_inputs/gaussian_gjf/pqr_0919.gjf,runs/pqr_full_domain_moe_qm9_cycle/recompute_inputs/orca_inp/pqr_0919.inp
pqr_0920,CC(C)C[C@H](N)C(O)O,qm9_like_small_organic,15.181,8.65921267205306,1.9096264670931973,low_confidence,0,1,runs/pqr_full_domain_moe_qm9_cycle/recompute_inputs/xyz/pqr_0920.xyz,runs/pqr_full_domain_moe_qm9_cycle/recompute_inputs/gaussian_gjf/pqr_0920.gjf,runs/pqr_full_domain_moe_qm9_cycle/recompute_inputs/orca_inp/pqr_0920.inp
pqr_0921,C[C@@H]1C[C@@H]1[C@H]1OC1(C)C,qm9_like_small_organic,15.547,8.796655224870252,2.719468411578415,low_confidence,0,1,runs/pqr_full_domain_moe_qm9_cycle/recompute_inputs/xyz/pqr_0921.xyz,runs/pqr_full_domain_moe_qm9_cycle/recompute_inputs/gaussian_gjf/pqr_0921.gjf,runs/pqr_full_domain_moe_qm9_cycle/recompute_inputs/orca_inp/pqr_0921.inp
pqr_0922,CC(C)NN,qm9_like_small_organic,11.018999999999998,8.893736886171942,2.0023121863406654,low_confidence,0,1,runs/pqr_full_domain_moe_qm9_cycle/recompute_inputs/xyz/pqr_0922.xyz,runs/pqr_full_domain_moe_qm9_cycle/recompute_inputs/gaussian_gjf/pqr_0922.gjf,runs/pqr_full_domain_moe_qm9_cycle/recompute_inputs/orca_inp/pqr_0922.inp
pqr_0923,CN(C)CCCO,qm9_like_small_organic,11.343,8.801955785192163,1.3655608486554345,low_confidence,0,1,runs/pqr_full_domain_moe_qm9_cycle/recompute_inputs/xyz/pqr_0923.xyz,runs/pqr_full_domain_moe_qm9_cycle/recompute_inputs/gaussian_gjf/pqr_0923.gjf,runs/pqr_full_domain_moe_qm9_cycle/recompute_inputs/orca_inp/pqr_0923.inp
pqr_0924,O[C@H]1[C@H](O)COC[C@@H]1O,qm9_like_small_organic,11.628,8.410133529868604,1.3002675103595394,low_confidence,0,1,runs/pqr_full_domain_moe_qm9_cycle/recompute_inputs/xyz/pqr_0924.xyz,runs/pqr_full_domain_moe_qm9_cycle/recompute_inputs/gaussian_gjf/pqr_0924.gjf,runs/pqr_full_domain_moe_qm9_cycle/recompute_inputs/orca_inp/pqr_0924.inp
pqr_0925,C1C[C@H]2CC[C@@H]1N=N2,qm9_like_small_organic,10.114,8.236370643278445,2.8124130837660353,low_confidence,0,1,runs/pqr_full_domain_moe_qm9_cycle/recompute_inputs/xyz/pqr_0925.xyz,runs/pqr_full_domain_moe_qm9_cycle/recompute_inputs/gaussian_gjf/pqr_0925.gjf,runs/pqr_full_domain_moe_qm9_cycle/recompute_inputs/orca_inp/pqr_0925.inp
pqr_0926,CN(N=O)[C@@H]1CO1,qm9_like_small_organic,10.01,7.8792228306365395,2.7920889220769656,low_confidence,0,1,runs/pqr_full_domain_moe_qm9_cycle/recompute_inputs/xyz/pqr_0926.xyz,runs/pqr_full_domain_moe_qm9_cycle/recompute_inputs/gaussian_gjf/pqr_0926.gjf,runs/pqr_full_domain_moe_qm9_cycle/recompute_inputs/orca_inp/pqr_0926.inp
pqr_0927,N#CC#N,qm9_like_small_organic,15.739,7.744184321621961,2.803046509105883,low_confidence,0,1,runs/pqr_full_domain_moe_qm9_cycle/recompute_inputs/xyz/pqr_0927.xyz,runs/pqr_full_domain_moe_qm9_cycle/recompute_inputs/gaussian_gjf/pqr_0927.gjf,runs/pqr_full_domain_moe_qm9_cycle/recompute_inputs/orca_inp/pqr_0927.inp
pqr_0928,CCCN(C)C1(C)CC1,qm9_like_small_organic,14.354,8.855454355040884,1.2394992744960032,low_confidence,0,1,runs/pqr_full_domain_moe_qm9_cycle/recompute_inputs/xyz/pqr_0928.xyz,runs/pqr_full_domain_moe_qm9_cycle/recompute_inputs/gaussian_gjf/pqr_0928.gjf,runs/pqr_full_domain_moe_qm9_cycle/recompute_inputs/orca_inp/pqr_0928.inp
pqr_0929,CC[C@@H](C)[C@H]1OC1(C)C,qm9_like_small_organic,15.655,8.932896467959958,2.573857034950672,low_confidence,0,1,runs/pqr_full_domain_moe_qm9_cycle/recompute_inputs/xyz/pqr_0929.xyz,runs/pqr_full_domain_moe_qm9_cycle/recompute_inputs/gaussian_gjf/pqr_0929.gjf,runs/pqr_full_domain_moe_qm9_cycle/recompute_inputs/orca_inp/pqr_0929.inp
pqr_0930,CCC(C)(C)N(C)C,qm9_like_small_organic,14.578,8.991218462825422,1.0243057591880884,low_confidence,0,1,runs/pqr_full_domain_moe_qm9_cycle/recompute_inputs/xyz/pqr_0930.xyz,runs/pqr_full_domain_moe_qm9_cycle/recompute_inputs/gaussian_gjf/pqr_0930.gjf,runs/pqr_full_domain_moe_qm9_cycle/recompute_inputs/orca_inp/pqr_0930.inp
pqr_0931,CCC[C@H]1CCCCN1,qm9_like_small_organic,12.091,8.952964210078381,1.089606288414414,low_confidence,0,1,runs/pqr_full_domain_moe_qm9_cycle/recompute_inputs/xyz/pqr_0931.xyz,runs/pqr_full_domain_moe_qm9_cycle/recompute_inputs/gaussian_gjf/pqr_0931.gjf,runs/pqr_full_domain_moe_qm9_cycle/recompute_inputs/orca_inp/pqr_0931.inp
pqr_0932,CN[C@H]1C[C@H](C)C1,qm9_like_small_organic,15.117,8.976953031040297,2.073098436149742,low_confidence,0,1,runs/pqr_full_domain_moe_qm9_cycle/recompute_inputs/xyz/pqr_0932.xyz,runs/pqr_full_domain_moe_qm9_cycle/recompute_inputs/gaussian_gjf/pqr_0932.gjf,runs/pqr_full_domain_moe_qm9_cycle/recompute_inputs/orca_inp/pqr_0932.inp
pqr_0933,CN1CCCCC1,qm9_like_small_organic,11.756,9.002966752109124,1.0859122437711672,low_confidence,0,1,runs/pqr_full_domain_moe_qm9_cycle/recompute_inputs/xyz/pqr_0933.xyz,runs/pqr_full_domain_moe_qm9_cycle/recompute_inputs/gaussian_gjf/pqr_0933.gjf,runs/pqr_full_domain_moe_qm9_cycle/recompute_inputs/orca_inp/pqr_0933.inp
pqr_0934,CCC(C)CC,qm9_like_small_organic,18.014,10.4887084183307,1.2210055200410783,low_confidence,0,1,runs/pqr_full_domain_moe_qm9_cycle/recompute_inputs/xyz/pqr_0934.xyz,runs/pqr_full_domain_moe_qm9_cycle/recompute_inputs/gaussian_gjf/pqr_0934.gjf,runs/pqr_full_domain_moe_qm9_cycle/recompute_inputs/orca_inp/pqr_0934.inp
pqr_0935,C1CCC2(C1)CC2,qm9_like_small_organic,15.973,9.408446772375912,1.7551195675868048,low_confidence,0,1,runs/pqr_full_domain_moe_qm9_cycle/recompute_inputs/xyz/pqr_0935.xyz,runs/pqr_full_domain_moe_qm9_cycle/recompute_inputs/gaussian_gjf/pqr_0935.gjf,runs/pqr_full_domain_moe_qm9_cycle/recompute_inputs/orca_inp/pqr_0935.inp
pqr_0936,CC[C@H](C)CO,qm9_like_small_organic,16.361,9.274459096967552,2.0260769181290534,low_confidence,0,1,runs/pqr_full_domain_moe_qm9_cycle/recompute_inputs/xyz/pqr_0936.xyz,runs/pqr_full_domain_moe_qm9_cycle/recompute_inputs/gaussian_gjf/pqr_0936.gjf,runs/pqr_full_domain_moe_qm9_cycle/recompute_inputs/orca_inp/pqr_0936.inp
pqr_0937,CCCC(C)C,qm9_like_small_organic,18.099,10.564244403754934,1.1898263832596143,low_confidence,0,1,runs/pqr_full_domain_moe_qm9_cycle/recompute_inputs/xyz/pqr_0937.xyz,runs/pqr_full_domain_moe_qm9_cycle/recompute_inputs/gaussian_gjf/pqr_0937.gjf,runs/pqr_full_domain_moe_qm9_cycle/recompute_inputs/orca_inp/pqr_0937.inp
pqr_0938,CCCN[C@@H](C)CC,qm9_like_small_organic,15.034,9.039711811648672,1.550740964315441,low_confidence,0,1,runs/pqr_full_domain_moe_qm9_cycle/recompute_inputs/xyz/pqr_0938.xyz,runs/pqr_full_domain_moe_qm9_cycle/recompute_inputs/gaussian_gjf/pqr_0938.gjf,runs/pqr_full_domain_moe_qm9_cycle/recompute_inputs/orca_inp/pqr_0938.inp
pqr_0939,CC1(C)CC[C@H]1N,qm9_like_small_organic,15.723,9.01785290337846,2.1353992878719392,low_confidence,0,1,runs/pqr_full_domain_moe_qm9_cycle/recompute_inputs/xyz/pqr_0939.xyz,runs/pqr_full_domain_moe_qm9_cycle/recompute_inputs/gaussian_gjf/pqr_0939.gjf,runs/pqr_full_domain_moe_qm9_cycle/recompute_inputs/orca_inp/pqr_0939.inp
pqr_0940,CC1(C)OO1,qm9_like_small_organic,10.631,9.107861089045656,2.9520083158929857,low_confidence,0,1,runs/pqr_full_domain_moe_qm9_cycle/recompute_inputs/xyz/pqr_0940.xyz,runs/pqr_full_domain_moe_qm9_cycle/recompute_inputs/gaussian_gjf/pqr_0940.gjf,runs/pqr_full_domain_moe_qm9_cycle/recompute_inputs/orca_inp/pqr_0940.inp
pqr_0941,CC[C@@H](C)O,qm9_like_small_organic,16.489,9.250302625878744,2.4630214791688445,low_confidence,0,1,runs/pqr_full_domain_moe_qm9_cycle/recompute_inputs/xyz/pqr_0941.xyz,runs/pqr_full_domain_moe_qm9_cycle/recompute_inputs/gaussian_gjf/pqr_0941.gjf,runs/pqr_full_domain_moe_qm9_cycle/recompute_inputs/orca_inp/pqr_0941.inp
pqr_0942,CN[C@H]1CC[C@H]1C,qm9_like_small_organic,15.045,8.963264502713388,2.0080991289934964,low_confidence,0,1,runs/pqr_full_domain_moe_qm9_cycle/recompute_inputs/xyz/pqr_0942.xyz,runs/pqr_full_domain_moe_qm9_cycle/recompute_inputs/gaussian_gjf/pqr_0942.gjf,runs/pqr_full_domain_moe_qm9_cycle/recompute_inputs/orca_inp/pqr_0942.inp
pqr_0943,CCC[C@H](C)N,qm9_like_small_organic,15.994,9.262279775173702,2.2239298252977804,low_confidence,0,1,runs/pqr_full_domain_moe_qm9_cycle/recompute_inputs/xyz/pqr_0943.xyz,runs/pqr_full_domain_moe_qm9_cycle/recompute_inputs/gaussian_gjf/pqr_0943.gjf,runs/pqr_full_domain_moe_qm9_cycle/recompute_inputs/orca_inp/pqr_0943.inp
pqr_0944,C[C@H]1CC[C@@H]1C#N,qm9_like_small_organic,15.583,9.230073862009078,1.4683096288926354,low_confidence,0,1,runs/pqr_full_domain_moe_qm9_cycle/recompute_inputs/xyz/pqr_0944.xyz,runs/pqr_full_domain_moe_qm9_cycle/recompute_inputs/gaussian_gjf/pqr_0944.gjf,runs/pqr_full_domain_moe_qm9_cycle/recompute_inputs/orca_inp/pqr_0944.inp
pqr_0945,CCC(C)C,qm9_like_small_organic,18.38,10.596763395523045,2.423167098879631,low_confidence,0,1,runs/pqr_full_domain_moe_qm9_cycle/recompute_inputs/xyz/pqr_0945.xyz,runs/pqr_full_domain_moe_qm9_cycle/recompute_inputs/gaussian_gjf/pqr_0945.gjf,runs/pqr_full_domain_moe_qm9_cycle/recompute_inputs/orca_inp/pqr_0945.inp
pqr_0946,CC(C)CNC(C)C,qm9_like_small_organic,11.801,8.986069321572733,1.8661556502544825,low_confidence,0,1,runs/pqr_full_domain_moe_qm9_cycle/recompute_inputs/xyz/pqr_0946.xyz,runs/pqr_full_domain_moe_qm9_cycle/recompute_inputs/gaussian_gjf/pqr_0946.gjf,runs/pqr_full_domain_moe_qm9_cycle/recompute_inputs/orca_inp/pqr_0946.inp
pqr_0947,CCN(C)C(C)C,qm9_like_small_organic,14.634,9.112527140131569,1.3524133615205507,low_confidence,0,1,runs/pqr_full_domain_moe_qm9_cycle/recompute_inputs/xyz/pqr_0947.xyz,runs/pqr_full_domain_moe_qm9_cycle/recompute_inputs/gaussian_gjf/pqr_0947.gjf,runs/pqr_full_domain_moe_qm9_cycle/recompute_inputs/orca_inp/pqr_0947.inp
pqr_0948,CCCCCO,qm9_like_small_organic,13.151,9.284847906593376,1.0522067813197769,low_confidence,0,1,runs/pqr_full_domain_moe_qm9_cycle/recompute_inputs/xyz/pqr_0948.xyz,runs/pqr_full_domain_moe_qm9_cycle/recompute_inputs/gaussian_gjf/pqr_0948.gjf,runs/pqr_full_domain_moe_qm9_cycle/recompute_inputs/orca_inp/pqr_0948.inp
pqr_0949,NC1CCCC1,qm9_like_small_organic,15.747,9.220182910126615,2.5529974892049445,low_confidence,0,1,runs/pqr_full_domain_moe_qm9_cycle/recompute_inputs/xyz/pqr_0949.xyz,runs/pqr_full_domain_moe_qm9_cycle/recompute_inputs/gaussian_gjf/pqr_0949.gjf,runs/pqr_full_domain_moe_qm9_cycle/recompute_inputs/orca_inp/pqr_0949.inp
