smiles,series,gap,mol_weight,polarizability,heat_formation
CCNC(=O)CC,PQR–QM9 overlap,14.124,101.14694000000006,11.439431,-279.38814
CC(CCC(=O)N)C,PQR–QM9 overlap,14.693,115.17352000000004,13.148515,-319.31868
Nc1ncco1,PQR–QM9 overlap,12.362,84.07666000000002,8.15199,4.87052
CC(=O)NC(C)(C)C,PQR–QM9 overlap,14.205000000000002,115.17352000000008,13.176383,-320.47516
CCC(=O)OC1(C)CC1,PQR–QM9 overlap,11.256,128.16898000000006,14.100368,-361.5073
CCNC(=O)OC,PQR–QM9 overlap,10.553,103.11976000000004,10.244373,-413.63009
CCCCCCC(=O)N,PQR–QM9 overlap,14.691,129.20010000000005,15.007464,-339.35915
CCC(CC)(C)C,PQR–QM9 overlap,17.893,100.20194000000008,13.578948,-178.54148
CCCC(C)C,PQR–QM9 overlap,18.099,86.17536000000007,11.77093,-161.71928
CNc1ccccc1,PQR–QM9 overlap,8.694,107.15306000000004,13.781793,92.1022
Cc1ccno1,PQR–QM9 overlap,10.218,83.08860000000003,8.752546,47.52481
O=CN1CCCC1,PQR–QM9 overlap,13.656,99.13106000000003,11.040787,-186.08195
C1CCO1,PQR–QM9 overlap,11.764,58.07913999999999,6.3976939999999995,-106.17124
O=Cc1cccc(n1)C,PQR–QM9 overlap,9.201,121.13658000000004,13.789373,-4.63779
O=CNC=O,PQR–QM9 overlap,13.699,73.05072000000001,6.39761,-331.51954
O=CC(=O)C,PQR–QM9 overlap,12.249,72.06266000000002,6.72542,-268.38422
CCCCCC#N,PQR–QM9 overlap,15.782,97.15824000000006,12.040671,-6.61096
NC(=O)C1CC1,PQR–QM9 overlap,14.602,85.10448000000004,9.087477,-125.96598
CCN(C(=O)C)CC,PQR–QM9 overlap,13.804,115.17352000000008,13.347592,-286.24707
CC(=O)c1ccccn1,PQR–QM9 overlap,12.375,121.13658000000004,13.637124,-39.42972
CCCC(=O)CC(C)C,PQR–QM9 overlap,13.927,128.2120400000001,15.595733,-335.18548
OCCC=O,PQR–QM9 overlap,10.874,74.07854000000003,7.059206,-356.76212
CCCCCC(=O)N,PQR–QM9 overlap,11.694,115.17352000000008,13.159312,-318.09258
C#Cc1ccccc1N,PQR–QM9 overlap,8.242,117.14788000000004,15.30547,322.95254
OCCCCCO,PQR–QM9 overlap,13.415,104.14758000000003,11.140003,-467.40691
c1cnc2c(c1)[nH]nc2,PQR–QM9 overlap,8.696,119.12400000000002,13.273802,319.10148
COCCC(C)(C)C,PQR–QM9 overlap,11.995,116.20134000000007,14.257007,-307.24103
O=CC(C)C,PQR–QM9 overlap,10.753,72.10572000000005,8.299088,-213.15295
CCc1cccc(c1)N,PQR–QM9 overlap,8.824,121.17964000000006,15.545542,27.33462
Cc1ccc(c(n1)C)O,PQR–QM9 overlap,11.933,123.15246000000003,14.234699,-123.19994
CCCCCO,PQR–QM9 overlap,13.151,88.14818000000005,10.559516,-304.41366
CCCCC#CC,PQR–QM9 overlap,11.524,96.17018000000006,13.142542,86.51576
COC(=O)CC#N,PQR–QM9 overlap,11.896,99.08800000000002,9.242659,-246.31733
O=C1OCCOCC1,PQR–QM9 overlap,14.494,116.11522000000004,11.034645,-521.86706
CCC(CC)CC,PQR–QM9 overlap,17.895,100.20194000000008,13.579877,-174.98603
CCOC1CCCC1,PQR–QM9 overlap,11.98,114.18546000000008,13.771961,-272.63389
CC(OC(C)(C)C)(C)C,PQR–QM9 overlap,15.273,130.22792000000007,16.073784,-370.42609
CCC(CC)O,PQR–QM9 overlap,16.487000000000002,88.14818000000001,10.540065,-312.49854
O1CC=CC1,PQR–QM9 overlap,9.831,70.08984000000004,7.931163,-87.30625
O=C1COC(OC1)(C)C,PQR–QM9 overlap,9.974,130.14180000000002,12.807047,-555.81537
COc1cccc(c1)O,PQR–QM9 overlap,8.856,124.13722000000004,13.769165,-264.63035
COCCO,PQR–QM9 overlap,12.028,76.09442000000003,7.359229,-185.75766
CCCNC(=O)C1CC1,PQR–QM9 overlap,13.812,127.18422000000004,14.716668,-175.61141
CC1=CCCC1,PQR–QM9 overlap,10.223,82.14360000000005,11.071827,-19.96983
CCC,PQR–QM9 overlap,15.393,44.09561999999998,6.300604,-96.59672
Cc1cc(C)cc(c1)C,PQR–QM9 overlap,9.409,120.19158000000006,16.082956,-27.16689
N#CC1CC1,PQR–QM9 overlap,15.541,67.08920000000002,7.98655,184.40308
O=COCC(C)C,PQR–QM9 overlap,11.358,102.13170000000004,10.906005,-399.59466
CN(C(=O)N(C)C)C,PQR–QM9 overlap,13.443,116.16158000000006,12.721248,-206.17522
c1ccc2c(c1)non2,PQR–QM9 overlap,11.367,120.10876000000002,12.870931,316.68551
CC(OC1CCC1)C,PQR–QM9 overlap,11.995,114.18546000000006,13.793804,-230.32942
O=C(C(C)(C)C)C1CC1,PQR–QM9 overlap,13.588,126.19616000000006,15.197217,-189.05601
CCNC(=O)C1CCC1,PQR–QM9 overlap,14.058,127.18422000000004,14.571665,-217.47459
Cc1c(CO)nc[nH]1,PQR–QM9 overlap,12.745,112.12982000000004,11.818118,-101.96679
OCc1ccc(cc1)N,PQR–QM9 overlap,8.718,123.15246000000003,14.416571,-109.89557
CC#CCC(C)(C)C,PQR–QM9 overlap,11.509,110.19676000000008,14.907495,57.50265
Nc1c(C)cccc1N,PQR–QM9 overlap,11.497,122.16770000000004,15.002995,61.85797
Nc1ccc(c(c1)F)F,PQR–QM9 overlap,8.17,129.1074064,12.038851,-294.33314
CC(=O)CC(C)(C)C,PQR–QM9 overlap,13.975,114.18546000000008,13.712825,-318.0325
CCCOC(=O)C(C)C,PQR–QM9 overlap,11.511,130.18486,14.536427,-499.81264
CC(C(=O)OC1CC1)C,PQR–QM9 overlap,11.3,128.16898000000003,14.132766,-348.95839
OCCNC=O,PQR–QM9 overlap,13.973,89.09318000000003,8.333064,-373.49309
CCC(=O)CC(C)(C)C,PQR–QM9 overlap,13.896,128.2120400000001,15.550135,-334.45277
c1ccc2c(c1)[nH]nc2,PQR–QM9 overlap,8.298,118.13594000000002,14.021356,263.8817
OC(C(C)C)C(C)C,PQR–QM9 overlap,13.287,116.20134000000007,14.164334,-353.08177
CC1(C)CCC(O1)(C)C,PQR–QM9 overlap,12.273,128.2120400000001,15.495897,-348.19483
CCCCCCCO,PQR–QM9 overlap,13.38,116.20134000000007,14.233462,-340.15221
CCCC(C(=O)N)(C)C,PQR–QM9 overlap,14.635,129.20010000000002,14.618567,-193.95048
N#CC(C#N)(C)C,PQR–QM9 overlap,13.291,94.11454000000003,10.408571,188.9723
CC(=O)C1(C)CCC1,PQR–QM9 overlap,13.847,112.16958000000008,13.243616,-212.25871
CCCO,PQR–QM9 overlap,16.394,60.095019999999984,6.8930810000000005,-255.66655
CC1CCC1,PQR–QM9 overlap,17.61,70.13290000000002,9.434538,-36.6684
COC(=O)CC(=O)OC,PQR–QM9 overlap,11.833,132.11461999999997,11.71884,-725.71775
CCCC(O)(C)C,PQR–QM9 overlap,13.217,102.17476000000006,12.027888,-205.53561
CC(C1CCCC1)(C)C,PQR–QM9 overlap,17.366,126.23922000000007,16.661317,-168.91473
CCOC(=O)CN(C)C,PQR–QM9 overlap,10.287,131.17292,13.924136,-399.48008
O=C1CCCC1,PQR–QM9 overlap,11.065,84.11642000000003,9.645889,-224.41532
CCC(CC)(CC)CC,PQR–QM9 overlap,17.725,128.25510000000008,17.22393,-210.19595
COc1ccc(cc1)N,PQR–QM9 overlap,8.081999999999999,123.15246000000003,14.574133,-65.71108
CCOCc1ccco1,PQR–QM9 overlap,9.391,126.15310000000004,13.921933,-222.80381
COC(=O)C(C)C,PQR–QM9 overlap,11.489,102.13170000000004,10.8184,-446.70776
O=C(C1CC1)C1CC1,PQR–QM9 overlap,13.651,110.15370000000006,13.003173,-17.97607
CCCCCCCCC,PQR–QM9 overlap,14.821000000000002,128.25510000000008,17.301329,-224.50439
Oc1cccnc1N,PQR–QM9 overlap,8.848,110.11394000000004,11.688682,-47.93071
CCCCC(=O)N(C)C,PQR–QM9 overlap,13.661,129.20010000000005,15.173187,-290.89664
Cn1cncc1C=O,PQR–QM9 overlap,12.274,110.11394000000004,11.671547,20.01695
N#Cc1cccc(c1)C,PQR–QM9 overlap,12.258,117.14788000000004,14.6843,182.7111
CCNC(=O)CC(C)C,PQR–QM9 overlap,14.155,129.20010000000005,15.086031,-328.96574
CCOCC(C)(C)C,PQR–QM9 overlap,11.942,116.20134000000007,14.267496,-316.98128
CC(OC1(C)CCC1)C,PQR–QM9 overlap,11.975,128.2120400000001,15.588573,-266.50818
CCCC(=O)C1CC1,PQR–QM9 overlap,13.788,112.16958000000004,13.398239,-164.82131
CC1(CC1)OC1CCC1,PQR–QM9 overlap,11.795,126.19616000000006,15.231222,-108.1499
CC(CC(O)(C)C)(C)C,PQR–QM9 overlap,16.505,130.22792000000007,15.955466,-387.23931
NC(=O)OCCO,PQR–QM9 overlap,14.538,105.09258000000004,8.946524,-573.90911
O=Cc1ccccc1C,PQR–QM9 overlap,12.22,120.14852000000003,14.486618,-65.11355
N#CCCCCC#N,PQR–QM9 overlap,13.151,108.14112000000004,12.284882,150.87009
O=C1CCCCCCO1,PQR–QM9 overlap,14.557,128.16898000000006,14.043982,-396.22246
CCCCOC(=O)CC,PQR–QM9 overlap,14.93,130.18486000000004,14.565601,-497.59626
Cc1cccc(c1)F,PQR–QM9 overlap,9.649,110.12888320000005,12.340656,-144.98874
OCc1ccc(cc1)O,PQR–QM9 overlap,9.188,124.13722000000004,13.638855,-289.76089
CNC(=O)C1CC1,PQR–QM9 overlap,13.868,99.13106000000003,11.008177,-126.148
OCCCCCC(C)C,PQR–QM9 overlap,13.080000000000002,130.22792000000007,16.045665,-362.74206
O=C1NCC(=O)NC1,PQR–QM9 overlap,10.732,114.10264000000002,10.655565,-329.51411
C1CC(C1)OC1CCC1,PQR–QM9 overlap,11.94,126.19616000000006,15.119417,-140.65447
CC(CC(C)C)C,PQR–QM9 overlap,18.029,100.20194000000008,13.580465,-184.91747
CCC1(CCC1)C(C)C,PQR–QM9 overlap,13.717,126.2392,16.1919,-107.90776
C1CC=CC1=O,PQR–QM9 overlap,12.935,82.10054000000002,9.483647,-102.61649
COC(C)(C)C,PQR–QM9 overlap,12.096,88.14818000000005,10.590388,-285.38262
C1N=CNC1=O,PQR–QM9 overlap,9.962,84.07666000000002,8.084129,-70.42245
O=COCC(F)(F)F,PQR–QM9 overlap,15.0,128.04992959999998,7.28993,-1012.0377
COCCOCC,PQR–QM9 overlap,14.771,104.14758000000002,11.329883,-383.89294
CCCCCC(=O)C,PQR–QM9 overlap,14.059,114.18546000000003,13.80134,-313.72739
Nc1ccc(cc1)N,PQR–QM9 overlap,11.034,108.14112000000004,13.36591,93.30125
COC(=O)C1CCC1,PQR–QM9 overlap,11.455,114.14240000000004,12.140373,-357.55598
CCC(=O)CCC(C)C,PQR–QM9 overlap,13.97,128.2120400000001,15.612136,-331.40049
Nc1ccccc1O,PQR–QM9 overlap,11.438,109.12588000000004,12.547601,-87.49128
C1NC(=O)C=C1,PQR–QM9 overlap,9.349,83.08860000000003,8.825422,-73.76876
C#CC(O)(C)C,PQR–QM9 overlap,11.629,84.11642000000005,9.824871,-26.10194
Fc1ccc(c(c1)F)N,PQR–QM9 overlap,8.079,129.1074064,12.05178,-290.50443
CC1(CC1)OC1CC1,PQR–QM9 overlap,11.665,112.16958000000008,13.530486,-37.64576
CNC(=O)C1CCCC1,PQR–QM9 overlap,14.106000000000002,127.18422000000004,14.536813,-262.15542
O=c1n(C)ccn1C,PQR–QM9 overlap,12.117,112.12982000000004,12.047046,-93.45593
CCCCC#C,PQR–QM9 overlap,12.295,82.14359999999999,11.083269,131.50683
O=C1CCCCCC1,PQR–QM9 overlap,10.938,112.16958000000004,13.336358,-259.78163
CCCC(CCC)C,PQR–QM9 overlap,17.775,114.22852000000007,15.39628,-192.33155
CC1=CC(=O)CC1,PQR–QM9 overlap,12.947,96.12712,11.445548,-150.10571
Oc1ccc(=O)[nH]c1,PQR–QM9 overlap,11.023,112.10664,0.0,-248.73933
COc1ccc(cc1)C,PQR–QM9 overlap,8.937,122.16440000000006,14.989802,-108.8392
C1=CC=CC=CC1,PQR–QM9 overlap,9.099,92.13842000000004,12.32567,161.32177
N#CCCCC(C)C,PQR–QM9 overlap,15.745,111.18482000000006,13.855245,-29.30798
N#Cc1ccccc1O,PQR–QM9 overlap,8.91,119.12070000000004,13.483516,39.08078
O=C1CCCCCCN1,PQR–QM9 overlap,11.089,127.18422000000008,14.582983,-267.44065
CC(C(=O)C1CC1)C,PQR–QM9 overlap,13.649,112.16958000000004,13.375874,-164.36221
Fc1cccc(c1O)F,PQR–QM9 overlap,8.795,130.09216639999997,11.259606,-460.73368
N#CCN1CCCCC1,PQR–QM9 overlap,10.447,124.18358000000006,14.666597,95.83793
Oc1ccc(c(c1)C)O,PQR–QM9 overlap,8.552000000000001,124.13722000000004,13.749953,-310.60019
COC(=O)C(C)(C)C,PQR–QM9 overlap,11.412,116.15828000000003,12.626804,-470.62832
O=CNC1(C)CCC1,PQR–QM9 overlap,10.55,113.15764000000004,12.45845,-105.94914
OCCCCC=O,PQR–QM9 overlap,13.859,102.13170000000004,10.716629,-395.86091
CCCCNC(=O)N,PQR–QM9 overlap,14.312,116.16158000000006,12.566017,-286.45178
C#CCCCC(C)C,PQR–QM9 overlap,11.99,110.19676000000008,14.743583,87.59269
CC(=O)OC1(C)CCC1,PQR–QM9 overlap,11.479,128.16898000000006,13.950406,-419.29403
COC(=O)C1(C)CC1,PQR–QM9 overlap,14.608,114.14240000000004,12.25779,-321.58977
CCC(=O)C1CCCC1,PQR–QM9 overlap,13.868,126.19616000000008,15.082399,-275.97221
CCC(=O)C1(C)CCC1,PQR–QM9 overlap,13.764,126.19616000000008,15.075931,-229.35057
CNC(=O)N(C)C,PQR–QM9 overlap,10.523,102.13500000000003,10.863146,-210.38089
OCc1ccccc1O,PQR–QM9 overlap,9.203,124.13722000000004,13.588326,-274.32498
CC(C)(C)C,PQR–QM9 overlap,15.369,72.14878000000003,9.92193,-148.64815
OCCCC#C,PQR–QM9 overlap,15.183,84.11642000000005,9.841518,-10.35238
CCN(C(=O)NC)CC,PQR–QM9 overlap,13.757,130.18816000000004,14.534573,-264.72983
CC(=O)C,PQR–QM9 overlap,10.855,58.07913999999999,6.479556,-232.08612
O=Cc1ccccn1,PQR–QM9 overlap,12.346,107.11000000000004,11.802608,17.77031
CCCC#CC#CCC,PQR–QM9 overlap,10.079,120.19158000000006,17.255824,314.67282
c1ccno1,PQR–QM9 overlap,13.473,69.06202000000002,6.818446,94.95691
CC1=CCCCC1,PQR–QM9 overlap,10.292,96.17018000000006,12.942299,-55.32352
CCC(C)(C)C,PQR–QM9 overlap,18.112,86.17536000000007,11.454212,-44.694
Cc1ccon1,PQR–QM9 overlap,13.497,83.0886,8.62953,55.33687
N#CCC#N,PQR–QM9 overlap,13.001,66.0614,6.31712,241.20963
OCCC(=O)C=O,PQR–QM9 overlap,12.534,102.0886,9.17757,-470.27493
N#Cc1ccc(cc1)O,PQR–QM9 overlap,8.987,119.12070000000004,13.57969,33.11657
CCC(=O)OC1CCC1,PQR–QM9 overlap,11.585,128.16898000000006,14.040519,-399.38357
O=c1ccocc1,PQR–QM9 overlap,12.667000000000002,97.092,0.0,-181.21257
COC(=O)C(=O)C,PQR–QM9 overlap,13.3,102.08864000000004,9.35057,-508.64944
Nc1cccc(c1)O,PQR–QM9 overlap,8.886,109.12588000000004,12.495932,-106.40879
CCCCOC,PQR–QM9 overlap,12.009,88.14818000000001,10.639161,-259.503
CCCC(C)(C)C,PQR–QM9 overlap,18.029,100.20194000000008,13.572471,-185.77079
CCC1(C)CC1,PQR–QM9 overlap,16.055,84.15948000000006,11.362936,-24.46728
CN1CCN(C1=O)C,PQR–QM9 overlap,13.869,114.14570000000003,12.255258,-174.88431
O=CNC1CCCC1,PQR–QM9 overlap,10.563,113.15764000000004,12.48574,-145.06847
c1ccncn1,PQR–QM9 overlap,12.669,80.08796000000002,8.828417,168.21149
Cc1ccc(c(c1)C)N,PQR–QM9 overlap,11.593,121.17964000000003,15.650622,17.2975
O=CNC1CC1,PQR–QM9 overlap,10.449,85.10448000000002,8.944601,-2.69597
Nc1ccc(c(c1)O)C,PQR–QM9 overlap,8.716999999999999,123.15246000000003,14.427976,-139.37502
CCOC(=O)C=O,PQR–QM9 overlap,12.706,102.08864000000004,9.337039,-472.79872
CC(CC(O)(C)C)(O)C,PQR–QM9 overlap,13.159,132.20074000000002,14.723775,-561.63243
CCCCCOC,PQR–QM9 overlap,12.004,102.17476000000008,12.47676,-280.73425
O=C1CCC(=O)CC1,PQR–QM9 overlap,10.582,112.12652000000004,11.757393,-372.26525
CC(CC(=O)C1CC1)C,PQR–QM9 overlap,13.769,126.19616000000006,15.19441,-188.19801
FC(c1[nH]cnc1)(F)F,PQR–QM9 overlap,12.908,136.07522959999997,9.46656,-518.31943
NCC#N,PQR–QM9 overlap,14.18,56.06656,5.8064,132.71879
NC(=O)c1cccnc1,PQR–QM9 overlap,12.629,122.12464000000004,12.99156,-44.7469
CCC(=O)CC(=O)CC,PQR–QM9 overlap,13.671,128.16898000000003,13.982006,-435.57826
NC(=O)CC#N,PQR–QM9 overlap,14.587,84.07666000000002,7.915188,-78.21487
Cc1ccc(c(c1)N)N,PQR–QM9 overlap,8.392,122.16770000000004,15.083792,57.58933
CCCC(=O)NCC,PQR–QM9 overlap,14.119,115.17352000000004,13.279358,-302.15938
C1CCCOC1,PQR–QM9 overlap,12.37,86.13230000000006,10.110904,-234.31525
COc1nc(N)ccn1,PQR–QM9 overlap,9.244,125.12858000000004,12.924777,-22.80982
CCCCCOC=O,PQR–QM9 overlap,14.891000000000002,116.15828000000003,12.703308,-446.63638
C#CC1=CCCCC1,PQR–QM9 overlap,9.643,106.16500000000003,14.399084,217.1576
CC(C#CC(C)(C)C)C,PQR–QM9 overlap,14.811,124.22334000000008,16.822295,38.4172
CC(O)(C)C,PQR–QM9 overlap,16.636,74.12160000000006,8.688971,-312.71848
CCCCOC(=O)C,PQR–QM9 overlap,14.995,116.15828000000006,12.716887,-479.19106
OCC#CCO,PQR–QM9 overlap,11.404,86.08924000000002,8.832228,-157.47239
CC(=O)N,PQR–QM9 overlap,11.388,59.06719999999999,5.841368,-236.63336
CCOc1ccccc1,PQR–QM9 overlap,9.143,122.16440000000004,14.976738,-102.19414
C#CC1(C)CC1,PQR–QM9 overlap,11.168,80.12772000000004,10.75904,270.17092
C1CCCCCC1,PQR–QM9 overlap,14.962,98.18606000000004,13.107152,-116.66374
N#CC1(C)CC1,PQR–QM9 overlap,15.154,81.11578000000003,9.826756,155.7643
CCCCCOCCC,PQR–QM9 overlap,11.924,130.2279,0.0,-331.74244
CCCC(=O)N,PQR–QM9 overlap,14.69,87.12036000000005,9.498226,-275.64791
C1CC=CCC=CC1,PQR–QM9 overlap,10.509,108.18088000000006,14.34219,56.03852
CNC(=O)C1(C)CC1,PQR–QM9 overlap,14.04,113.15764000000004,12.835364,-154.43071
Cn1cnc(n1)N(=O)=O,PQR–QM9 overlap,12.978,128.08946,10.992981,255.45736
O=CC1(C)CC1,PQR–QM9 overlap,13.625,84.11642000000003,9.794338,-91.17953
Nc1ccc(c(c1)C)C,PQR–QM9 overlap,11.661,121.17964000000006,15.646401,13.13663
CCC(=O)C1CCC1,PQR–QM9 overlap,13.851,112.16958000000008,13.260512,-202.17152
CCC1(CC)CCCC1,PQR–QM9 overlap,14.509,126.23922000000007,16.688582,-167.67483
CC(CCCC(=O)C)C,PQR–QM9 overlap,14.058,128.2120400000001,15.610421,-336.33683
c1cnnnn1,PQR–QM9 overlap,12.144,82.06408,7.408977,402.09591
CC(CC1CCCC1)C,PQR–QM9 overlap,17.603,126.23922000000007,16.685091,-173.06946
CCC#CCC,PQR–QM9 overlap,11.422,82.14360000000005,11.284604,110.4397
OCC1=CCCC1=O,PQR–QM9 overlap,12.901,112.12652000000004,11.960892,-295.56521
CC1(O)CCC1,PQR–QM9 overlap,16.461,86.13230000000004,10.027165,-224.51976
OCCOCC=O,PQR–QM9 overlap,13.862,104.10452000000004,9.613679,-498.20697
OCc1ccc(o1)CO,PQR–QM9 overlap,9.516,128.12592000000004,12.709802,-416.84494
COc1ccccc1C,PQR–QM9 overlap,9.08,122.16440000000006,14.950506,-107.9533
O=CCc1ccccc1,PQR–QM9 overlap,9.76,120.14852000000003,14.271178,-48.38911
N#CCCC(C)C,PQR–QM9 overlap,15.951,97.15824000000003,12.02808,-8.22024
CCC(C(C)C)CC,PQR–QM9 overlap,17.768,114.22852000000007,15.393276,-194.47364
CCCCOCCCC,PQR–QM9 overlap,11.916,130.22792000000004,16.189174,-331.04617
CC(=O)NC1CC1,PQR–QM9 overlap,13.748,99.13106000000003,11.147118,-142.73164
OCCC(C)(C)C,PQR–QM9 overlap,13.113,102.17476000000008,12.348333,-330.99712
CN(C(=O)C1CC1)C,PQR–QM9 overlap,13.419,113.15764000000004,12.934119,-122.53191
c1ccc2n(c1)ncc2,PQR–QM9 overlap,11.251,119.14388,0.0,296.16472
O=c1ccccn1C,PQR–QM9 overlap,11.58,110.13382,0.0,-90.24732
COC(=O)CC(C)(C)C,PQR–QM9 overlap,14.847,130.18486,14.425743,-494.63025
OCCn1cccn1,PQR–QM9 overlap,13.204,112.12982000000004,11.820616,-0.8525100000000001
COC1(C)CCC1,PQR–QM9 overlap,12.018,100.15888000000008,11.920959,-201.17449
Oc1c(O)cccc1F,PQR–QM9 overlap,11.949,128.1011032,11.878219,-456.92968
CCC(=O)CC(C)C,PQR–QM9 overlap,13.962,114.18546000000008,13.765367,-310.87537
O=CNc1ccccc1,PQR–QM9 overlap,11.938,121.13658000000004,13.980337,-61.07804
CC#CC(CC)(C)C,PQR–QM9 overlap,11.574000000000002,110.19676000000008,14.968739,65.20898
O=CCCC(C)(C)C,PQR–QM9 overlap,13.874,114.18546000000006,13.789758,-281.20869
CCCCCOC1CC1,PQR–QM9 overlap,11.75,128.21204000000006,15.77814,-187.79355
CCOC(=O)C#CC,PQR–QM9 overlap,13.977,112.12652000000004,12.374244,-178.0419
CC(OC1(C)CC1)(C)C,PQR–QM9 overlap,15.059,128.21204000000006,15.705194,-224.10784
CCC(=O)CC,PQR–QM9 overlap,13.981,86.13230000000004,10.140193,-264.8626
CCCCCOC(C)C,PQR–QM9 overlap,11.971,130.22792000000004,16.161292,-345.00811
Cc1c[nH]cc1,PQR–QM9 overlap,9.572,81.11578000000003,10.033252,73.82183
O=CN1CCCCC1,PQR–QM9 overlap,13.532,113.15764000000006,12.876089,-219.48073
O=N(=O)c1ccncc1,PQR–QM9 overlap,9.345,124.09746,11.838279,129.31603
NC(=O)N1CC1,PQR–QM9 overlap,10.838,86.09254000000003,8.494198,-53.38903
CCCC(=O)OC(C)C,PQR–QM9 overlap,11.63,130.18486,14.5233,-514.04155
CC(CCC(=O)C)C,PQR–QM9 overlap,14.056,114.18546000000008,13.780268,-315.15034
OC1CCCCCCC1,PQR–QM9 overlap,13.282,128.2120400000001,15.516363,-301.79573
Cc1onc(c1)C,PQR–QM9 overlap,13.236,97.11518000000004,10.653088,8.03619
CCCOC(C)(C)C,PQR–QM9 overlap,11.993,116.20134000000007,14.286488,-337.58415
CCCC(NC=O)(C)C,PQR–QM9 overlap,10.687,129.20010000000005,14.771141,-228.68794
O=CC(C)(C)C,PQR–QM9 overlap,10.384,86.13230000000003,10.112611,-237.32852
Nc1n[nH]c(n1)C,PQR–QM9 overlap,12.29,98.10654000000002,9.901824,185.0038
o1cnnc1,PQR–QM9 overlap,13.63,70.05008000000001,6.073161,72.04558
Nc1noc(c1)C,PQR–QM9 overlap,12.453,98.10324000000004,10.064878,53.22154
CCOC(=O)CC,PQR–QM9 overlap,14.951,102.13170000000004,10.870457,-455.52483
CCCCC(C)(C)C,PQR–QM9 overlap,17.797,114.22852000000007,15.403589,-195.77471
CCCC1=CCCC1,PQR–QM9 overlap,10.491,110.19676000000008,14.714121,-59.84502
CCNC(=O)C1(C)CC1,PQR–QM9 overlap,14.05,127.18422000000004,14.686651,-184.23506
CCOC(=O)C#C,PQR–QM9 overlap,10.715,98.09994000000005,10.273348,-100.69983
Cc1noc(c1)N,PQR–QM9 overlap,12.457999999999998,98.10324000000004,10.073913,48.54586
CC#CC(C)(C)C,PQR–QM9 overlap,11.624,96.17018000000006,13.107988,80.52156
C1CCC2(CC1)CC2,PQR–QM9 overlap,15.93,110.19676000000008,14.552115,-25.41505
CC1(C)CCC=C1,PQR–QM9 overlap,10.511,96.17018000000006,12.813104,-30.11213
CCC1CC1,PQR–QM9 overlap,13.079999999999998,70.13290000000002,9.545545,2.42282
COCC(CC)(C)C,PQR–QM9 overlap,11.99,116.20134000000007,14.253164,-301.37245
NC(=O)C(=O)C,PQR–QM9 overlap,12.832,87.07730000000002,7.927824,-354.6846
CCOCC(CC)(C)C,PQR–QM9 overlap,11.933,130.22792000000007,16.109141,-331.22745
CC(c1ccncc1)C,PQR–QM9 overlap,10.009,121.17964000000006,15.153671,47.54466
CCCC(OCC)(C)C,PQR–QM9 overlap,11.998,130.22792000000007,15.758158,-209.49082
CCOC1(C)CC1,PQR–QM9 overlap,11.792000000000002,100.15888000000008,12.071805,-160.45706
O=N(=O)c1ccc[nH]1,PQR–QM9 overlap,12.14,112.08676,10.55776,94.61421
C1Oc2c(O1)cccc2,PQR–QM9 overlap,8.572999999999999,122.12134000000005,13.134153,-161.8662
Nc1ccccc1F,PQR–QM9 overlap,8.64,111.1169,12.21895,-98.4294
O=N(=O)c1ccco1,PQR–QM9 overlap,12.203,113.07152,9.970563,-14.1907
CCC#N,PQR–QM9 overlap,13.495,55.07849999999999,6.503759,56.98099
O=C1CCCC=C1,PQR–QM9 overlap,9.794,96.12712000000003,11.376505,-140.80538
C[C@@H]1CC=CC1,PQR–QM9 overlap,10.446,82.14360000000005,10.978155,-3.24881
CCCCCCC=O,PQR–QM9 overlap,13.865,114.18546000000006,13.783066,-273.83097
CC(=O)N(C)C,PQR–QM9 overlap,10.349,87.12036000000005,9.670726,-230.47082
O=Cc1ccc(cc1)C,PQR–QM9 overlap,9.223,120.14852000000003,14.563919,-68.76443
O=Cc1ccccc1N,PQR–QM9 overlap,11.15,121.13658000000004,14.083996,-56.01367
Cc1c(C)cccc1C,PQR–QM9 overlap,9.351,120.19158000000006,16.058278,-16.41707
C1CC2(C1)CC2,PQR–QM9 overlap,16.13,82.14360000000005,10.852568,86.74931
O=CNC1(C)CC1,PQR–QM9 overlap,10.397,99.13106000000003,10.765851,-35.77603
CCCNC(=O)C(C)C,PQR–QM9 overlap,14.117,129.20010000000005,15.10558,-326.12984
O=C(C1CC1)C1CCC1,PQR–QM9 overlap,10.643,124.18028000000004,14.677519,-77.20497
c1ccc2c(c1)noc2,PQR–QM9 overlap,8.135000000000002,119.12070000000004,13.656987,203.83679
COC(=O)c1cn[nH]n1,PQR–QM9 overlap,9.942,127.1014,11.383768,-62.86604
CCC(=O)OCC(C)C,PQR–QM9 overlap,11.624,130.18486000000004,14.536913,-500.27316
c1cnc2c(c1)[nH]cn2,PQR–QM9 overlap,8.895000000000001,119.12400000000002,13.289312,281.69324
C#CC1CCC1,PQR–QM9 overlap,11.767,80.12772000000004,10.601506,236.46463
Cn1cc(nc1)CC=O,PQR–QM9 overlap,12.762999999999998,124.14052000000004,13.379423,-19.93306
CC1(C)CCOCO1,PQR–QM9 overlap,12.167,116.15828000000006,12.54767,-429.89119
CC1CCCC1,PQR–QM9 overlap,14.484,84.15948000000006,11.244641,-110.37339
COC1CCC1,PQR–QM9 overlap,12.019,86.13230000000006,10.110347,-164.7237
O=CCCCC(C)C,PQR–QM9 overlap,10.582,114.18546000000006,13.814136,-278.17086
CC1(C)OC1,PQR–QM9 overlap,15.752,72.10572000000005,8.34031,-122.00831
O=COc1ccccc1,PQR–QM9 overlap,9.465,122.12134000000002,13.484445,-192.23327
Nc1ccccc1N,PQR–QM9 overlap,8.440000000000001,108.14112000000004,13.14611,97.06942
CCC(=O)CO,PQR–QM9 overlap,13.887,88.10512000000004,8.937907,-375.05389
N#CC1CCC1,PQR–QM9 overlap,12.534,81.11578,9.6925,120.46936
CNC(=O)CC(C)C,PQR–QM9 overlap,14.158,115.17352000000004,13.230857,-299.11498
OCc1cc(F)cnc1,PQR–QM9 overlap,12.509999999999998,127.11634320000005,12.222991,-253.00892
Oc1ccc(c(c1)O)O,PQR–QM9 overlap,11.555,126.11004000000004,12.561243,-455.34516
CCN1C(=O)CCC1=O,PQR–QM9 overlap,10.218,127.14116000000006,13.19089,-411.89205
COC1CCCCC1,PQR–QM9 overlap,11.921,114.18546000000008,13.799044,-273.45832
Oc1cccc(c1)O,PQR–QM9 overlap,9.096,110.11064000000002,11.79447,-285.75262
CC#Cc1ccccc1,PQR–QM9 overlap,8.708,116.15982000000004,16.054673,284.05658
CCC(=O)N(CC)C,PQR–QM9 overlap,13.675,115.17352000000008,13.314802,-276.39388
CCC(CC)(CC)C,PQR–QM9 overlap,17.616999999999997,114.22852000000007,15.408408,-185.62996
n1cnc2c(c1)n[nH]n2,PQR–QM9 overlap,10.875,121.10012000000002,11.766085,476.13426
Cn1ccnc1C,PQR–QM9 overlap,12.895,96.13042000000004,11.239564,96.55063
CCOC1CCCCC1,PQR–QM9 overlap,11.86,128.2120400000001,15.664888,-302.8689
CC(COC(=O)C)C,PQR–QM9 overlap,14.753,116.15828000000006,12.773286,-450.96322
CC(=O)NC(=O)N,PQR–QM9 overlap,11.207,102.09194000000002,9.149272,-393.47996
NC(=O)CCC(C)(C)C,PQR–QM9 overlap,14.699,129.20010000000005,14.940176,-344.30112
CCCCOC1(C)CC1,PQR–QM9 overlap,11.772,128.21204000000006,15.752041,-202.89189
Fc1ccccc1F,PQR–QM9 overlap,9.326,114.09276640000002,10.497233,-286.66813
CCCCOC(C)C,PQR–QM9 overlap,11.971,116.20134000000007,14.32207,-323.67982
C1C[C@@H]2CC[C@H]1CC2,PQR–QM9 overlap,17.396,110.19676000000008,14.402921,-97.27859
C1CCCCCCCC1,PQR–QM9 overlap,14.951,126.23922000000005,16.739085,-146.20166
COCc1ccccc1,PQR–QM9 overlap,9.502,122.16440000000006,14.864196,-74.12201
COC(=O)CO,PQR–QM9 overlap,11.602,90.07794000000004,7.741248,-552.27588
O=CNC(C)C,PQR–QM9 overlap,10.666,87.12036000000003,9.282101,-154.80703
Cc1ccc(o1)C,PQR–QM9 overlap,9.571000000000002,96.12712000000003,11.422387,-112.56209
CC(C(=O)C)C(=O)C,PQR–QM9 overlap,13.685,114.14240000000004,12.135289,-416.73144
COC(=O)N,PQR–QM9 overlap,14.701999999999998,75.06660000000004,6.455349,-386.06176
CCC(CC(=O)N)(C)C,PQR–QM9 overlap,14.696000000000002,129.20010000000005,14.938703,-336.61834
N#CC1=CCCCC1,PQR–QM9 overlap,9.97,107.15306000000004,13.383548,105.03641
CCC(C(=O)C)C(=O)C,PQR–QM9 overlap,13.565,128.16898000000006,13.969188,-441.72997
OCC1CC1,PQR–QM9 overlap,12.729,72.10572000000005,8.305888,-140.25408
CCC(CC(=O)C)(C)C,PQR–QM9 overlap,13.951,128.2120400000001,15.556766,-331.56165
O=C1N(C)CCCN1C,PQR–QM9 overlap,13.281,128.17228000000006,14.127902,-199.74899
CC1=NCCO1,PQR–QM9 overlap,10.628,85.10448000000004,9.095333,-134.60595
c1cnc2c(c1)cn[nH]2,PQR–QM9 overlap,8.831999999999999,119.12400000000002,13.240971,308.70294
CC(C1CCCCC1)C,PQR–QM9 overlap,17.477,126.23922000000007,16.760243,-180.44013
Cc1ccc(c(c1)C)C,PQR–QM9 overlap,9.13,120.19158000000006,16.094926,-21.91188
C1CC=CC=CC1,PQR–QM9 overlap,9.291,94.15430000000002,12.802585,75.43035
CCCCC(C)C,PQR–QM9 overlap,17.978,100.20194000000008,13.605759,-183.01857
NC(C#N)C#N,PQR–QM9 overlap,14.021,81.07602000000001,7.912854,290.42343
O=C(N(C)C)C(C)C,PQR–QM9 overlap,10.665,115.17352000000004,13.331986,-268.30506
CCCCNC(=O)C,PQR–QM9 overlap,14.139,115.17352000000004,13.279894,-306.29035
CCCC#CCCC,PQR–QM9 overlap,11.694,110.19676000000008,15.031251,66.74545
c1ccc2c(c1)OCC2,PQR–QM9 overlap,8.702,120.14852000000003,14.367258,-62.18136
O=N(=O)c1nccn1C,PQR–QM9 overlap,12.191,127.10140000000004,11.745336,154.51146
O=C(C1CC1)NC1CC1,PQR–QM9 overlap,13.505,125.16834000000004,14.43849,-34.00614
CCCC(=O)CCC,PQR–QM9 overlap,13.844,114.18546000000008,13.817273,-308.9174
OCCOC(C)C,PQR–QM9 overlap,12.313,104.14758000000006,11.225467,-448.27332
Cc1ccc(c(c1)O)N,PQR–QM9 overlap,12.018,123.15246000000003,14.245877,-126.91392
CCN1C(=O)C=CC1=O,PQR–QM9 overlap,11.944,125.12528000000005,12.900758,-242.69126
Nc1ccc(c(c1)C)O,PQR–QM9 overlap,11.260000000000002,123.15246000000003,14.492933,-127.95863
OCCc1cnc[nH]1,PQR–QM9 overlap,12.838,112.12982000000004,11.767975,-91.59735
C1CCC2(C1)CC2,PQR–QM9 overlap,15.973,96.17018000000006,12.670089,4.59415
CCCOC1CCCC1,PQR–QM9 overlap,11.944,128.2120400000001,15.611728,-294.24503
Oc1ccccc1F,PQR–QM9 overlap,8.888,112.10170320000005,11.164066,-278.41769
CCCCC=O,PQR–QM9 overlap,13.871,86.13230000000006,10.119483,-231.29368
C1CCC=CC1,PQR–QM9 overlap,10.821,82.14360000000005,11.062147,-14.03232
CCC(=O)CCC(=O)C,PQR–QM9 overlap,13.936,128.16898000000006,13.958344,-443.67922
CC1(C)COCCO1,PQR–QM9 overlap,11.54,116.15828000000006,12.54113,-411.30972
CCOC(=O)C(C)(C)C,PQR–QM9 overlap,11.408,130.18486000000004,14.499078,-503.39203
CCO,PQR–QM9 overlap,13.157,46.06843999999999,4.847431,-45.96266
CCCC1(C)CCCC1,PQR–QM9 overlap,14.484,126.23922000000007,16.678881,-170.55605
CC#CCCC(C)C,PQR–QM9 overlap,11.512,110.19676000000008,14.9759,63.93362
CCCC(=O)C(C)C,PQR–QM9 overlap,13.836,114.18546000000006,13.7788,-309.74251
CC(OCC(C)C)C,PQR–QM9 overlap,11.966,116.20134000000007,14.291085,-326.44543
O=CC1CC(C1)(C)C,PQR–QM9 overlap,13.704,112.16958000000004,13.31543,-183.30219
O=CNC1CC(C1)(C)C,PQR–QM9 overlap,13.821,127.18422000000004,14.181801,-136.37604
Cc1cncc(n1)C,PQR–QM9 overlap,12.448999999999998,108.14112000000004,12.78326,100.18203
O=C1CCCC(=O)C1,PQR–QM9 overlap,13.909,112.12652000000004,11.770789,-375.39337
C#CCCC(C)C,PQR–QM9 overlap,11.913,96.17018000000006,12.853438,111.40096
N#Cc1ccccc1N,PQR–QM9 overlap,11.341,118.13594000000003,14.242413,209.86572
NC(=O)C1(C)CC1,PQR–QM9 overlap,14.475,99.13106000000003,10.904571,-153.52696
CCCC#CC(C)C,PQR–QM9 overlap,11.431,110.19676000000008,15.020805,65.97952
CCc1cccc(c1)O,PQR–QM9 overlap,9.291,122.16440000000004,14.828681,-154.36214
COc1cccnc1N,PQR–QM9 overlap,8.167,124.14052000000004,13.830964,-31.23996
CCCCC(=O)OC,PQR–QM9 overlap,14.944,116.15828000000003,12.668312,-466.21342
CC(OC(C)(C)C)C,PQR–QM9 overlap,12.025,116.20134000000007,14.253855,-350.10474
O=C1CCCN1,PQR–QM9 overlap,10.898,85.10448000000004,9.084469,-208.08013
O=CC(O)(C)C,PQR–QM9 overlap,13.494,88.10512000000004,8.885116,-391.78836
Fc1cnc(=O)[nH]c1,PQR–QM9 overlap,8.655000000000001,114.0778232,9.963729,-211.71425
CC(C1CC1)C,PQR–QM9 overlap,13.094,84.15948000000006,11.363213,-22.4761
CCC(CC=O)(C)C,PQR–QM9 overlap,10.545,114.18546000000006,13.793921,-276.51701
OC1CCCCC1,PQR–QM9 overlap,13.019,100.15888000000004,11.857955,-279.3445
C1CC=CCC=C1,PQR–QM9 overlap,10.678,94.15430000000003,12.526887,78.58394
N=c1ccccoc1=O,PQR–QM9 overlap,12.072,123.10940000000002,12.801711,-66.9416
CCOCCC(C)C,PQR–QM9 overlap,11.946,116.20134000000007,14.317786,-311.45113
C#CCOCC#C,PQR–QM9 overlap,10.498,94.11124000000004,11.13918,329.34503
O=C1C(=O)OCC1(C)C,PQR–QM9 overlap,12.415,128.12592000000004,12.460067,-487.65593
CCc1ccc(cc1)N,PQR–QM9 overlap,11.546,121.17964000000006,15.646959,32.58423
C#C,PQR–QM9 overlap,12.83,26.037280000000003,3.513948,239.06159
n1ncnnc1,PQR–QM9 overlap,11.821,82.06408000000002,7.431935,383.11599
CC1OCCO1,PQR–QM9 overlap,11.636,88.10512000000004,8.818997,-374.2475
CC(COC1CC1)C,PQR–QM9 overlap,11.526,114.18546000000008,13.925668,-165.39733
CCCOC(=O)CCC,PQR–QM9 overlap,14.94,130.18486,14.561717,-499.08637
O=Cc1ccccc1,PQR–QM9 overlap,9.456,106.12194000000002,12.578056,-25.58955
CN1CCC(=O)CC1,PQR–QM9 overlap,13.027,113.15764000000006,12.775758,-192.70853
CC(=O)C1CC1,PQR–QM9 overlap,10.876,84.11642,9.732965,-125.83485
CCC(OC)(C)C,PQR–QM9 overlap,12.035,102.17476000000008,12.406875,-301.72694
COC(=O)C1(C)CCC1,PQR–QM9 overlap,11.37,128.16898000000003,13.945946,-386.29399
Cc1cncc(c1)C,PQR–QM9 overlap,12.564,107.15306000000004,13.464244,51.56374
CC(=O)OCCO,PQR–QM9 overlap,14.814,104.10452000000004,9.636376,-592.896
CCc1ccc(cc1)O,PQR–QM9 overlap,9.056,122.16440000000004,14.869491,-150.86967
CC(C(=O)C(C)C)C,PQR–QM9 overlap,13.698,114.18546000000006,13.789542,-300.36316
O=Cc1ccco1,PQR–QM9 overlap,12.199,96.08406000000002,9.899984,-133.69119
CCc1ccccc1C,PQR–QM9 overlap,9.334,120.19158000000006,15.997212,-1.23428
CCCOC1(C)CCC1,PQR–QM9 overlap,11.934,128.2120400000001,15.613986,-253.75799
CCC(=O)C(C)C,PQR–QM9 overlap,13.838,100.15888000000008,11.951453,-287.15724
O=Cc1ccc(cn1)F,PQR–QM9 overlap,9.138000000000002,125.10046320000002,11.969441,-148.11633
Cc1cnc(c(n1)C)C,PQR–QM9 overlap,12.254,122.16770000000004,14.727558,61.86982
N#CCCC#N,PQR–QM9 overlap,13.112,80.08795999999998,8.540507,205.75724
c1ccc2c(c1)occ2,PQR–QM9 overlap,11.856,118.13264000000002,14.115333,41.12442
O=Cc1cccc(c1)O,PQR–QM9 overlap,11.675,122.12134000000005,13.33333,-210.8147
O1CC1,PQR–QM9 overlap,12.427,44.05255999999999,4.656242,-47.12887
NC(=O)c1ccccn1,PQR–QM9 overlap,12.433,122.12464000000004,12.990177,-46.75658
Cc1ccncc1N,PQR–QM9 overlap,11.667,108.14112000000004,12.990936,94.51766
CCCC#C,PQR–QM9 overlap,11.99,68.11702000000001,9.238827,152.35514
CCCCCCOC,PQR–QM9 overlap,12.008,116.20134000000007,14.312764,-302.14707
CCCCC(=O)OCC,PQR–QM9 overlap,14.942,130.18486,14.553129,-498.42467
CCNC(=O)C(C)(C)C,PQR–QM9 overlap,14.077,129.20010000000005,15.060417,-327.14733
C1CC=CC=CC=C1,PQR–QM9 overlap,9.524,106.16500000000002,14.280927,159.93536
Nc1ccccn1,PQR–QM9 overlap,11.866,94.11454000000003,11.083391,117.79152
CC(=O)c1ccco1,PQR–QM9 overlap,9.31,110.11064000000005,11.70932,-198.30112
COC1CC(C1)(C)C,PQR–QM9 overlap,12.007,114.18546000000006,13.753063,-222.44386
CCC1CCCC1,PQR–QM9 overlap,17.724,98.18606000000008,13.061517,-127.89219
COC(=O)C(CC)(C)C,PQR–QM9 overlap,11.393,130.18486,14.464418,-486.5838
CC(=O)c1ccc[nH]1,PQR–QM9 overlap,12.246,109.12588000000004,12.321483,-65.37876
CC(NC(=O)C(C)C)C,PQR–QM9 overlap,14.124,129.20010000000005,15.070805,-334.85244
CCCNC(=O)C,PQR–QM9 overlap,14.12,101.14694000000006,11.441701,-283.19505
CCC1CCCCC1,PQR–QM9 overlap,17.66,112.21264000000008,14.933887,-155.64888
COC(=O)C1CCCC1,PQR–QM9 overlap,11.508,128.16898000000003,13.961021,-433.63286
O=C1CCCCCCC1,PQR–QM9 overlap,13.919,126.19616000000006,15.10288,-275.50329
CC1=CC(=O)CCC1,PQR–QM9 overlap,9.825,110.15370000000006,13.308344,-187.43143
CCCC,PQR–QM9 overlap,14.993,58.12219999999998,8.130492,-118.02856
CCC(=O)OC(C)C,PQR–QM9 overlap,11.632,116.15828000000006,12.678712,-492.01277
O=CC#C,PQR–QM9 overlap,13.264,54.04738,5.776966,128.69113
O=COCCOC=O,PQR–QM9 overlap,11.561,118.08804000000002,9.92506,-678.73431
CCOC1CC(C1)(C)C,PQR–QM9 overlap,11.924,128.21204000000006,15.596005,-251.45257
CC=O,PQR–QM9 overlap,10.676,44.05255999999999,4.636228,-172.08831
CCCCCCC,PQR–QM9 overlap,14.647,100.20194000000008,13.630498,-181.81775
O=CC1CCC1,PQR–QM9 overlap,10.401000000000002,84.11642000000003,9.660794,-124.98344
CNC(=O)C1CCC1,PQR–QM9 overlap,14.093,113.15764000000004,12.718982,-188.9251
CCOCCCOCC,PQR–QM9 overlap,12.06,132.20074000000002,15.053317,-435.03347
CCCCC(=O)N,PQR–QM9 overlap,14.69,101.14694000000006,11.337204,-296.4588
CCCN(C(=O)CC)C,PQR–QM9 overlap,13.645,129.20010000000005,15.145105,-298.35164
CNC(=O)C(=O)NC,PQR–QM9 overlap,10.559,116.11852000000005,11.294642,-342.61803
Cc1occ(c(=O)c1)O,PQR–QM9 overlap,12.041,126.11004000000004,12.554319,-380.00218
O=c1cc[nH]c(=O)[nH]1,PQR–QM9 overlap,12.43,114.10264,0.0,-310.36507
CCCOC(=O)C1CC1,PQR–QM9 overlap,11.343,128.16898000000003,14.161246,-349.55225
Oc1ccccc1,PQR–QM9 overlap,12.271,94.11124000000002,10.898963,33.85544
CCCC(=O)CCO,PQR–QM9 overlap,13.901,116.15828000000006,12.533639,-462.61851
Cc1cccnc1,PQR–QM9 overlap,12.694,93.12648000000004,11.530702,92.32417
CC(=O)OC1CCC1,PQR–QM9 overlap,11.605,114.14240000000004,12.189186,-381.14323
O=CNCCC(C)(C)C,PQR–QM9 overlap,13.816,129.20010000000005,14.688832,-221.99795
N#Cc1n[nH]nc1C#N,PQR–QM9 overlap,11.89,119.08424,11.280151,582.5235
CC(C(O)(C)C)(O)C,PQR–QM9 overlap,15.85,118.17416000000006,12.90986,-541.52166
Cc1cccc(c1)C,PQR–QM9 overlap,9.359,106.16500000000003,14.180108,14.11717
C1CC2(C1)CCCC2,PQR–QM9 overlap,13.958,110.19676000000008,14.36763,-52.99626
Cc1ccc(cc1)O,PQR–QM9 overlap,9.021,108.13782000000003,13.019824,-130.72424
CNC(=O)C(C)C,PQR–QM9 overlap,14.15,101.14694000000004,11.420133,-275.0248
CCc1ccccc1O,PQR–QM9 overlap,12.204,122.16440000000006,14.827776,-142.80388
CCCn1cncc1,PQR–QM9 overlap,10.034,110.15700000000004,13.044806,83.18693
CCOC(=O)C1(C)CC1,PQR–QM9 overlap,14.601,128.16898000000003,14.134896,-354.03143
O=C1NCCO1,PQR–QM9 overlap,14.13,87.07730000000002,7.876779,-332.67136
CCC(=O)OC(C)(C)C,PQR–QM9 overlap,14.814,130.18486000000004,14.461613,-526.53566
N#CC(C)(C)C,PQR–QM9 overlap,16.524,83.13166000000004,10.161115,6.13755
CCCCCC=O,PQR–QM9 overlap,10.868,100.15888000000008,11.951807,-252.62071
CCCc1ccncc1,PQR–QM9 overlap,10.007,121.17964000000006,15.178655,48.07368
O=C1CCCCCN1,PQR–QM9 overlap,14.106,113.15764000000004,12.782892,-255.17935
NC(=O)C#CC(=O)N,PQR–QM9 overlap,9.901,112.08676,10.672243,-90.45717
O=Cc1cocn1,PQR–QM9 overlap,12.636,97.07212,9.06099,-95.56136
CCC(OC(=O)C)(C)C,PQR–QM9 overlap,11.523,130.18486,14.456878,-524.72173
CC1(C)CC1(C)C,PQR–QM9 overlap,15.678,98.18606000000008,13.190804,-54.50257
CCCOCCC(C)C,PQR–QM9 overlap,11.919,130.22792000000007,16.16122,-333.44293
CCC(C(=O)N)(C)C,PQR–QM9 overlap,14.635,115.17352000000004,13.123049,-315.22364
O=CNC1CCC1,PQR–QM9 overlap,10.779,99.13106000000003,10.610952,-71.47961
Cc1cccc(=O)[nH]1,PQR–QM9 overlap,11.663,109.12588000000004,12.5373,-132.29274
N#Cc1ccccc1,PQR–QM9 overlap,9.497,103.12130000000002,12.74277,223.99289
CC(CCOC(C)C)C,PQR–QM9 overlap,11.965,130.22792000000007,16.13648,-346.5936
O=CCCC(C)C,PQR–QM9 overlap,13.866,100.15888000000008,11.926316,-254.08554
N#CC1CC(C1)(C)C,PQR–QM9 overlap,15.497,109.16894000000003,13.346348,61.54372
c1cccccocc1,PQR–QM9 overlap,12.677,120.14852000000003,14.520736,122.52091
O=C1CCCCC1,PQR–QM9 overlap,10.887,98.14300000000004,11.519001,-249.07474
Nc1nonc1N,PQR–QM9 overlap,11.991,100.07936000000002,8.790754,219.29901
CCCOC(C)C,PQR–QM9 overlap,11.98,102.17476000000008,12.479079,-303.11362
n1cncnc1,PQR–QM9 overlap,9.699,81.07602000000001,8.054722,206.91472
CCC(NC(=O)C)(C)C,PQR–QM9 overlap,14.221,129.20010000000005,15.029441,-333.46966
COCC(C)(C)C,PQR–QM9 overlap,11.993,102.17476000000008,12.415514,-287.16055
CCCC(=O)C1CCC1,PQR–QM9 overlap,13.84,126.19616000000006,15.089596,-224.54484
OCc1cccc(c1)C,PQR–QM9 overlap,12.601,122.16440000000006,14.780859,-145.50199
CC(=O)NC1(C)CC1,PQR–QM9 overlap,14.16,113.15764000000006,12.823733,-167.41166
CCCCOC(C)(C)C,PQR–QM9 overlap,11.984,130.22792000000004,16.128146,-358.08754
c1ncc2c(n1)[nH]cc2,PQR–QM9 overlap,11.673,119.12400000000002,13.253462,252.10271
Cc1nccn1CCO,PQR–QM9 overlap,12.868,126.15640000000003,13.688725,-87.76591
Cc1cccc(c1)N,PQR–QM9 overlap,11.832,107.15306000000004,13.706584,46.69938
c1cnon1,PQR–QM9 overlap,10.515,70.05008000000001,6.115284,201.52781
Cc1nonc1C,PQR–QM9 overlap,13.26,98.10324000000004,9.927648,120.01892
CCOCCCC(C)C,PQR–QM9 overlap,11.948,130.22792000000007,16.157601,-332.4381
COCC(=O)OCC,PQR–QM9 overlap,14.413,118.13110000000005,11.57415,-550.18793
OCC(=O)C=O,PQR–QM9 overlap,12.408,88.06206000000002,7.33117,-431.12989
CN(c1ccccc1)C,PQR–QM9 overlap,8.643,121.17964000000003,15.715356,97.08823
N#CC#N,PQR–QM9 overlap,15.739,52.0348,4.968501,299.09378
O=C1CCOCC1,PQR–QM9 overlap,13.947,100.11582000000004,10.296037,-357.41688
CC(OC(=O)C)C,PQR–QM9 overlap,14.988,102.13170000000004,10.834673,-473.29201
O=C1OCC(=O)NC1,PQR–QM9 overlap,10.295,115.08740000000004,10.112243,-474.12912
O=CC1CC1,PQR–QM9 overlap,10.367,70.08984000000002,7.975037,-65.18376
CCOC(=O)N,PQR–QM9 overlap,14.697,89.09318000000005,8.332075,-418.84076
CCOC1CCC1,PQR–QM9 overlap,11.956,100.15888000000008,11.968144,-194.04734
CC(=O)C1CCC1,PQR–QM9 overlap,13.947,98.14300000000006,11.429822,-184.88068
CC(=O)C1CC(C1)(C)C,PQR–QM9 overlap,10.944,126.19616000000006,15.069311,-243.51319
CC(CCCC(=O)N)C,PQR–QM9 overlap,14.693,129.20010000000005,14.983191,-340.94134
CC(CCOC1CC1)C,PQR–QM9 overlap,11.886,128.2120400000001,15.76413,-186.84922
CCc1ccc(cc1)C,PQR–QM9 overlap,9.202,120.19158000000006,16.048887,-4.29667
C1Cc2c(C1)cc[nH]2,PQR–QM9 overlap,12.541,107.15306000000004,13.256218,111.22599
N#CC(=O)C#N,PQR–QM9 overlap,9.899,80.0449,7.027455,200.29437
OCCCC(=O)C,PQR–QM9 overlap,11.045,102.13170000000004,10.733926,-434.56892
Nc1ccc(c(c1)N)N,PQR–QM9 overlap,8.315,123.15576000000004,14.559237,91.06798
O=C1NCCNC1=O,PQR–QM9 overlap,13.189,114.10264000000002,10.723859,-295.97832
CC(=O)NC1CCCC1,PQR–QM9 overlap,14.098,127.18422000000008,14.605689,-285.9552
CCCCCC(C)C,PQR–QM9 overlap,14.887,114.22852000000007,15.439101,-204.38098
O=CC(F)(F)F,PQR–QM9 overlap,13.593,98.0239496,4.817912,-772.44815
Nc1ccn[nH]1,PQR–QM9 overlap,12.613,83.09190000000002,8.687859,198.05684
CCC(=O)C1CC1,PQR–QM9 overlap,13.793,98.14300000000006,11.564348,-142.44713
O=C1CCn2c1ccc2,PQR–QM9 overlap,12.186,121.13658000000004,13.791024,1.84392
Fc1cc(F)cc(c1)F,PQR–QM9 overlap,9.84,132.08322959999995,10.548753,-492.31562
c1cnnnc1,PQR–QM9 overlap,12.656,81.07602000000001,8.103119,301.85475
O=CNCCCC(C)C,PQR–QM9 overlap,13.826,129.20010000000005,14.705612,-217.70978
c1ccc[nH]1,PQR–QM9 overlap,9.723,67.08920000000002,8.127826,110.6996
Oc1c[nH]nc1,PQR–QM9 overlap,12.565,84.07666000000002,8.088213,32.47165
COC(=O)CCC(C)C,PQR–QM9 overlap,11.636,130.18486,14.486481,-489.08432
Cc1cc(no1)C(=O)N,PQR–QM9 overlap,9.853,126.11334000000002,12.146113,-120.99383
CCCCCCCCO,PQR–QM9 overlap,16.434,130.22792000000007,16.065433,-368.49051
c1ncc2c(n1)[nH]cn2,PQR–QM9 overlap,12.02,120.11206,12.483583,303.23467
Nc1ccc(c(c1)O)O,PQR–QM9 overlap,11.334,125.12528000000005,13.296429,-274.20666
CCCC1CCCC1,PQR–QM9 overlap,14.618,112.21264000000008,14.875153,-147.59062
CCC#C,PQR–QM9 overlap,12.018999999999998,54.09043999999999,7.375859,174.33324
c1ncc2c(n1)cc[nH]2,PQR–QM9 overlap,11.721,119.12400000000002,13.291174,267.0144
CC(COC1(C)CC1)C,PQR–QM9 overlap,11.761,128.21204000000006,15.715047,-206.03767
Cc1ccc(o1)C(=O)C,PQR–QM9 overlap,9.084,124.13722000000004,13.707418,-245.55529
O=CCCC(=O)C,PQR–QM9 overlap,10.52,100.11582000000004,10.280412,-365.82273
CCNC=O,PQR–QM9 overlap,10.751,73.09378000000004,7.755796,-195.19207
CCCOC=O,PQR–QM9 overlap,14.919999999999998,88.10512000000004,9.009151,-404.97098
CCOC(CC)(C)C,PQR–QM9 overlap,12.002,116.20134000000007,14.273501,-331.83429
CC(O)C,PQR–QM9 overlap,16.515,60.095019999999984,6.879219,-273.40897
C#CCC(C)(C)C,PQR–QM9 overlap,12.25,96.17018000000006,12.857097,102.4852
CC(=O)c1c[nH]cc1,PQR–QM9 overlap,12.649,109.12588000000004,12.145542,-77.99125
CC(=O)CC(=O)C(C)C,PQR–QM9 overlap,10.602,128.16898000000003,13.927023,-442.39925
NCC(F)(F)F,PQR–QM9 overlap,14.674,99.0550696,5.80685,-689.31299
CC(COC1CC1)(C)C,PQR–QM9 overlap,11.711,128.2120400000001,15.680152,-195.69716
Cc1cocc1,PQR–QM9 overlap,12.856000000000002,82.10054000000004,9.438129,-61.32186
CCCC(=O)NC(C)C,PQR–QM9 overlap,14.176000000000002,129.20010000000005,15.125026,-334.93496
NC(=O)C1CC(C1)(C)C,PQR–QM9 overlap,14.623,127.18422000000004,14.435124,-248.7104
CCCC#CCC,PQR–QM9 overlap,11.717,96.17018000000006,13.165157,88.94747
OCc1ccc(cc1)C,PQR–QM9 overlap,9.27,122.16440000000006,14.816449,-142.01036
O=C1OCCO1,PQR–QM9 overlap,11.782,88.06205999999999,7.316931,-493.84449
O=C1CCCC(=O)N1,PQR–QM9 overlap,10.871,113.11458000000002,11.361715,-417.09807
CC1(C)COC=N1,PQR–QM9 overlap,14.019000000000002,99.13106000000003,10.853781,-146.53347
OCC(C)(C)C,PQR–QM9 overlap,13.104,88.14818000000007,10.512901,-302.27085
C1CCc2c(C1)[nH]cc2,PQR–QM9 overlap,12.627,121.17964000000003,15.118503,43.78424
CCC(C#C)(C)C,PQR–QM9 overlap,15.324,96.17018000000006,12.881627,109.07555
Nc1cc(F)cc(c1)F,PQR–QM9 overlap,8.574,129.1074064,11.953028,-315.73016
COC(=O)CN,PQR–QM9 overlap,13.747,89.09318000000003,8.394811,-368.55542
c1cnc2c(c1)CCC2,PQR–QM9 overlap,12.487000000000002,119.16376000000004,14.759098,92.14887
Nc1ccc(cc1)F,PQR–QM9 overlap,8.195,111.11694320000002,11.938138,-105.9493
Fc1cncnc1,PQR–QM9 overlap,12.593,98.07842320000002,8.931626,-7.99345
C#Cc1ccc(cc1)C,PQR–QM9 overlap,8.981,116.15982000000004,15.848297,290.79024
OC1CCC1,PQR–QM9 overlap,16.414,72.10572000000003,8.198891,-182.68584
c1ccc2c(c1)onc2,PQR–QM9 overlap,8.961,119.12070000000004,13.368467,165.5983
Cc1ccc(c(c1)C)O,PQR–QM9 overlap,11.97,122.16440000000006,14.921059,-167.49259
CCCC(CC)(C)C,PQR–QM9 overlap,17.772,114.22852000000007,15.383123,-196.07514
O=CC1CCCCC1,PQR–QM9 overlap,13.71,112.16958000000008,13.311618,-230.72601
CCCC#N,PQR–QM9 overlap,16.181,69.10508000000003,8.359069,35.30588
CC(=O)c1ccccc1,PQR–QM9 overlap,9.512,120.14852000000003,14.393727,-82.40119
NC(=O)c1ccccc1,PQR–QM9 overlap,12.601,121.13658000000002,13.716543,-82.07536
COC(=O)C,PQR–QM9 overlap,11.714,74.07854,7.145341,-404.70867
NC(=O)NCCC#N,PQR–QM9 overlap,14.182,113.11788000000004,10.955015,-108.9036
CN1C(=O)CCC1=O,PQR–QM9 overlap,13.451,113.11458000000005,11.385432,-382.55582
CN(C(=O)C1CCC1)C,PQR–QM9 overlap,13.584,127.18422000000004,14.629983,-185.16356
CCC(=O)NC(C)C,PQR–QM9 overlap,14.182,115.17352000000008,13.28442,-312.50806
CCC(C1(C)CC1)(C)C,PQR–QM9 overlap,15.976,126.23922000000007,16.469784,60.96932
O=C1CCC(=O)N1,PQR–QM9 overlap,13.868,99.08800000000002,9.47335,-381.12984
CN1CC(=O)NC(=O)C1,PQR–QM9 overlap,9.984,128.12922000000003,12.631605,-334.75217
C1CC2(C1)CCC2,PQR–QM9 overlap,13.869,96.17018000000006,12.559839,21.88548
CC(=O)NC1CCC1,PQR–QM9 overlap,14.029,113.15764000000006,12.817126,-211.32318
O=CN1CCOCC1,PQR–QM9 overlap,10.55,115.13046000000004,11.739096,-326.31724
COC,PQR–QM9 overlap,12.112,46.06843999999999,5.103928,-188.28735
CCOC(=O)C1CC1,PQR–QM9 overlap,14.657,114.14240000000004,12.312118,-328.1484
C#N,PQR–QM9 overlap,17.713,27.025340000000003,2.718676,124.87923
O=CC=O,PQR–QM9 overlap,8.833,58.03608,4.843263,-204.85778
CCC1(C)CCCC1,PQR–QM9 overlap,14.625,112.21264000000008,14.869143,-152.92033
CCCOC(CC)(C)C,PQR–QM9 overlap,11.97,130.22792000000007,16.109529,-354.02258
COc1ccccc1O,PQR–QM9 overlap,8.443,124.13722000000004,13.787052,-241.94987
CC(OCC(C)(C)C)C,PQR–QM9 overlap,11.956,130.22792000000007,16.083208,-352.65528
NC(=O)CC(C)(C)C,PQR–QM9 overlap,14.701,115.17352000000004,13.093237,-323.20573
CCC(CNC=O)(C)C,PQR–QM9 overlap,10.779,129.2001,14.48241,-216.22269
CCCC(C(=O)C)(C)C,PQR–QM9 overlap,13.837,128.2120400000001,15.59351,-331.69698
CC(=O)C1CCCC1,PQR–QM9 overlap,13.953,112.16958000000008,13.247227,-259.1949
CC1(C)CC=CC1,PQR–QM9 overlap,10.456,96.17018000000006,12.770257,-31.33736
C#CC#C,PQR–QM9 overlap,10.522,50.058679999999995,6.987179,471.58398
C(C#C)N1CCOC1=O,PQR–QM9 overlap,13.537,125.12528000000002,12.70469,-85.59188
CCC(=O)C1(C)CC1,PQR–QM9 overlap,13.793,112.16958000000008,13.379451,-167.42629
C#CC#N,PQR–QM9 overlap,14.549,51.04674,5.933095,376.19807
O=C1CCC(=O)C1,PQR–QM9 overlap,13.838,98.09994000000005,9.908845,-353.49166
O=N(=O)c1c[nH]cc1,PQR–QM9 overlap,12.476,112.08676,10.388838,83.7572
COC(=O)C(=O)OC,PQR–QM9 overlap,10.905,118.08804000000002,10.100213,-662.45327
c1ccc2c(c1)NCC2,PQR–QM9 overlap,8.67,119.16376000000004,15.05171,109.47677
O=N(=O)c1ccccc1,PQR–QM9 overlap,12.407,123.1094,12.627017,76.06154
CC(C#N)C,PQR–QM9 overlap,16.413,69.10508000000003,8.340785,33.34126
CCCCO,PQR–QM9 overlap,13.081,74.1216,8.729524,-276.08732
COC(=O)CN(C)C,PQR–QM9 overlap,10.263,117.14634000000004,12.089689,-365.05097
CCC(=O)NC1(C)CC1,PQR–QM9 overlap,14.144,127.18422000000008,14.665514,-183.78173
Cn1nccc1C,PQR–QM9 overlap,9.988,96.13042000000004,11.219917,149.03061
O=CCC(C)(C)C,PQR–QM9 overlap,13.863,100.15888000000008,11.953558,-262.67929
CC1(CC1)OC1(C)CC1,PQR–QM9 overlap,14.892,126.19616000000006,15.351189,-72.10514
OCC#N,PQR–QM9 overlap,11.79,57.05132,5.258212,-53.92825
CC(CC(=O)N(C)C)C,PQR–QM9 overlap,10.655,129.20010000000005,15.137484,-293.64251
CC(=O)CCO,PQR–QM9 overlap,14.108,88.10512000000004,8.886105,-410.08693
C1CC1,PQR–QM9 overlap,13.765,42.07973999999999,5.867671,50.28594
CCCCCCC#CC,PQR–QM9 overlap,11.825,124.22334000000008,16.746379,52.15268
OCCO,PQR–QM9 overlap,16.116,62.06784,5.630997,-400.50481
CCOCCOCC,PQR–QM9 overlap,11.467,118.17416000000006,13.201369,-413.12017
CC(NC(=O)N)C,PQR–QM9 overlap,11.35,102.13500000000003,10.733967,-274.44642
CCOC1CC1,PQR–QM9 overlap,11.553,86.13230000000006,10.271549,-120.48805
CCC(=O)N(C)C,PQR–QM9 overlap,13.764,101.14694000000006,11.518657,-243.5713
CCCC#CCC(C)C,PQR–QM9 overlap,11.379,124.22334000000008,16.867362,43.22475
O=C1C=CC(=O)C1,PQR–QM9 overlap,12.258,96.08406000000002,9.814252,-203.46281
CCCCn1cncc1,PQR–QM9 overlap,10.028,124.18358000000006,14.889946,62.62434
CCCOC(=O)CC,PQR–QM9 overlap,14.944,116.15828000000006,12.714519,-476.98141
Oc1cccccc1=O,PQR–QM9 overlap,11.582,122.12134000000002,13.594501,-131.05977
CC(C1(C)CCC1)C,PQR–QM9 overlap,17.207,112.2126,14.42768,-100.11649
CCCC#CC,PQR–QM9 overlap,11.52,82.14360000000005,11.294445,107.46309
NC(=O)C1CCC1,PQR–QM9 overlap,14.592,99.13106000000003,10.797661,-189.53734
CCN(C(=O)C)C,PQR–QM9 overlap,13.675,101.14694000000006,11.479723,-259.39652
Cc1c(C)noc1C,PQR–QM9 overlap,12.913,111.14176000000003,12.549864,-27.41715
CNC(=O)NC,PQR–QM9 overlap,14.188,88.10842000000004,8.959693,-212.45392
CCCCC1=CCCC1,PQR–QM9 overlap,13.489,124.22334000000008,16.519424,-79.86747
Nc1ccc(cn1)N,PQR–QM9 overlap,11.023,109.12918000000003,12.701526,129.42273
Nc1nccnn1,PQR–QM9 overlap,11.854,96.09066,9.712906,255.5228
CC(=O)OC1(C)CC1,PQR–QM9 overlap,11.265,114.14240000000004,12.260345,-342.86582
Cc1cc(C)cc(c1)N,PQR–QM9 overlap,8.886,121.17964000000003,15.591921,4.49803
C1[C@@H]2C[C@H]1C2,PQR–QM9 overlap,13.647,68.11702000000001,9.059517,288.2313
CC(CCOC(=O)C)C,PQR–QM9 overlap,11.68,130.18486,14.533905,-502.14903
CCCC(C#C)(C)C,PQR–QM9 overlap,15.313,110.19676000000008,14.74299,88.82854
Cc1ccccc1F,PQR–QM9 overlap,9.292,110.12888320000005,12.344571,-141.37533
C1CNC1=O,PQR–QM9 overlap,10.973,71.07790000000003,7.272334,-88.6482
Fc1ccc(c(c1)F)C,PQR–QM9 overlap,12.387,128.1193464,12.425334,-336.46308
CC(C(C(=O)C)(C)C)C,PQR–QM9 overlap,13.832,128.21204000000006,15.556248,-329.30297
C(c1cnc[nH]1)C=O,PQR–QM9 overlap,12.691,110.11394000000004,11.354099,0.04507
CCC(O)(C)C,PQR–QM9 overlap,13.137,88.14818000000007,10.518506,-329.29712
OCCOCCO,PQR–QM9 overlap,11.491,106.12040000000002,9.994243,-555.02583
N#CC1(C)CCC1,PQR–QM9 overlap,15.746,95.14236000000004,11.517372,91.08749
CCCC#CC(C)(C)C,PQR–QM9 overlap,14.783,124.22334000000008,16.85099,39.68396
N#CCCN(C)C,PQR–QM9 overlap,10.207,98.14630000000004,11.47912,86.27561
O1CCC=CC1,PQR–QM9 overlap,10.709,84.11642000000005,9.839607,-131.60518
O=c1[nH]cccc1C,PQR–QM9 overlap,11.575,110.13382,0.0,-123.27767
N#CC(O)(C)C,PQR–QM9 overlap,15.289,85.10448000000004,8.942706,-139.11124
CCCC(=O)C(=O)C,PQR–QM9 overlap,12.336,114.14240000000004,12.261932,-366.41006
CCCC1CC1,PQR–QM9 overlap,13.027,84.15948000000006,11.37888,-16.97594
CC#C,PQR–QM9 overlap,12.194,40.06386,5.512357,192.3973
C#CC#CC#C,PQR–QM9 overlap,9.314,74.08008000000001,11.301739,702.12335
CC(C(=O)NC1CC1)C,PQR–QM9 overlap,13.745,127.18422000000004,14.801034,-182.34333
CCC=O,PQR–QM9 overlap,10.581,58.07913999999999,6.460314,-187.56548
COc1cccc(c1)N,PQR–QM9 overlap,8.599,123.15246000000003,14.477845,-83.8566
O=CC1(C)CCC1,PQR–QM9 overlap,13.631,98.14300000000004,11.468193,-151.31741
CC1(O)CC1,PQR–QM9 overlap,15.823999999999998,72.10572000000003,8.31792,-150.43866
CCC(=O)CC(=O)C,PQR–QM9 overlap,13.736,114.14240000000004,12.154484,-418.55126
OCc1ccc(cn1)O,PQR–QM9 overlap,12.157,125.12528000000005,12.937647,-241.42733
CCC1CCC1,PQR–QM9 overlap,17.465,84.15948000000006,11.260411,-57.44397
Fc1ccc(c(c1)O)O,PQR–QM9 overlap,8.392,128.1011032,11.908024,-464.40229
CCCCC(=O)CC,PQR–QM9 overlap,10.855,114.18546,13.813041,-309.16144
CCC(CC#C)(C)C,PQR–QM9 overlap,11.93,110.19676000000008,14.70265,88.43773
CC(CC(C)(C)C)C,PQR–QM9 overlap,17.91,114.22852000000007,15.36829,-205.77886
C#Cc1ccccn1,PQR–QM9 overlap,12.196,103.12130000000003,13.066147,383.99187
Cc1nc(N)nc(n1)N,PQR–QM9 overlap,12.651,125.13188000000002,12.790907,113.09922
CCCOCC(C)C,PQR–QM9 overlap,11.929,116.20134000000007,14.31286,-313.2108
Cc1ccc(c(c1)O)C,PQR–QM9 overlap,9.178,122.16440000000004,14.904451,-170.37354
NC(=O)c1ncc[nH]1,PQR–QM9 overlap,9.264,111.10200000000005,10.847316,-44.29222
CCCCOC=O,PQR–QM9 overlap,11.602,102.13170000000004,10.861511,-425.4332
CC(C)C,PQR–QM9 overlap,18.571,58.12219999999998,8.11739,-121.11629
O=CNCC(C)C,PQR–QM9 overlap,13.784,101.14694000000004,11.026467,-176.36138
OCc1ccc(o1)C=O,PQR–QM9 overlap,9.068,126.11004000000004,12.540008,-333.86306
C#CC1CC1,PQR–QM9 overlap,11.303,66.10114,8.915279,297.58592
O=C1NCCCN1,PQR–QM9 overlap,14.123,100.11912000000004,10.335746,-196.01919
CCc1ccccn1,PQR–QM9 overlap,9.776000000000002,107.15306000000004,13.367734,71.23617
FC(CC(F)(F)F)(F)F,PQR–QM9 overlap,18.055,152.03839919999996,6.46902,-1373.18064
CCCCn1cncn1,PQR–QM9 overlap,10.122,125.17164000000004,14.161015,138.14041
c1ncn[nH]1,PQR–QM9 overlap,13.655,69.06532000000001,6.642325,213.18746
CC(CC(=O)C)C,PQR–QM9 overlap,11.016,100.15888000000008,11.95384,-294.79406
CCCCOCCCO,PQR–QM9 overlap,11.885,132.20074000000002,14.952252,-473.39753
CCOC(=O)CN,PQR–QM9 overlap,13.760000000000002,103.11976000000004,10.282,-401.06002
CCc1ccc(nc1)C,PQR–QM9 overlap,9.516,121.17964000000006,15.313484,31.37929
C1CC1OC1CC1,PQR–QM9 overlap,11.693,98.14300000000006,11.662909,-0.52325
CCCCCCCC=O,PQR–QM9 overlap,13.864,128.21204000000006,15.619362,-295.27613
CNC(=O)CC(C)(C)C,PQR–QM9 overlap,14.175,129.20010000000005,15.013996,-320.28261
CCCCCC(=O)OC,PQR–QM9 overlap,14.939,130.18486000000007,14.505752,-487.80795
CCOC(C)(C)C,PQR–QM9 overlap,12.32,102.17476000000008,12.449345,-315.3494
Cc1cnccc1C,PQR–QM9 overlap,9.685,107.15306000000004,13.399649,53.82346
CCOCCC,PQR–QM9 overlap,11.964,88.14818000000007,10.658787,-268.05247
O=Cc1ccncc1O,PQR–QM9 overlap,11.892,123.10940000000002,12.546668,-162.41267
O=CC(C=O)O,PQR–QM9 overlap,12.919,88.06206000000002,7.314216,-421.59054
N#Cc1ccccc1C,PQR–QM9 overlap,9.267,117.14788000000004,14.64402,181.29775
COc1ccc(cc1)O,PQR–QM9 overlap,8.51,124.13722000000004,13.822594,-251.03933
Cc1cccc(c1O)C,PQR–QM9 overlap,12.136,122.16440000000004,14.883507,-165.30763
CCC1=NCCO1,PQR–QM9 overlap,10.6,99.13106000000003,10.929419,-153.85797
CC(=O)c1cccn1C,PQR–QM9 overlap,12.198,123.15246000000003,14.177035,-84.17019
C1CC(C1)OC1CC1,PQR–QM9 overlap,11.691,112.16958000000008,13.392073,-70.8866
OCc1cn[nH]n1,PQR–QM9 overlap,13.358,99.09130000000002,9.176424,68.58789
Nc1ccc(c(c1)C)N,PQR–QM9 overlap,11.063,122.16770000000004,15.231,57.5119
CCCC(=O)OCC,PQR–QM9 overlap,14.949000000000002,116.15828000000006,12.714638,-477.57755
CCCc1ccccc1,PQR–QM9 overlap,9.453,120.19158000000006,15.935284,14.28464
CC1=CCCC1(C)C,PQR–QM9 overlap,10.549,110.19676000000008,14.69961,-70.07081
NC(=O)NC(=O)N,PQR–QM9 overlap,11.254,103.08000000000004,8.446715,-369.5821
CNC(=O)C,PQR–QM9 overlap,10.861,73.09378000000004,7.751708,-235.11143
O=C1CCCCC1=O,PQR–QM9 overlap,12.594,112.12652000000004,11.814354,-335.46409
Cc1cc(O)cc(c1)O,PQR–QM9 overlap,12.314,124.13722000000004,13.679434,-329.64113
O=C1CCNC(=O)N1,PQR–QM9 overlap,10.566,114.10264000000002,10.703039,-377.95357
CCNc1ccccc1,PQR–QM9 overlap,8.644,121.17964000000003,15.697582,65.2484
CC(=O)CCC(=O)C,PQR–QM9 overlap,14.015,114.14240000000004,12.125737,-427.20643
CO,PQR–QM9 overlap,16.599,32.04186000000001,3.213009,-204.75811
OCc1cccc(c1)O,PQR–QM9 overlap,9.16,124.13722000000004,13.627945,-275.43086
CCC(C(C)C)(C)C,PQR–QM9 overlap,17.672,114.22852000000007,15.392675,-195.45434
CCCC(=O)NC,PQR–QM9 overlap,14.165,101.14694000000004,11.416038,-272.812
CC(C(C)(C)C)(C)C,PQR–QM9 overlap,14.398,114.22852000000006,15.370052,-198.2153
COCCC#N,PQR–QM9 overlap,11.328,85.10448000000004,8.997393,-80.1552
OC1CC(C1)(C)C,PQR–QM9 overlap,13.178,100.15888000000004,11.839326,-249.45529
COC(=O)CC(C)C,PQR–QM9 overlap,11.637,116.15828000000003,12.636171,-469.43501
CC(=O)C1(C)CC1,PQR–QM9 overlap,13.87,98.14300000000006,11.545759,-149.95481
CCCNC=O,PQR–QM9 overlap,13.842,87.12036000000003,9.225959,-152.80463
CCC(C#N)(C)C,PQR–QM9 overlap,16.113,97.15824000000003,12.008827,-9.19597
CCCCCCCC#C,PQR–QM9 overlap,12.294,124.22334000000008,16.607815,67.46842
CC(=O)N1CC1,PQR–QM9 overlap,13.698,85.10448000000004,9.190959,-60.50823
OCCC#C,PQR–QM9 overlap,14.977999999999998,70.08984000000004,7.965477,8.36567
CC1CC(=O)NC(=O)C1,PQR–QM9 overlap,13.885,127.14116000000004,13.162886,-442.09659
Cc1ccc(o1)C=O,PQR–QM9 overlap,11.994,110.11064000000005,11.910005,-186.0223
O=Cc1cccn1C,PQR–QM9 overlap,12.13,109.12588000000004,12.449374,-10.44734
CC(C(=O)C(C)(C)C)C,PQR–QM9 overlap,13.638000000000002,128.21204000000006,15.548262,-334.25645
CC(C#CC(C)C)C,PQR–QM9 overlap,11.508,110.19676000000008,14.99365,64.67964
CCC(C#C)(CC)C,PQR–QM9 overlap,15.269,110.19676000000008,14.702164,91.76502
O=Cc1cccc(c1)C,PQR–QM9 overlap,12.128,120.14852000000003,14.511516,-66.26442
Cn1cccc1,PQR–QM9 overlap,9.711,81.11578000000004,10.067352,107.67504
CC(CC#C)C,PQR–QM9 overlap,12.291,82.14360000000005,11.057102,128.64416
Nc1ccncn1,PQR–QM9 overlap,9.178,95.10260000000002,10.251917,143.8422
O=C1CCCCO1,PQR–QM9 overlap,14.59,100.11582000000004,10.403802,-386.60961
CCC(OC1CC1)(C)C,PQR–QM9 overlap,11.729,128.2120400000001,15.711988,-211.54953
CC(=O)OC1CC1,PQR–QM9 overlap,14.582,100.11582000000004,10.49145,-306.36496
O=C1CCCCCO1,PQR–QM9 overlap,11.329,114.14240000000004,12.228112,-406.63382
Cc1ccc([nH]1)C,PQR–QM9 overlap,9.331,95.14236000000004,11.988195,31.53729
Nc1ccccc1,PQR–QM9 overlap,11.791,93.12648000000004,11.809364,88.78185
CC1(C)CC1,PQR–QM9 overlap,16.079,70.13290000000002,9.539862,-5.90373
c1ccnnc1,PQR–QM9 overlap,12.742,80.08796000000002,8.85436,222.38912
O=CCCC=O,PQR–QM9 overlap,10.517,86.08924000000003,8.439572,-304.19512
OCCCC(C)C,PQR–QM9 overlap,16.377,102.17476000000006,12.372412,-319.98941
CC(NC(=O)C)C,PQR–QM9 overlap,11.175,101.14694000000006,11.439104,-295.95601
CC(CC#CC(C)C)C,PQR–QM9 overlap,11.464,124.22334000000008,16.82494,41.30179
Fc1ccc(c(c1)F)F,PQR–QM9 overlap,9.397,132.08322959999998,10.580184,-478.35497
OCC(CO)O,PQR–QM9 overlap,12.065,92.09382000000004,8.052238,-592.08321
O=C1C=CC(=O)N1,PQR–QM9 overlap,12.423,97.07212,9.214014,-211.56383
CCOC(=O)CC#CC,PQR–QM9 overlap,14.425999999999998,126.15310000000004,14.117099,-219.24485
O=CN(C=O)C=O,PQR–QM9 overlap,13.854,101.06082,8.297552,-478.7651
CCCC(=O)CC,PQR–QM9 overlap,13.975,100.15888000000008,11.969347,-287.46484
CCC(CC)C,PQR–QM9 overlap,18.014,86.17536000000007,11.763516,-155.76637
CCCCCOC(=O)C,PQR–QM9 overlap,11.687,130.18486000000007,14.560394,-500.12913
CCCCOC1CC1,PQR–QM9 overlap,11.739,114.18546000000006,13.933407,-165.65795
C1CC1C1CC1,PQR–QM9 overlap,12.494,82.14360000000005,11.029427,123.33085
Oc1c(C)cccc1O,PQR–QM9 overlap,11.946,124.13722000000004,13.678167,-307.35271
C1CCC2(C1)CCCC2,PQR–QM9 overlap,14.195,124.22334000000008,16.163824,-125.39578
OCCC(C)C,PQR–QM9 overlap,16.369,88.14818000000005,10.538857,-299.00023
OCCCC=O,PQR–QM9 overlap,13.858,88.10512000000004,8.883938,-373.23762
CCOC(=O)NC(=O)N,PQR–QM9 overlap,11.02,132.11791999999997,11.699796,-578.38458
Nc1cccccc1=O,PQR–QM9 overlap,10.928999999999998,121.13658000000004,14.563254,32.76233
CC(=O)C(C)(C)C,PQR–QM9 overlap,13.855,100.15888000000008,11.928821,-289.03719
CC(C(=O)C1CCC1)C,PQR–QM9 overlap,13.721,126.19616000000006,15.069084,-225.07065
COC(=O)C1CC1,PQR–QM9 overlap,11.355,100.11582000000004,10.428345,-296.35776
O=CCC(=O)C,PQR–QM9 overlap,13.597,86.08924000000003,8.441193,-316.66597
Nc1ccc(cc1)O,PQR–QM9 overlap,8.113999999999999,109.12588000000004,12.606698,-88.05397
CN(CC#N)C,PQR–QM9 overlap,10.593,84.11972000000004,9.618979,118.08778
CCNC(=O)C,PQR–QM9 overlap,10.852,87.12036000000005,9.644642,-261.3371
C1CCC1,PQR–QM9 overlap,17.747,56.10631999999998,7.603578,-9.51471
c1nccnc1C#N,PQR–QM9 overlap,12.126,105.09742,11.290962,341.47489
NC(=O)C1CCCCC1,PQR–QM9 overlap,11.665,127.18422000000008,14.450339,-291.78998
Cc1ccn(n1)C(=O)N,PQR–QM9 overlap,12.686,125.12858000000004,12.841696,-20.57938
CCCCOCCO,PQR–QM9 overlap,11.936,118.17416000000006,13.082826,-455.19866
CCC#CC(C)C,PQR–QM9 overlap,11.476,96.17018000000006,13.139223,87.61519
CCCOCCC,PQR–QM9 overlap,11.935,102.17476000000003,12.500853,-289.91804
C#CC(C)(C)C,PQR–QM9 overlap,15.414,82.14360000000003,11.052375,126.2721
CCOC(=O)CC(C)C,PQR–QM9 overlap,11.84,130.18486000000004,14.469497,-500.5928
C1Cc2c(C1)cccc2,PQR–QM9 overlap,9.534,118.17570000000003,15.483475,53.74425
C#CC(F)(F)F,PQR–QM9 overlap,12.391,94.0352496,5.612856,-415.28978
CCCCCNC(=O)C,PQR–QM9 overlap,14.113,129.20010000000005,15.120952,-325.62047
O=Cc1ccc(o1)C#N,PQR–QM9 overlap,8.596,121.09352,12.471552,12.5153
COCCOCCC=O,PQR–QM9 overlap,13.842,132.15768,13.368593,-501.95377
ON=C(C)C,PQR–QM9 overlap,10.476,73.09378000000004,7.853052,-92.02016
C#CC1CC(C1)(C)C,PQR–QM9 overlap,11.684,108.18088000000006,14.259016,178.47665
O=Cc1ccc(o1)C=O,PQR–QM9 overlap,8.843,124.09416000000002,12.353439,-247.7515
CCCC(=O)C(C)(C)C,PQR–QM9 overlap,13.773,128.21204000000006,15.595239,-333.56131
Fc1ccccc1,PQR–QM9 overlap,9.449000000000002,96.10230320000002,10.419515,-102.91102
Cc1noc(c1C)N,PQR–QM9 overlap,12.207,112.12982000000004,11.974113,16.73035
CC(=O)C(C(=O)C)(O)C,PQR–QM9 overlap,13.316,130.14180000000002,12.73782,-594.59171
CCCCOCC,PQR–QM9 overlap,11.952000000000002,102.17476000000008,12.501499,-288.59026
Oc1cc(O)cc(c1)O,PQR–QM9 overlap,12.605,126.11004000000004,12.45614,-483.45215
CCCCCC#CC,PQR–QM9 overlap,11.744,110.19676000000008,14.884197,68.70077
CC1(C)COCOC1,PQR–QM9 overlap,12.231,116.15828000000006,12.511584,-414.66465
OCc1cncnc1N,PQR–QM9 overlap,8.931,125.12858000000004,12.758401,-65.37159
OCc1cnc[nH]1,PQR–QM9 overlap,12.834,98.10324000000004,9.937987,-38.67271
CC1(C)CCCCC1,PQR–QM9 overlap,14.487,112.21264000000008,14.920168,-164.35468
CC(OC(=O)C1CC1)C,PQR–QM9 overlap,11.322,128.16898000000003,14.113878,-364.62985
CC(CC#N)C,PQR–QM9 overlap,13.124,83.13166000000005,10.174992,10.49965
Oc1ccc(cc1)O,PQR–QM9 overlap,11.599,110.1106,12.0991,-272.79293
CCC(=O)NC,PQR–QM9 overlap,14.153,87.12036000000005,9.631819,-246.78692
COCC#N,PQR–QM9 overlap,10.998,71.07790000000003,7.190748,-40.98435
CC(=O)C#N,PQR–QM9 overlap,13.541,69.06202000000002,6.752048,-28.61644
CCC(=O)N,PQR–QM9 overlap,11.397,73.09378000000004,7.667718,-252.90725
CC(=O)OCC(C)(C)C,PQR–QM9 overlap,14.971,130.18486000000004,14.494612,-507.29634
CNC(=O)C(C)(C)C,PQR–QM9 overlap,14.118,115.17352000000004,13.196751,-297.4052
CCCCNC=O,PQR–QM9 overlap,14.049,101.14694000000006,11.447605,-251.99395
COCCCC(C)C,PQR–QM9 overlap,12.008,116.20134000000007,14.292229,-303.26483
CCCCC(=O)C,PQR–QM9 overlap,14.061,100.15888,11.968194,-292.22094
COCC(=O)OC,PQR–QM9 overlap,14.395,104.10452000000004,9.683974,-518.22848
Cc1nonc1C(=O)N,PQR–QM9 overlap,12.696,127.10140000000004,11.376428,-10.57674
c1ccc2c(c1)n[nH]n2,PQR–QM9 overlap,8.213999999999999,119.12400000000002,13.375982,364.59039
OCC1(CO)COC1,PQR–QM9 overlap,14.77,118.13110000000005,11.217213,-485.39229
CCC(C(=O)C)(C)C,PQR–QM9 overlap,13.842,114.18546000000008,13.75961,-309.74812
CC(=O)C(=O)C,PQR–QM9 overlap,12.409,86.08924,8.570055,-343.53534
COC1(C)CC1,PQR–QM9 overlap,11.89,86.13230000000006,10.213502,-130.25584
CCC(=O)NC1CCC1,PQR–QM9 overlap,14.036,127.18422000000008,14.659274,-227.62147
CCC(=O)NCC(C)C,PQR–QM9 overlap,14.108,129.20010000000005,15.104765,-324.10531
Fc1ccc(cc1)F,PQR–QM9 overlap,9.135,114.09276640000002,10.506883,-296.63598
CCC(C(C)(C)C)(C)C,PQR–QM9 overlap,17.591,128.25510000000008,17.189214,-211.88405
c1ncc2c(n1)[nH]nc2,PQR–QM9 overlap,11.983,120.11206,12.434674,346.98078
O=c1cccccc1,PQR–QM9 overlap,11.512,106.12194000000002,12.968834,56.00511
Cc1c(C)cccc1O,PQR–QM9 overlap,12.21,122.16440000000006,14.872901,-166.76827
c1cn[nH]n1,PQR–QM9 overlap,13.574000000000002,69.06532000000001,6.646417,261.06705
OCC(CO)C,PQR–QM9 overlap,16.241,90.12100000000004,9.284223,-444.37831
CC1(C)CCCC1,PQR–QM9 overlap,14.408,98.18606000000008,13.03889,-137.05897
CCC(C)C,PQR–QM9 overlap,18.38,72.14878000000003,9.945761,-135.90265
Cc1ccccc1O,PQR–QM9 overlap,12.194,108.13782000000003,12.978981,-129.17403
OCC(CO)(CO)C,PQR–QM9 overlap,12.395,120.14698000000006,11.664267,-632.25839
CCC(C=O)(C)C,PQR–QM9 overlap,13.656,100.15888000000004,11.956195,-251.66417
CCC1=CCCC1,PQR–QM9 overlap,13.505,96.17018000000004,12.90131,-38.81231
Nc1cccc(c1)F,PQR–QM9 overlap,8.773,111.11694320000002,11.894568,-114.68182
CCCCC#CCCC,PQR–QM9 overlap,11.692,124.22334000000008,16.873236,45.76074
O=CNCc1ccco1,PQR–QM9 overlap,9.7,125.12528000000005,12.853959,-194.5983
COc1ccccc1,PQR–QM9 overlap,9.169,108.13782000000003,13.050763,-71.4032
CCCCC#N,PQR–QM9 overlap,12.963,83.13166000000004,10.199267,14.6946
Cc1cccnc1N,PQR–QM9 overlap,8.791,108.14112000000004,12.991211,83.3354
C1CCCC1,PQR–QM9 overlap,14.908,70.13290000000002,9.420658,-83.58616
CCCCCC(=O)CC,PQR–QM9 overlap,13.972,128.21204000000006,15.636114,-330.05155
Oc1ccc(cc1)F,PQR–QM9 overlap,8.968,112.10170320000005,11.170039,-286.39754
OCC(F)(F)F,PQR–QM9 overlap,15.975,100.03982960000002,5.163029,-867.32517
O=C1CN(C(=O)N1)C,PQR–QM9 overlap,13.251,114.10264000000002,10.738031,-334.09375
CC(=O)C1CCCCC1,PQR–QM9 overlap,13.859,126.19616000000008,15.139653,-291.54732
Cc1c[nH]nc1,PQR–QM9 overlap,13.085,82.10384000000003,9.286541,150.74401
CCCC(=O)NC1CC1,PQR–QM9 overlap,13.753,127.18422000000004,14.835886,-181.6956
CCC(=O)OC,PQR–QM9 overlap,14.951,88.10512000000004,8.984653999999999,-423.45051
O=C1OCC(=O)OC1,PQR–QM9 overlap,10.487,116.07216,9.561403,-616.24113
CC(C(C)C)C(C)C,PQR–QM9 overlap,17.726,114.22852000000007,15.384756,-192.90279
Cc1cccc(c1)O,PQR–QM9 overlap,9.259,108.13782000000003,12.987413,-135.02275
CN(C(=O)C(C)(C)C)C,PQR–QM9 overlap,13.637,129.20010000000005,15.13178,-282.95156
Nc1cccc(c1C)N,PQR–QM9 overlap,11.792000000000002,122.16770000000004,15.041184,52.85433
COC(C)C,PQR–QM9 overlap,12.088,74.12160000000002,8.785141,-251.782
O=COC(C)C,PQR–QM9 overlap,14.904,88.10512000000004,8.980916,-419.5418
CCC(=O)OC1CC1,PQR–QM9 overlap,14.589,114.14240000000004,12.341371,-324.82942
CN(C(=O)C1(C)CC1)C,PQR–QM9 overlap,13.579,127.18422000000004,14.723669,-147.58752
Cc1ccccc1N,PQR–QM9 overlap,11.748,107.15306000000004,13.697919,54.9739
O=C1COC1,PQR–QM9 overlap,10.579,72.06266000000002,6.642786,-202.858
CC1=CC(=O)OCC1,PQR–QM9 overlap,13.175999999999998,112.12652000000004,12.092286,-325.95523
Fc1c(O)cccc1F,PQR–QM9 overlap,8.912,130.09216639999997,11.251514,-461.90396
Nc1cc(N)cc(c1)N,PQR–QM9 overlap,9.228,123.15576000000004,14.441126,57.20749
CCCCOCC=O,PQR–QM9 overlap,13.745,116.15828000000006,12.686224,-356.71212
CCOCC(C)C,PQR–QM9 overlap,11.956,102.17476000000008,12.472526,-291.37019
C1CCC=CC=CC1,PQR–QM9 overlap,10.174,108.18088000000004,14.484639,72.39907
CCCC(=O)OC1CC1,PQR–QM9 overlap,11.332999999999998,128.16898000000003,14.172015,-347.25911
CCCCCC(=O)NC,PQR–QM9 overlap,14.165,129.20010000000005,15.088636,-315.26792
CCOCC,PQR–QM9 overlap,11.991,74.12160000000006,8.820563,-246.27913
O=COC(C)(C)C,PQR–QM9 overlap,11.481,102.13170000000004,10.760105,-453.87725
CC(c1ccccc1)C,PQR–QM9 overlap,9.789,120.19158000000006,15.944367,13.54233
CCC(=O)C=O,PQR–QM9 overlap,12.19,86.08924000000003,8.575043,-284.54915
CCC(=O)NC(C)(C)C,PQR–QM9 overlap,14.215,129.20010000000005,15.021058,-336.78417
OCC(=O)CO,PQR–QM9 overlap,13.489,90.07794000000004,7.683372,-532.9749
Nc1ncc(c(n1)N)C,PQR–QM9 overlap,11.889,124.14382000000003,13.629618,95.73009
CCNC(=O)N,PQR–QM9 overlap,14.108,88.10842000000004,8.887234,-224.67492
O1CCOCC1,PQR–QM9 overlap,11.585,88.10512000000003,8.903863,-343.38942
Cc1ccc(cc1)N,PQR–QM9 overlap,8.616,107.15306000000004,13.770111,51.56296
CC(CC(=O)N)C,PQR–QM9 overlap,14.642,101.14694000000006,11.3028,-300.37307
N#CCCNCCC#N,PQR–QM9 overlap,13.882,123.15576000000004,13.557298,206.63991
COCCOCCO,PQR–QM9 overlap,11.333,120.14698000000006,11.919884,-538.23152
CCCC(C=O)(C)C,PQR–QM9 overlap,13.649,114.18546000000003,13.446539,-129.92372
COCCOCCOC,PQR–QM9 overlap,11.255999999999998,134.17355999999998,13.850676,-521.30025
CCCOC1(C)CC1,PQR–QM9 overlap,11.807,114.18546000000008,13.908486,-182.71737
CCCCCCC#N,PQR–QM9 overlap,15.649,111.18482000000007,13.87798,-28.00169
O=CNC(C)(C)C,PQR–QM9 overlap,11.136,101.14694000000006,11.490216,-270.99896
Cc1[nH]nc(c1)C,PQR–QM9 overlap,13.207,96.13042000000004,11.190593,109.89164
O=C1CCCN1C,PQR–QM9 overlap,13.782,99.13106000000003,11.010043,-209.23978
CN1C(=O)C=CC1=O,PQR–QM9 overlap,11.876,111.09870000000002,11.10426,-212.58846
N#CC(F)(F)F,PQR–QM9 overlap,16.925,95.0233096,4.746073,-495.26225
O1Cc2c(C1)cccc2,PQR–QM9 overlap,9.051,120.14852000000003,14.251894,-51.04177
CCCC(CC)CC,PQR–QM9 overlap,14.763,114.22852000000007,15.394489,-191.40107
N#Cc1cccc(c1)O,PQR–QM9 overlap,11.8,119.12070000000004,13.514126,39.95529
O=C1CCC1,PQR–QM9 overlap,10.72,70.08984,7.835728,-126.64431
c1ccc2c(c1)[nH]cc2,PQR–QM9 overlap,8.562,117.14788000000004,14.820888,178.47224
COC(=N)C,PQR–QM9 overlap,14.508,73.09378000000004,7.764265,-152.68317
NCC(=O)OC(C)(C)C,PQR–QM9 overlap,10.507,131.17292,13.879103,-473.21783
Oc1cccc(c1)F,PQR–QM9 overlap,8.974,112.10170320000005,11.153969,-293.0986
COC1CCCC1,PQR–QM9 overlap,12.038,100.15888000000008,11.914254,-243.11252
OCC(CO)(C)C,PQR–QM9 overlap,12.63,104.14758000000006,11.088981,-465.88147
Cc1c(N)cccc1F,PQR–QM9 overlap,8.452,125.14352320000005,13.779884,-143.15158
CC#CC(C)C,PQR–QM9 overlap,11.551,82.14360000000005,11.273403,106.5362
CC(=O)C1=CCCC1,PQR–QM9 overlap,12.767,110.15370000000006,13.224823,-158.996
O=Cc1ccccc1O,PQR–QM9 overlap,11.587,122.12134000000002,13.329638,-241.37274
CCOC(=O)C1CCC1,PQR–QM9 overlap,11.445,128.16898000000003,14.01939,-389.54567
CCCCOC1CCC1,PQR–QM9 overlap,11.918,128.21204000000006,15.651646,-235.98761
NC(=O)CCC(=O)N,PQR–QM9 overlap,11.641,116.11852000000005,10.860678,-436.32177
Cc1ccc(=O)[nH]c1,PQR–QM9 overlap,11.48,110.13382,0.0,-121.71757
CCOCCC(C)(C)C,PQR–QM9 overlap,11.938,130.22792000000007,16.119684,-336.25795
CCCCCC#CCC,PQR–QM9 overlap,11.742,124.22334000000008,16.741124,48.13222
C#CC1CCCCC1,PQR–QM9 overlap,11.865,108.18088000000006,14.305444,130.48361
CCCC(=O)N(CC)C,PQR–QM9 overlap,13.703,129.20010000000005,15.157931,-297.46097
CCN(C=O)CC,PQR–QM9 overlap,13.67,101.14694000000006,11.511083,-239.45151
CCOC(=O)N(C)C,PQR–QM9 overlap,10.044,117.14634000000004,12.186688,-415.43937
CCOC(=O)NC,PQR–QM9 overlap,10.585,103.11976000000004,10.268175,-418.33651
N#CCc1ccccc1,PQR–QM9 overlap,9.842,117.14788000000004,14.379743,197.18339
CC#CCC(C)C,PQR–QM9 overlap,11.818,96.17018000000006,13.110065,83.75789
CCOCCOC(=O)C,PQR–QM9 overlap,10.977,132.15768,13.511876,-571.57974
N#CC1CCCC1,PQR–QM9 overlap,12.452,95.14236000000004,11.481753,45.31545
O=CNC1CCCCC1,PQR–QM9 overlap,10.989,127.18422000000008,14.609972,-260.03499
CC(=O)CC(O)(C)C,PQR–QM9 overlap,11.049,116.15828000000006,12.491552,-484.58825
OCCCCCCCO,PQR–QM9 overlap,13.37,132.20074000000002,14.831257,-505.0543
CNC(=O)CCC(C)C,PQR–QM9 overlap,14.167000000000002,129.20010000000005,15.065816,-316.37417
O=CCCCC=O,PQR–QM9 overlap,13.765,100.11582000000004,10.262086,-319.20826
CC(=O)C(C)C,PQR–QM9 overlap,13.941,86.13230000000006,10.122473,-269.37968
CC(COCC(C)C)C,PQR–QM9 overlap,11.919,130.22792000000004,16.123622,-336.73253
Cn1ccc(c1)C(=O)C,PQR–QM9 overlap,12.622,123.15246000000003,14.117063,-82.78034
CC1=C(C)CCC1,PQR–QM9 overlap,9.992,96.17018000000006,12.976539,-59.17564
Cc1cc(C)cc(c1)O,PQR–QM9 overlap,9.321,122.16440000000006,14.887033,-177.40297
CCCNC(=O)CCC,PQR–QM9 overlap,14.114,129.20010000000005,15.120431,-322.5707
C1CCC(C1)OC1CC1,PQR–QM9 overlap,11.724,126.19616000000008,15.205781,-150.27113
CC(CC(=O)C(C)C)C,PQR–QM9 overlap,13.822,128.21204000000006,15.569449,-334.86663
N#CC(C(C)(C)C)C#N,PQR–QM9 overlap,12.55,122.16770000000004,14.054934,140.93235
CCN(C(=O)N)CC,PQR–QM9 overlap,13.854,116.16158000000006,12.621097,-265.18496
OCC#C,PQR–QM9 overlap,11.386,56.06325999999999,6.136046,55.56795
NC(=O)c1ccco1,PQR–QM9 overlap,9.164,111.09870000000002,11.019515,-197.86872
CCCCCCCC,PQR–QM9 overlap,14.606000000000002,114.22852000000007,15.465363,-203.16337
CCCC(=O)C1(C)CC1,PQR–QM9 overlap,13.785,126.19616000000006,15.206997,-189.89135
FC(F)(F)F,PQR–QM9 overlap,19.341,88.0043128,2.734437,-903.47633
C#CC1CCCC1,PQR–QM9 overlap,15.248,94.15430000000003,12.375652,164.4598
[C@@H]12[C@@H]3[C@@H]4[C@H]2[C@@H]2[C@H]1[C@H]3[C@H]42,PQR–QM9 overlap,13.133,104.14912000000004,12.823353,525.67297
CC(OC1(C)CC1)C,PQR–QM9 overlap,15.102,114.18546000000008,13.883642,-194.2995
O=C1CN=C(N1)N,PQR–QM9 overlap,9.721,99.09130000000005,9.379326,-67.91645
CCc1ccnn1C,PQR–QM9 overlap,9.928999999999998,110.15700000000004,13.07448,142.5573
NC(=O)CO,PQR–QM9 overlap,14.588,75.06660000000002,6.4232700000000005,-387.64146
COC=O,PQR–QM9 overlap,11.636,60.051959999999994,5.292462,-351.32944
CCCC(C#N)(C)C,PQR–QM9 overlap,12.623,111.18482000000006,13.842964,-30.95756
CCC(=O)C(=O)C,PQR–QM9 overlap,9.68,100.11582000000004,10.411191,-364.14508
CCC(CO)CC,PQR–QM9 overlap,13.085,102.17476000000008,12.358407,-318.8164
CC1CCCCC1,PQR–QM9 overlap,14.613,98.18606000000008,13.126345,-141.78142
COC(=O)CCC(=O)C,PQR–QM9 overlap,14.104,130.14180000000002,12.828798,-598.20963
CCCCC#CCC,PQR–QM9 overlap,11.397,110.19676000000008,15.006656,69.78248
CNC(=O)C1(C)CCC1,PQR–QM9 overlap,14.082,127.18422000000004,14.5315,-217.28958
Fc1cccc(c1)F,PQR–QM9 overlap,9.69,114.09276640000002,10.484916,-299.04998
NC(=O)c1c(O)nc[nH]1,PQR–QM9 overlap,11.922999999999998,127.10140000000004,11.548084,-208.36044
C#Cc1ccccc1,PQR–QM9 overlap,8.862,102.13324,13.828921,331.83604
Cc1cccc(c1N)C,PQR–QM9 overlap,11.73,121.17964000000003,15.572194,21.45922
CCCC(=O)N1CC1,PQR–QM9 overlap,13.673000000000002,113.1576,12.77568,-101.9498
C1CCCCOC1,PQR–QM9 overlap,11.937,100.15888000000004,11.923812,-241.61628
c1ccccc1,PQR–QM9 overlap,9.76,78.11184000000003,10.350401,96.05012
CCC(=O)NC1CC1,PQR–QM9 overlap,13.759,113.15764000000006,12.990636,-158.87978
CCN1CC1,PQR–QM9 overlap,15.218,71.12096000000004,8.94121,97.33332
OCCOC=O,PQR–QM9 overlap,11.356,90.07794000000004,7.779184,-539.09991
Nc1n[nH]nn1,PQR–QM9 overlap,12.234,85.06802000000002,7.297601,334.65982
O=CCCCCC=O,PQR–QM9 overlap,10.815,114.14240000000004,12.0994,-345.62082
CCCCCCC#C,PQR–QM9 overlap,11.981000000000002,110.19676000000008,14.708611,96.49026
COc1cccnc1,PQR–QM9 overlap,8.814,109.12588000000004,12.34908,-26.61019
O=Cc1ccc(cc1)F,PQR–QM9 overlap,12.349,124.11240320000005,12.66062,-224.01779
CC(COC(C)(C)C)C,PQR–QM9 overlap,11.99,130.22792000000004,16.094268,-361.40145
O=C1OCCC1(C)C,PQR–QM9 overlap,11.300999999999998,114.14240000000004,12.126707,-419.41937
Cn1cccn1,PQR–QM9 overlap,9.991,82.10384000000003,9.325839,186.61366
O=CNCCC(C)C,PQR–QM9 overlap,13.823,115.17352000000004,12.887708,-197.10495
Cc1ccc(cc1)C,PQR–QM9 overlap,9.466,106.16500000000003,14.207698,15.50345
C1CCCC=CCC1,PQR–QM9 overlap,13.808,110.19676000000004,14.709008,-30.40625
CC(C#C)C,PQR–QM9 overlap,12.021999999999998,68.11702000000001,9.223662,152.03478
O=CNCC(C)(C)C,PQR–QM9 overlap,13.787,115.17352000000004,12.809663,-202.67884
O=CCC(F)(F)F,PQR–QM9 overlap,13.961,112.0505296,6.531932,-829.68379
CC(=O)NC(=O)CN,PQR–QM9 overlap,13.155,116.11852000000005,11.086756,-378.28035
CCCC(=O)OC,PQR–QM9 overlap,14.951999999999998,102.13170000000004,10.831486,-445.40485
CC(OC1CCC1)(C)C,PQR–QM9 overlap,11.965,128.21204000000006,15.597628,-264.39158
CCC#CCC(C)C,PQR–QM9 overlap,11.399,110.19676000000008,14.986902,65.23785
CC(CCC(C)C)C,PQR–QM9 overlap,17.874,114.22852000000007,15.390387,-202.18211
Cc1ncc(c(n1)N)C,PQR–QM9 overlap,12.026,123.15576000000004,14.1193,69.84962
CCCCCNCC#N,PQR–QM9 overlap,13.638,126.19946000000007,15.133885,39.10268
O=Cc1ccc(cc1)N,PQR–QM9 overlap,8.440000000000001,121.13658000000004,14.265173,-42.14142
O=c1occo1,PQR–QM9 overlap,9.829,86.04618,6.964227,-368.17236
CCOC1(C)CCC1,PQR–QM9 overlap,11.962,114.18546000000008,13.780693,-231.76433
N#CC1CCCCC1,PQR–QM9 overlap,15.662,109.16894000000003,13.350931,13.94799
N#Cc1ccc(cc1)C,PQR–QM9 overlap,12.241,117.14788000000004,14.742256,181.27453
C1CCOCO1,PQR–QM9 overlap,11.918,88.10512000000004,8.901905,-362.44759
CCCCOCC(C)C,PQR–QM9 overlap,11.92,130.22792000000004,16.156021,-333.84292
CCCCCOCC,PQR–QM9 overlap,11.949,116.20134000000007,14.3408,-309.86479
CC(CNC(=O)C)C,PQR–QM9 overlap,14.099,115.17352000000008,13.260505,-307.28396
CC(COC1CCC1)C,PQR–QM9 overlap,11.923000000000002,128.21204000000006,15.608047,-240.34412
O=CC1CCCC1,PQR–QM9 overlap,13.734000000000002,98.14300000000004,11.475001,-200.23386
ON=C1CCCCC1,PQR–QM9 overlap,10.459,113.15764000000004,12.930518,-111.07148
C1COC1=O,PQR–QM9 overlap,11.495,72.06266000000002,6.692704,-254.28824
NC(=O)c1ccncc1,PQR–QM9 overlap,9.766,122.12464,12.982924,-41.53344
C1CC1c1ccccc1,PQR–QM9 overlap,9.495,118.17570000000003,15.552015,156.93832
CCCCC#CC(C)C,PQR–QM9 overlap,11.437,124.22334000000008,16.869015,44.9767
c1ccc2c(c1)c[nH]c2,PQR–QM9 overlap,7.72,117.14788000000004,15.033736,196.2078
Cc1conc1,PQR–QM9 overlap,13.062,83.08860000000003,8.729384,57.68015
CC(=O)n1cncc1,PQR–QM9 overlap,12.34,110.11394000000004,11.566807,-45.05788
CCCC(=O)N(C)C,PQR–QM9 overlap,13.659,115.17352000000004,13.336251,-270.19183
N#CC1(CCCC1)C#N,PQR–QM9 overlap,12.142,120.15182000000004,13.592786,198.41343
CC(OC1CC1)C,PQR–QM9 overlap,11.64,100.15888000000008,12.096575,-158.17238
CCCCCC,PQR–QM9 overlap,14.707999999999998,86.17536000000007,11.79723,-160.47194
CCC(=O)C(C)(C)C,PQR–QM9 overlap,13.779,114.18546000000008,13.759946,-310.53564
CNc1ccc(cc1)F,PQR–QM9 overlap,8.423,125.14352320000005,13.874695,-102.19477
Fc1nc(F)nc(n1)F,PQR–QM9 overlap,10.048,135.04740959999998,8.313255999999999,-275.98388
COc1ccccc1N,PQR–QM9 overlap,8.455,123.15246000000003,14.451861,-65.19595
COC(=O)C(F)(F)F,PQR–QM9 overlap,14.494,128.0499296,7.378396,-992.69185
C1CCC2(CC1)CCC2,PQR–QM9 overlap,13.71,124.22334000000008,16.240296,-85.92568
CCCOC,PQR–QM9 overlap,12.02,74.1216,8.798432,-239.04537
CC#CC#C,PQR–QM9 overlap,10.1,64.08526,9.207867,421.16151
C#CC1(C)CCC1,PQR–QM9 overlap,15.038,94.15430000000003,12.431307,208.59653
CC1CC1,PQR–QM9 overlap,13.116,56.10632,7.715227,23.1795
Cc1ccc(c(c1)N)C,PQR–QM9 overlap,11.763,121.17964000000006,15.612081,13.86882
Nc1ccc(c(c1)N)C,PQR–QM9 overlap,8.59,122.16770000000004,15.130556,44.71268
O=C1COCCO1,PQR–QM9 overlap,14.132,102.08864000000004,9.205282,-485.22638
Cc1ccco1,PQR–QM9 overlap,12.761,82.10054000000004,9.466264,-68.60876
CCCCCNC=O,PQR–QM9 overlap,13.848,115.17352000000004,12.906531,-194.57404
O=C(C1CC1)OC1CC1,PQR–QM9 overlap,14.316,126.15310000000004,13.778508,-197.6567
O=C1CCCC(=O)C1C,PQR–QM9 overlap,10.734,126.15310000000004,13.573858,-394.49865
OCC1CCCCC1,PQR–QM9 overlap,13.336,114.18546000000008,13.717128,-297.90484
CCC1(CC)CC1,PQR–QM9 overlap,16.033,98.18606000000008,13.175436,-38.95556
O=C1OCCN1C,PQR–QM9 overlap,13.738,101.10388000000005,9.772376,-337.54713
N#CC(C#N)(C#N)C,PQR–QM9 overlap,13.261,105.09742,10.657585,396.57529
CC(NC(=O)C1CC1)C,PQR–QM9 overlap,13.94,127.18422000000004,14.699525,-187.83334
CNCC(=O)OC,PQR–QM9 overlap,10.026,103.11976000000004,10.271835,-371.16671
N#CCCC(C)(C)C,PQR–QM9 overlap,15.902,111.18482000000006,13.8383,-32.9921
O=CC(C=O)C,PQR–QM9 overlap,13.41,86.08924000000003,8.454869,-301.28503
OCc1ccccc1N,PQR–QM9 overlap,11.567,123.15246000000003,14.32491,-120.22159
Nc1ncnc(n1)N,PQR–QM9 overlap,12.582,111.10530000000004,10.889894,155.06636
CCOC=O,PQR–QM9 overlap,14.933,74.07854000000002,7.167981,-383.40186
c1cnno1,PQR–QM9 overlap,13.343,70.05008000000001,6.098509,153.87776
c1ncc2c(c1)[nH]nc2,PQR–QM9 overlap,11.744,119.12400000000002,13.213449,303.01327
CCOC(=O)C(C)C,PQR–QM9 overlap,11.497,116.15828000000006,12.693146,-478.62001
CC(=O)c1cccnc1,PQR–QM9 overlap,12.404,121.13658000000004,13.628137,-44.92329
O[C@@H]1CC=CC1,PQR–QM9 overlap,10.495,84.11642000000005,9.731846,-154.53658
OCCCCO,PQR–QM9 overlap,12.933,90.12100000000004,9.326716,-434.52503
CC#N,PQR–QM9 overlap,16.993000000000002,41.05192,4.656347,76.18758
CCCCC(=O)C1CC1,PQR–QM9 overlap,13.785,126.19616000000006,15.232272,-185.98925
CC(C(=O)N)C,PQR–QM9 overlap,14.664,87.12036000000003,9.493201,-275.77898
OCC=O,PQR–QM9 overlap,13.904,60.051959999999994,5.226621,-321.67371
CCC(C#C)CC,PQR–QM9 overlap,11.959,96.17018000000006,12.908077,111.4046
CCC(OC(C)C)(C)C,PQR–QM9 overlap,12.007,130.22792000000007,16.074616,-366.89067
CC(C(=O)C1(C)CC1)C,PQR–QM9 overlap,13.675,126.19616000000006,15.184979,-189.08728
O=C1NCC(=O)N1,PQR–QM9 overlap,10.615,100.07606,8.8109,-327.94984
C1CCCCCCC1,PQR–QM9 overlap,14.681,112.21264000000004,14.934845,-126.02768
O=C1CN=C(O1)C,PQR–QM9 overlap,13.997,99.08800000000002,9.396523,-268.17474
CC(=O)NC1(C)CCC1,PQR–QM9 overlap,14.103,127.18422000000008,14.521235,-236.47027
CCNC(=O)C1CC1,PQR–QM9 overlap,13.822,113.15764000000004,12.874293,-155.2025
FC(C(F)(F)F)(F)F,PQR–QM9 overlap,16.913,138.0118192,4.720767,-1304.90167
CC(=O)OC(C)(C)C,PQR–QM9 overlap,14.866,116.15828000000003,12.612738,-507.92116
CC(=O)c1ccncc1,PQR–QM9 overlap,12.457999999999998,121.13658000000004,13.593916,-38.38139
C1OCCO1,PQR–QM9 overlap,11.493,74.07854000000003,6.963527,-328.19388
OCC1CCC1,PQR–QM9 overlap,12.978,86.13230000000006,10.022714,-200.74024
CC(=O)NCC(=O)N,PQR–QM9 overlap,10.916,116.11852000000005,10.971727,-413.40688
Oc1c(O)cccc1O,PQR–QM9 overlap,12.012,126.11004000000004,12.475944,-450.37075
CCNC(=O)C(C)C,PQR–QM9 overlap,14.144,115.17352000000004,13.268583,-304.82784
NC(=O)CC(=O)N,PQR–QM9 overlap,11.253,102.09194000000002,9.044081,-413.03491
OCCc1ccccc1,PQR–QM9 overlap,12.791,122.16440000000006,14.7463,-122.92473
COC(=O)CC(=O)C,PQR–QM9 overlap,14.019,116.11522000000004,10.980182,-551.48647
Cc1ccc(cc1)F,PQR–QM9 overlap,9.438,110.12888320000005,12.354612,-142.63338
OCCC#N,PQR–QM9 overlap,11.886,71.07790000000003,7.118846,-97.47139
NC(=O)C1(C)CCC1,PQR–QM9 overlap,14.602,113.15764000000004,12.603306,-217.63171
c1ccn[nH]1,PQR–QM9 overlap,13.501,68.07726000000002,7.373153,187.39794
CNC(=O)C(CC)(C)C,PQR–QM9 overlap,14.12,129.20010000000005,15.040738,-313.39541
OCc1ccccc1,PQR–QM9 overlap,9.732,108.13782,12.868768,-93.46539
CC(OC(=O)C(C)C)C,PQR–QM9 overlap,11.478,130.18486,14.495562,-514.83685
CCOC(=O)CCC#C,PQR–QM9 overlap,11.815,126.15310000000004,13.8778,-203.5504
OCC(CO)(CO)CO,PQR–QM9 overlap,12.529,136.14637999999994,12.230478,-798.0489
CCCC(OC)(C)C,PQR–QM9 overlap,12.071,116.20134000000007,14.251152,-323.88129
C1CCCO1,PQR–QM9 overlap,15.209,72.10572000000005,8.20201,-204.96538
Nc1cccc(c1)N,PQR–QM9 overlap,8.761999999999999,108.14112000000004,13.181601,75.43004
O=C1CCCCC=C1,PQR–QM9 overlap,9.993,110.15370000000006,13.132792,-149.28569
CCC#CCC(C)(C)C,PQR–QM9 overlap,11.39,124.22334000000008,16.781996,38.92846
COC1CCC(=O)CC1,PQR–QM9 overlap,10.812,128.16898000000006,14.031154,-403.33509
N#CC1=CCCC1,PQR–QM9 overlap,12.853,93.12648000000004,11.51784,143.74432
OC1CCCC1,PQR–QM9 overlap,13.44,86.13230000000004,10.003815,-261.79461
CCN(C(=O)C1CC1)C,PQR–QM9 overlap,13.496,127.18422000000004,14.728352,-152.4493
CCC#CC(=O)OCC,PQR–QM9 overlap,10.99,126.15310000000004,14.261852,-196.52794
CCOC(=O)C,PQR–QM9 overlap,11.716,88.10512000000004,9.019429,-437.22716
CC1(CCC1)OC1CC1,PQR–QM9 overlap,11.743,126.19616000000008,15.237272,-109.66623
CC(C1(C)CCCC1)C,PQR–QM9 overlap,14.11,126.23922000000007,16.683991,-170.07043
N#CCC(C)(C)C,PQR–QM9 overlap,16.066,97.15824000000006,11.976398,-17.02842
Nc1cnccn1,PQR–QM9 overlap,11.685,95.10260000000002,10.452512,173.78372
N#Cc1[nH]cnc1C#N,PQR–QM9 overlap,11.124,118.09618,12.174709,437.96191
CNC(=O)N,PQR–QM9 overlap,11.03,74.08184000000003,7.049816,-212.93415
NC(=O)C(C)(C)C,PQR–QM9 overlap,14.634999999999998,101.14694000000004,11.300385,-299.06162
Nc1ccc(c(c1)N)O,PQR–QM9 overlap,11.164,124.14052000000004,14.010506,-93.06484
CCCCC(=O)NC,PQR–QM9 overlap,14.163,115.17352000000004,13.252058,-293.62208
CCC(CC)(CC)O,PQR–QM9 overlap,16.439,116.20134000000007,14.162534,-360.33677
Cc1ccn[nH]1,PQR–QM9 overlap,10.029,82.10384000000003,9.285823,146.12298
N#Cc1cnccc1C,PQR–QM9 overlap,12.503,118.13594000000003,13.861966,221.2806
c1ncc2c(c1)cc[nH]2,PQR–QM9 overlap,8.566,118.13594000000003,14.052309,220.54162
COCCOC(=O)C,PQR–QM9 overlap,14.3,118.13110000000005,11.591776,-542.52342
CC(=O)CO,PQR–QM9 overlap,13.997,74.07854000000003,7.065123,-384.75714
O,PQR–QM9 overlap,15.865,18.01528,1.02389,30.36326
CCCC(=O)C,PQR–QM9 overlap,14.063,86.13230000000001,10.139317,-271.25602
CC#CC,PQR–QM9 overlap,11.671,54.09043999999999,7.548295,147.75841
COCC,PQR–QM9 overlap,12.049,60.095019999999984,6.961862,-217.30676
O=c1ccoc(c1O)C,PQR–QM9 overlap,11.874,127.11798,0.0,-376.07883
OCc1ccco1,PQR–QM9 overlap,12.766000000000002,98.09994000000005,10.077969,-200.28321
OCc1ccccc1C,PQR–QM9 overlap,9.546,122.16440000000006,14.766724,-141.87896
COc1ccncc1,PQR–QM9 overlap,12.552,109.12588000000004,12.257237,-39.60319
CCCCNC(=O)CC,PQR–QM9 overlap,14.123,129.20010000000005,15.12303,-320.75754
CC(=O)C#C,PQR–QM9 overlap,10.408,68.07396000000001,7.64485,68.85769
NC(=O)C1CCCC1,PQR–QM9 overlap,14.632,113.15764000000004,12.6165,-264.49253
CCC(CO)(C)C,PQR–QM9 overlap,13.104,102.17476000000006,12.347719,-316.4848
CCOC(C)C,PQR–QM9 overlap,12.012,88.14818000000007,10.641047,-281.16714
NC(=O)N,PQR–QM9 overlap,14.945,60.05526,5.137722,-213.84452
CC(OC1CCCC1)C,PQR–QM9 overlap,11.989,128.21204000000006,15.586292,-307.75526
CCC(NC=O)(C)C,PQR–QM9 overlap,10.692,115.17352000000004,12.918217,-207.27352
COCCOC,PQR–QM9 overlap,11.511,90.12100000000004,9.462701,-354.71361
O=C(N1CC1)N1CC1,PQR–QM9 overlap,13.330000000000002,112.12982000000004,11.84185,150.9267
CC(=O)NCC(C)(C)C,PQR–QM9 overlap,14.079,129.20010000000005,15.06914,-332.11253
O=C1CCCCN1,PQR–QM9 overlap,11.142,99.13106000000003,10.97385,-234.61761
CC(OC1CC1)(C)C,PQR–QM9 overlap,11.608,114.18546000000008,13.91422,-192.59134
CC(CCNC(=O)C)C,PQR–QM9 overlap,14.119,129.20010000000005,15.07868,-330.1695
CCCOC1CCC1,PQR–QM9 overlap,11.927,114.18546000000008,13.806917,-215.25991
CC[C@@H]1CC=CC1,PQR–QM9 overlap,10.444,96.17018000000006,12.796107,-23.48824
CCCOC1CC1,PQR–QM9 overlap,11.529,100.15888000000008,12.114089,-141.94504
OCCOCCOCC,PQR–QM9 overlap,14.576,134.17356000000004,13.793224,-567.50112
OCCCCCCO,PQR–QM9 overlap,13.337,118.17416000000009,12.979509,-490.28931
CCOC(=O)C(=O)C,PQR–QM9 overlap,13.285,116.11522000000004,11.232054,-541.75384
CCC#CC(C)(C)C,PQR–QM9 overlap,11.503,110.19676000000008,14.974866,61.59245
CCOC(=O)CC(=O)C,PQR–QM9 overlap,13.951,130.14180000000002,12.910967,-602.72197
COC(=O)C(O)(C)C,PQR–QM9 overlap,14.652,118.13110000000005,11.42494,-608.03144
CCCCC(=O)C(C)C,PQR–QM9 overlap,13.831,128.21204000000006,15.611245,-331.02306
N#CCCCCC(=O)N,PQR–QM9 overlap,14.659,126.15640000000003,13.418181,-163.91194
COCC1CC1,PQR–QM9 overlap,11.779,86.13230000000004,10.219523,-113.42198
O=C1NCCN1,PQR–QM9 overlap,14.291,86.09254000000003,8.441882,-161.54996
O=C1CCC(N1C)(C)C,PQR–QM9 overlap,13.803,127.18422000000008,14.666845,-271.34194
N#Cc1ccc(cc1)N,PQR–QM9 overlap,8.47,118.13594000000003,14.457745,208.50312
CN(C(=O)N)C,PQR–QM9 overlap,10.58,88.10842000000004,8.945613999999999,-210.97044
Nc1cnco1,PQR–QM9 overlap,12.128,84.07666000000002,8.224951,3.73666
c1ccc2c(c1)C=CC2,PQR–QM9 overlap,8.881,116.15982000000004,15.36119,170.90641
Oc1ccccc1O,PQR–QM9 overlap,11.902,110.11064000000005,11.79877,-269.19263
Oc1ccc(c(c1)C)C,PQR–QM9 overlap,9.011,122.16440000000004,14.91577,-167.29094
CCC(=O)C(CC)(C)C,PQR–QM9 overlap,13.764,128.2120400000001,15.6011,-326.26704
O=C1CCCO1,PQR–QM9 overlap,14.874,86.08924000000003,8.504339,-369.7711
CCCOCCO,PQR–QM9 overlap,11.646,104.14758000000006,11.248793,-422.87357
O=C1OCCCO1,PQR–QM9 overlap,11.723,102.08864000000004,9.230198,-513.01055
C#CCCC#C,PQR–QM9 overlap,11.787,78.11184000000003,10.417085,425.74222
CC(=O)OC1CCCC1,PQR–QM9 overlap,11.65,128.16898000000006,13.980399,-461.94003
O=CCC(C)C,PQR–QM9 overlap,13.852,86.13230000000006,10.138298,-235.19499
ON=C1CCCC1,PQR–QM9 overlap,13.796,99.13106000000003,11.030933,-83.98694
CCCOCCCC,PQR–QM9 overlap,11.927,116.20134000000007,14.343858,-310.47491
NC(=O)C(=O)N,PQR–QM9 overlap,10.338,88.06536000000001,7.277673,-364.77289
O=C1NC(=O)C(N1)(C)C,PQR–QM9 overlap,10.631,128.12922000000003,12.490406,-393.76965
CCCOC(=O)C,PQR–QM9 overlap,15.007,102.13170000000004,10.868704,-458.64248
c1ccco1,PQR–QM9 overlap,12.991,68.07396000000003,7.527355,-23.66457
O=C(C1(C)CC1)C1CC1,PQR–QM9 overlap,13.648,124.18028000000004,14.812108,-44.39148
Fc1ccc(c(c1)N)F,PQR–QM9 overlap,8.568,129.1074064,12.021821,-297.49816
CCc1ccccc1,PQR–QM9 overlap,9.712,106.16500000000003,14.125841,40.14656
CC(C1(C)CCC1)(C)C,PQR–QM9 overlap,17.127,126.2392,16.15075,-122.53725
OC1CC1,PQR–QM9 overlap,15.607,58.07913999999999,6.471931,-119.72706
CC(=O)CC(=O)N(C)C,PQR–QM9 overlap,10.404,129.15704000000002,13.524024,-398.52769
OCCCO,PQR–QM9 overlap,16.312,76.09442000000004,7.494181,-425.18283
CC(=O)CCC(C)(C)C,PQR–QM9 overlap,14.055,128.2120400000001,15.579181,-339.9779
CC(=O)CC(=O)C,PQR–QM9 overlap,13.707,100.11582,10.31392,-401.44261
c1cnc2c(c1)occ2,PQR–QM9 overlap,11.943,119.12070000000004,13.355951,96.02325
COCC=O,PQR–QM9 overlap,13.786,74.07854000000003,7.147901,-285.12425
CCCCCCCC#N,PQR–QM9 overlap,12.555,125.21140000000008,15.719579,-49.39531
CCCNC(=O)CC,PQR–QM9 overlap,14.12,115.17352000000008,13.278949,-299.7884
CCCC(CCC)O,PQR–QM9 overlap,16.463,116.20134000000004,14.210993,-355.28774
C1CCCCCOCC1,PQR–QM9 overlap,12.144000000000002,128.2120400000001,15.57731,-268.46767
CCCCCC#C,PQR–QM9 overlap,11.993,96.17018000000006,12.926586,110.23502
CCC#CC(CC)(C)C,PQR–QM9 overlap,11.476,124.22334000000008,16.83246,46.13995
CCCCC(=O)CCC,PQR–QM9 overlap,13.967,128.21204000000006,15.632099,-331.31
CC1(C)CCC(C1)(C)C,PQR–QM9 overlap,17.656,126.23922000000007,16.649145,-190.78427
Cc1ccccc1,PQR–QM9 overlap,9.443,92.13842000000004,12.269916,55.21931
CC(OC(C)C)C,PQR–QM9 overlap,12.041,102.17476000000008,12.460285,-317.03854
CCCCC1CCCC1,PQR–QM9 overlap,14.582999999999998,126.23922000000007,16.702956,-166.91996
Cc1ccc(c(c1)O)O,PQR–QM9 overlap,11.82,124.13722000000004,13.73301,-308.91564
NC(=O)c1cnc[nH]1,PQR–QM9 overlap,9.293,111.10200000000005,10.825427,-45.11134
CC(C(=O)N1CC1)C,PQR–QM9 overlap,13.619,113.15764000000006,12.848822,-102.85372
CCC#CCCC(C)C,PQR–QM9 overlap,11.730999999999998,124.22334000000008,16.755831,46.08981
CCc1c(C)c[nH]c1C,PQR–QM9 overlap,9.355,123.19552000000007,15.65266,-21.95177
N#CC#CC#N,PQR–QM9 overlap,12.57,76.0562,8.708902,529.71536
CC(C(C)C)C,PQR–QM9 overlap,18.016,86.17536000000007,11.758954,-158.42739
CNc1ccc(cc1)O,PQR–QM9 overlap,8.194,123.15246000000003,14.522894,-86.45394
CCN1CCCC1=O,PQR–QM9 overlap,13.666999999999998,113.15764000000006,12.812757,-239.64366
c1ncnnn1,PQR–QM9 overlap,12.477,82.06408,7.370617,358.46749
NC=O,PQR–QM9 overlap,14.616,45.04062,4.01904,-184.50564
CC(C(C)(C)C)C,PQR–QM9 overlap,17.775,100.20194000000008,13.563124,-180.33035
CCOC(=O)CC#N,PQR–QM9 overlap,14.896,113.11458000000005,11.13895,-279.1875
CCN(C(=O)C(C)C)C,PQR–QM9 overlap,13.642,129.20010000000005,15.127049,-298.82368
CCC(CO)(CO)CO,PQR–QM9 overlap,12.353,134.17355999999998,13.483882,-655.03604
COC1=NCCN1,PQR–QM9 overlap,13.223,100.11912000000004,10.358354,-69.06387
O=C1CN2CC[C@H]1CC2,PQR–QM9 overlap,12.93,125.16834000000006,14.047372,-156.03609
CCOCC(F)(F)F,PQR–QM9 overlap,11.547999999999998,128.0929896,8.938103,-884.13603
CCc1cccc(c1)C,PQR–QM9 overlap,9.372,120.19158000000006,16.018866,-5.5722000000000005
O=C1C=C(C(=O)N1)C,PQR–QM9 overlap,12.493,111.09870000000002,11.180878,-259.40823
C(C#N)C=O,PQR–QM9 overlap,13.907,69.06202000000002,6.674577,-17.71936
O=CN(C)C,PQR–QM9 overlap,10.336,73.09378,7.867283,-183.52914
Cc1ccc(c(c1)N)O,PQR–QM9 overlap,11.407,123.15246000000003,14.477757,-127.09803
CCCOCC(C)(C)C,PQR–QM9 overlap,11.911,130.22792000000007,16.108613,-338.78463
CN(C(=O)C)C(=O)C,PQR–QM9 overlap,13.667,115.13046000000004,11.731434,-397.9239
OCCOCC,PQR–QM9 overlap,12.26,90.12100000000004,9.401406,-412.92693
OCc1ncc[nH]1,PQR–QM9 overlap,12.957,98.10324000000004,9.894619,-54.12746
CCCCn1cnnc1,PQR–QM9 overlap,13.493,125.17164000000004,14.148149,132.97651
CCCCC(=O)NCC,PQR–QM9 overlap,14.117,129.20010000000005,15.116987,-322.97244
O=c1cccco1,PQR–QM9 overlap,8.664000000000001,97.092,0.0,-210.25239
CCCCCCC(=O)C,PQR–QM9 overlap,14.056,128.2120400000001,15.637034,-334.96753
COCCC(C)C,PQR–QM9 overlap,12.004,102.17476000000008,12.455674,-282.333
Cc1ccc(c(c1)F)N,PQR–QM9 overlap,8.493,125.14352320000005,13.897267,-136.65024
O=Cc1cnc[nH]1,PQR–QM9 overlap,12.322,96.08736000000002,9.738361,26.02174
CCCNC(=O)N,PQR–QM9 overlap,14.324,102.13500000000003,10.718971,-264.91797
CCC(CC#N)(C)C,PQR–QM9 overlap,15.886,111.18482000000006,13.819464,-30.72981
COCC(=O)NC(=O)N,PQR–QM9 overlap,11.108,132.11791999999997,11.697643,-502.98165
CCCCCCO,PQR–QM9 overlap,13.079,102.17476000000008,12.398249,-318.77464
O=Cc1ccc[nH]1,PQR–QM9 overlap,12.127,95.09930000000004,10.490147,-20.54313
Oc1cccc(c1C)O,PQR–QM9 overlap,12.243,124.13722000000004,13.664427,-317.89137
CCCC(=O)NC(=O)N,PQR–QM9 overlap,11.187,130.1451,12.84201,-431.33425
CCCC=O,PQR–QM9 overlap,13.866,72.10571999999998,8.271107,-207.32233
CCCCCCC(C)C,PQR–QM9 overlap,14.805,128.25510000000008,17.275986,-225.77673
COC1CC1,PQR–QM9 overlap,11.599,72.10572000000005,8.403067,-90.78862
CCC(=O)C,PQR–QM9 overlap,14.068,72.10572000000003,8.305663,-248.57596
C1Cn2c(C1)ncc2,PQR–QM9 overlap,12.87,108.14112000000004,12.540684,150.519
CNC(=O)CC(=O)NC,PQR–QM9 overlap,10.737,130.1451,12.866927,-411.5702
OCC(C)C,PQR–QM9 overlap,16.413,74.12160000000004,8.697638,-285.07837
C1CCC=CCC1,PQR–QM9 overlap,10.819,96.17018000000004,12.833784,-27.59314
COCC(C)C,PQR–QM9 overlap,12.013000000000002,88.14818000000007,10.615044,-262.0131
CC[C@@H]([S@@](=O)[C@@H]1CC1(C)C)C,Psi4-recomputed PQR,12.751,174.3036199999998,20.628287,-182.6593
Brc1cc(Br)c(c(c1Oc1c(Br)cc(c(c1Br)Br)Br)Br)Br,Psi4-recomputed PQR,11.192,801.3756800000004,47.498268,230.96473
COC1=C(Oc2cc(O)cc(c2C(=O)OC)O)C(=O)C(=C(C1=O)CC=C(C)C)CC=C(C)C,Psi4-recomputed PQR,7.667,456.4850200000002,49.60025,-1160.62986
ClC[C@]1(O)[C@@H]2[C@H]3OC(=O)C(=C)[C@@H]3[C@H](CC(=C)[C@@H]2[C@H]([C@@H]1O)O)OC(=O)C(=C)C,Psi4-recomputed PQR,9.761,398.8347200000002,39.036258,-1177.57567
CCCC(C)C,Psi4-recomputed PQR,18.099,86.17536000000007,11.77093,-161.71928
O=C[C@@H](NC(=O)[C@@H]1Cc2ccc(cc2)OCCCCOc2ccc(CCC(=O)c3[nH]c(C(=O)N1)cc3)cc2)Cc1ccccc1,Psi4-recomputed PQR,8.551,607.6954799999985,66.920155,-692.86263
CC/C=C\C(CC)(C)C,Psi4-recomputed PQR,10.583,126.23922000000007,17.088168,-111.74814
Nc1ncc(c(n1)N)Cc1cc(C)c(c2c1cccn2)N(C)C,Psi4-recomputed PQR,10.978000000000002,308.3809000000002,36.444951,280.83355
OC[C@H]1O[C@H]([C@@H]([C@H]1O)O)n1cnc2c1nc(SC)nc2N,Psi4-recomputed PQR,7.98,313.3329000000001,30.40651,-465.80115
CCC1=CC(=O)[OH+]c2c1ccc(c2)O[C@@H]1SC[C@H]([C@@H]([C@H]1O)O)O,Psi4-recomputed PQR,7.880000000000001,339.3834600000001,35.01011,-938.34779
OC(=O)C[C@@H](C[N+](C)(C)C)OC(=O)C1CCC1,Psi4-recomputed PQR,8.030000000000001,244.3073799999997,25.205962,-636.45322
CC(CCC[N@@H+](CC(C)C)O)C,Psi4-recomputed PQR,14.568,174.3037,20.74846,-280.30905
F[C@H]1C[C@H]2[C@@H](C[C@H]1N1C[C@H]3CC[C@@H](C1)N3C)[N@@H+](C[C@H](C2=O)C(=O)O)C1CC1,Psi4-recomputed PQR,11.124,380.4768432000003,40.101943,-393.87468
CCCCCO,Psi4-recomputed PQR,13.151,88.14818000000005,10.559516,-304.41366
O=C1OC(C2=C1C(=O)[N+](C)C=C2)(C)C,Psi4-recomputed PQR,8.279,193.19923999999983,20.529826,-442.36995
OC(=O)[C@@H]([N+](C)(C)C)Cc1c[nH]c2c1cccc2,Psi4-recomputed PQR,8.327,247.31285999999972,27.883997,-115.47302
O=C(O[C@@H](c1sc2n(c1C)ncn2)C)Nc1ccccc1,Psi4-recomputed PQR,11.016000000000002,302.35156000000006,32.466803,21.97635
C[N@H+]([C@@H]1CC[C@H]1C)O,Psi4-recomputed PQR,14.436,116.1815,12.97787,-98.69721
ClC(=O)c1cc(nc2c1cccc2)c1ccc(cc1)C(C)C,Psi4-recomputed PQR,10.848,309.7894400000001,37.105743,45.78882
CCNS(=O)(=O)c1ccc2c(c1)CN(C(=O)N2)C,Psi4-recomputed PQR,8.214,269.32010000000014,27.768599,-440.4183
CC[C@@H]1CN2CCc3c([C@H]2C[C@H]1C[C@@H]1NCCc2c1cc(OC)c(c2)OC)cc(c(c3)OC)OC,Psi4-recomputed PQR,8.33,480.63890000000055,56.169583,-537.79454
CO[C@H]([C@@H]([C@H]([C@@H](/C=C/C(C)(C)C)O)O)O)C(=O)NCC(=O)N,Psi4-recomputed PQR,10.064,318.3660400000003,31.560278,-1187.33161
COCc1cncc(c1)C#Cc1csc(n1)C,Psi4-recomputed PQR,10.964,244.31217999999976,29.989839,324.87547
O=C(OC(C)(C)C)NCCCCCC[C@@H](c1c[nH]c2c1cccc2)C(=O)O,Psi4-recomputed PQR,11.459,374.4739000000003,41.740497,-802.96074
O[Ca]O,Psi4-recomputed PQR,15.988,74.09268000000002,1.921986,-612.39994
C[C@@H]1C[C@H]1/C=C\C1(C)CC1,Psi4-recomputed PQR,10.061,136.23403999999994,18.3013,124.43176
CC([C@H]1CC[C@]2([C@@H]1[C@H]1O[C@@H]2CC[C@@H]1C(=O)O)C)C,Psi4-recomputed PQR,10.654,252.34925999999967,27.934507,-727.3471
O[C@@H](c1ccc2c(c1)ccc(c2)C(=O)O)c1ccc2c(c1)C(C)(C)CCC2(C)C,Psi4-recomputed PQR,11.173,388.49872000000033,47.172787,-478.02772
FC[C@H]([C@@H](c1ccc(cc1)S(=O)(=O)C)O)NC(=O)C(Cl)Cl,Psi4-recomputed PQR,12.468,358.21326320000014,31.68751,-877.22685
COC(=O)C1=CO[C@H]([C@H]2[C@@H]1CC=C2CO)O,Psi4-recomputed PQR,9.675,226.22585999999976,22.382538,-807.77604
COc1cc2O[C@H](Cc2c2c1C(=O)c1c([OH+]2)c(O)ccc1)[C@]1(C)OC1,Psi4-recomputed PQR,8.227,341.33468000000005,36.360821,-642.03924
Clc1ccc2c(c1)oc1c2cccc1,Psi4-recomputed PQR,8.284,202.6363799999999,23.213511,57.73937
CC1=C[N+]([C@H]2CO[C@H](O2)CO)C(=O)[NH+]C1=O,Psi4-recomputed PQR,9.073,228.20197999999976,21.295811,-856.92379
NCCOc1c(Cl)cc(cc1Cl)C(=O)O,Psi4-recomputed PQR,7.943,250.07865999999993,22.973871,-507.25628
C[C@@H]1CC[C@H]1[C@@H]1O[C@@H]1[C@@H]1CC1(C)C,Psi4-recomputed PQR,15.082999999999998,180.28659999999985,22.153761,-58.22898
CC[C@H]([N@H+](CC(CC)(C)C)O)C,Psi4-recomputed PQR,14.396,174.3037,20.65122,-270.86393
C[C@H]1C[C@@H]1[N@@H+](C(C)(C)C)O,Psi4-recomputed PQR,14.239,144.2346,16.74561,-104.06334
NS(=O)(=O)c1cccc2c1ccnc2,Psi4-recomputed PQR,11.339,208.23701999999983,21.420581,-115.29788
OC(=O)[C@@H]1CC1(C)C,Psi4-recomputed PQR,14.647,114.14240000000002,12.196771,-378.35831
COc1c2ccoc2cc2c1C=CC(=O)[OH+]2,Psi4-recomputed PQR,8.003,217.19745999999984,23.320466,-366.68809
Cl[C@@H]1CC[C@H]2[C@H](C1)[NH2+][C@@H](CC2=O)C(=O)O,Psi4-recomputed PQR,10.866,232.68399999999997,22.273908,-384.06598
O[C@@H]1CC[C@]2([C@@H](C1)C[C@H]([C@@H]1[C@@H]2C[C@H](O)[C@]2([C@H]1CC[C@@H]2[C@@H](CCC(=O)O)C)C)O)C,Psi4-recomputed PQR,10.944,408.5714000000005,44.833347,-1262.32203
CCNC[C@H]1CCN(C1)[C@H]1[C@@H](F)C[C@@H]2[C@H]([C@H]1F)[N@H+](CC)C[C@H](C2=O)C(=O)O,Psi4-recomputed PQR,8.006,388.4724864000003,39.321373,-744.72646
CN[C@H]1CC[C@H]1C,Psi4-recomputed PQR,15.045,99.17412000000006,12.501104,-14.37878
OC(=O)c1ccc(c(c1)I)O,Psi4-recomputed PQR,11.224,264.0172700000001,19.394992,-384.21393
O[C@@H]1C[C@H](CC[C@H]2[C@@H](C)C=CC3=C[C@@H](CC[C@H]23)C)OC(=O)C1,Psi4-recomputed PQR,9.174,304.4238200000004,35.718207,-606.84606
O=C1CC[C@@H]2[C@@H]([C@@H]1Br)[NH2+]CCC2,Psi4-recomputed PQR,10.0,233.12549999999993,21.319046,81.29049
COC(=O)[C@@H]1CCCN1,Psi4-recomputed PQR,10.024,129.15704000000002,13.327534,-370.56553
OC[C@H]1O[C@H]([C@@H]([C@@H]1O)O)n1cnc2c1ncnc2N[C@@H](C=C(C)C)C,Psi4-recomputed PQR,8.356,349.3849200000002,36.652409,-517.01254
OC(=O)CC1=CC(=O)[OH+]c2c1ccc(c2)O,Psi4-recomputed PQR,8.254999999999999,221.1861599999998,22.175631,-745.29132
COc1ccc(cc1)C[P@](=O)(C[C@H](CN[C@@H](c1cccc(c1)C(=O)O)C)O)O,Psi4-recomputed PQR,7.811,407.3973010000002,44.251143,-1125.76333
OC[C@H]1O[C@@H](Oc2cc(O)c3c(c2)[OH+]C(=C(C3=O)O[C@@H]2O[C@H](CO)[C@@H]([C@@H]([C@H]2O)O)O)c2ccc(c(c2)O)O)[C@@H]([C@H]([C@@H]1O)O)O,Psi4-recomputed PQR,8.225999999999999,627.5248399999989,58.144567,-2773.52338
OC(=O)[C@H]1O[C@H]([C@@H]([C@H]([C@@H]1O)O)O)[N+](c1ccc2c(c1)cccc2)O,Psi4-recomputed PQR,8.311,335.3086800000001,33.113529,-972.96788
O=CNc1cc(ccc1O)[C@H](CN[C@@H](Cc1ccc(cc1)OC)C)O,Psi4-recomputed PQR,8.443,344.4048600000002,37.414713,-531.38451
O[C@H]1C[C@@]2(N[C@H]1C[C@H]([C@@H]2O)O)O,Psi4-recomputed PQR,11.814,175.18241999999984,16.111353,-756.97847
CCCCC[C@@H]1O[C@@H]1CC,Psi4-recomputed PQR,15.666,142.23861999999988,17.5343,-224.01834
CCCCCCCCCCCCCCCC(=O)OC[C@@H](OC(=O)CCCCCCCCCCCCCCC)CSC[C@@H](CO)N,Psi4-recomputed PQR,8.703000000000001,658.070799999997,77.032639,-1564.08683
C[C@@H](C=O)O,Psi4-recomputed PQR,13.531,74.07854000000003,7.062134,-358.24989
CC[C@H](O)C,Psi4-recomputed PQR,16.489,74.12160000000006,8.704033,-294.01026
CC/C=C/CO,Psi4-recomputed PQR,10.467,86.13230000000006,10.420477,-202.49754
CO[C@H]1C[N@H+]2[C@H](CC1=O)C(=O)[C@H]1[C@@H]2[C@@H](NCC1)CC(C)C,Psi4-recomputed PQR,6.6000000000000005,295.3971800000003,33.387536,-166.41396
CCCCS[C@@H]1CC[C@H]1C,Psi4-recomputed PQR,11.693,158.30421999999987,19.701292,-90.77425
C#CC#CN(C(=O)CCCCCCCCCC[C@@H]1Cc2cc(O)ccc2[C@@H]2[C@@H]1[C@@H]1CC[C@@H]([C@]1(CC2)C)O)C,Psi4-recomputed PQR,12.037,517.74188,63.186478,-877.60235
O=CN(CCO[P@](=O)(O[P@](=O)(OC[C@H]1O[C@H]([C@@H]([C@@H]1O)O)[N+]1C=CC(=NC1=O)N)O)O)O,Psi4-recomputed PQR,8.026,490.2537220000003,43.640605,-2687.94589
COc1cc(O)c2c(c1)[OH+]C(=C(C2=O)O)c1ccc(c(c1)O)OC,Psi4-recomputed PQR,8.434,331.2968,34.644997,-927.39347
C[C@@H]1Oc2c3C=CC(Oc3c3c(c2[C@H]([C@H]1C)O)[OH+]C(=O)C=C3c1ccccc1)(C)C,Psi4-recomputed PQR,8.052,405.46300000000014,46.636063,-696.73122
COC1=C(C)C(=O)C2=CC(=O)[N+](C=C2C1=O)C,Psi4-recomputed PQR,7.955,233.22003999999976,24.968533,-477.42782
Cl[Si]1(Cl)Oc2ccccc2O[Si](Oc2c(O1)cccc2)(Cl)Cl,Psi4-recomputed PQR,8.171,414.1725,0.0,-1519.58603
O=C=C1C/C(=C\Cc2cccc(c2C#CC[C@H]2CC2=C=C2COC(=C)C2(F)F)C)/C(=C)C1=O,Psi4-recomputed PQR,6.583,444.46928639999976,68.720799,3082.59335
CO[C@]1(CO)Nc2c(C1=O)ccc(c2)Br,Psi4-recomputed PQR,8.07,272.09530000000007,23.940519,-345.946
S[C@H]1C[C@@H](O[C@@H]1CO[P@@](=O)(O[P@](=O)(OP(=O)(O)O)O)O)[N+]1C=C(C)C(=O)[NH+]C1=O,Psi4-recomputed PQR,7.845,498.2338630000002,45.793945,-3289.0707
CCCCCCN(c1cc(nc2[n+]1[nH]cn2)N1CCCCC1)CCO,Psi4-recomputed PQR,8.187,347.47834000000034,40.190616,17.70081
N#C/N=C\1/N(C#CC(=O)C(=O)CO[P@](=O)(O[P@@](=O)(OP2(=O)OO2)O)S)CN=C1C#N,Psi4-recomputed PQR,10.085,497.16782299999994,48.619584,-922.40622
CCCCC[C@@H]1O[C@@H]1C/C=C\CCCCCCCC(=O)O,Psi4-recomputed PQR,10.694,296.44488000000047,34.667506,-667.93081
F/C=C/C(F)(F)F,Psi4-recomputed PQR,10.841,114.0415928,6.16973,-802.56545
CC1(C)C[C@H]1/C=C/C1CCCCC1,Psi4-recomputed PQR,10.042,178.3137799999998,23.82353,-41.66448
C/C(=C\C[C@@H]1[C@@H](C)[N@H+](O)[C@@H]2[C@@H](C1=O)CCCC2)/CC/C=C(/C[C@H](C=C(C)C)O)\C,Psi4-recomputed PQR,11.179,404.6058800000004,47.044817,-344.35965
COc1ccc(cc1O)C1=C(OC)C(=O)c2c([OH+]1)c(OC)c(OC)cc2,Psi4-recomputed PQR,7.714,359.34996000000007,38.727686,-816.56803
OC/C=C(/CC/C=C(/CC/C=C(/CC/C=C(/CO)\C)\C)\C)\C,Psi4-recomputed PQR,10.126,306.4827600000005,37.93202,-427.19657
Cl[Pt]Cl,Psi4-recomputed PQR,9.265,265.98400000000004,7.00378,218.72801
CCC(C[N@H+]([C@@H]1CCC1(C)C)O)(C)C,Psi4-recomputed PQR,14.381,200.3409,23.50533,-224.46506
O[C@@H]1CC[C@]2([C@@H](C1)C[C@H]([C@@H]1[C@@H]2C[C@H](O)[C@]2([C@H]1CC[C@@H]2[C@@H](CCC[C@H](C(=O)O)C)C)C)O)C,Psi4-recomputed PQR,11.065,450.65114000000057,50.280259,-1325.26396
CCCC(/C=C/[C@H]1CCC1(C)C)(C)C,Psi4-recomputed PQR,13.628,194.35623999999976,25.30997,-140.10269
CCC([C@@H]1CCc2c(C1)c([nH]n2)C(=O)NCc1ccc(cc1)S(=O)(=O)N)(C)C,Psi4-recomputed PQR,8.795,404.5263200000003,43.77361,-373.77771
C1CN=C(O1)NC(C1CC1)C1CC1,Psi4-recomputed PQR,9.907,180.2468399999998,20.54847,53.29865
O=C(Nc1cccnc1)CCC(=O)O,Psi4-recomputed PQR,11.851,194.18729999999988,19.713041,-459.65571
CCCCCOc1ccc(cc1OCC)[C@@H]1SC(=O)NC1=O,Psi4-recomputed PQR,10.66,323.4072400000002,34.866479,-673.11681
O[C@H]1CCC2=C1C(=O)NC2=O,Psi4-recomputed PQR,9.185,153.1353799999999,14.944681,-387.95094
Fc1ccc2c(c1)c(=O)[nH]c1c2CN(CC1)C(=O)CCN1CCCCC1,Psi4-recomputed PQR,10.993,358.429803,0.0,-459.33137
CCC(N(C)C)(C)C,Psi4-recomputed PQR,14.578,115.21658000000008,14.834948,-107.37757
Nc1[nH]c(=O)[nH]c(=O)c1C,Psi4-recomputed PQR,8.998,141.128,14.24664,-348.49412
O[NH2+]Cc1ccc(c(c1N=C=O)Cl)Cl,Psi4-recomputed PQR,8.028,234.05937999999992,21.964631,48.71453
OC(=O)CN(C(=N)N)C,Psi4-recomputed PQR,10.278,131.13316,12.170145,-306.78981
OC(=O)CS,Psi4-recomputed PQR,8.559000000000001,92.11696,8.006045,-149.86979
O=C(O[C@@H]1C[C@@](O)(C[C@H]([C@@H]1O)O)C(=O)O)/C=C/c1ccc(c(c1)O)O,Psi4-recomputed PQR,8.088999999999999,354.3087200000001,33.909932,-1558.09024
CCOC(=O)N1CCN(CC1)C(=O)[C@@H](NS(=O)(=O)c1c(cc(cc1C(C)C)C(C)C)C(C)C)Cc1cccc(c1)/C=N/[NH+]O,Psi4-recomputed PQR,8.537,629.810479999998,67.55784,-921.02997
COc1cc2OC(C)(C)C=Cc2c2c1C(=O)C=C([OH+]2)C(=O)O,Psi4-recomputed PQR,7.683,303.28670000000005,31.885781,-804.41267
C=C1[C@@H]2CC[C@@H]3[C@](C1=O)([C@@H]2O)[C@@H]1C[C@H]2C(=CCC2(C)C)[C@]3(O1)C,Psi4-recomputed PQR,9.098,314.4186400000003,35.695747,-475.92575
S[P@]12S[P@@]3(S)S[P@@](S2)(S[P@@](S1)(S3)S)S,Psi4-recomputed PQR,10.042000000000002,448.5768040000001,66.283536,-337.94338
O=C/C=C(\C=C\C=C(/C=C/C1=C(C)[C@@H](O)CCC1(C)C)\C)/C,Psi4-recomputed PQR,8.499,300.4351200000004,38.838545,-266.94765
CC(C(=O)OCC([C@@H](C(C)C)O)(C)C)C,Psi4-recomputed PQR,14.537,216.31715999999972,24.178734,-779.14094
N[C@H](C(=O)O)CO[P@](=O)(OC(C)C)O,Psi4-recomputed PQR,9.176,227.1522,0.0,-1466.26984
CC(=O)N[C@H](C(=O)O)CSC(=O)[C@]1(NC(=O)[C@H]([C@H]1O)C)[C@H](C(C)C)O,Psi4-recomputed PQR,8.514,376.42526000000026,35.914913,-1345.23764
CC1(C)CC[C@H]1OC1CCCCC1,Psi4-recomputed PQR,11.767,182.3024799999998,22.455167,-305.49298
CO/C=C(\[C@H]1C[C@@H]2N(C[C@@H]1CC)CC[C@@]12C(=O)Nc2c1cccc2)/C(=O)OC,Psi4-recomputed PQR,8.517999999999999,384.46872000000025,42.599669,-555.94726
OC[C@H]1O[C@H](C[C@@H]1O)[N+]1C=C(C)C(=O)[N+](C1=O)Cc1ccccc1,Psi4-recomputed PQR,9.03,332.35110000000014,34.339367,-803.4124
c1cnc2c(c1)scc2,Psi4-recomputed PQR,10.996,135.18629999999993,15.715353,218.09149
O[C@@H]1[C@@H](O)c2cc3ccccc3cc2c2c1cccc2,Psi4-recomputed PQR,7.989,262.3025599999999,32.292737,-103.53695
COc1ccc(cc1)C1=CC(=O)c2c([OH+]1)c(OC)c(cc2OC)OC,Psi4-recomputed PQR,8.299,343.3505600000001,37.37288,-646.42421
NCc1ccco1,Psi4-recomputed PQR,12.644,97.11518000000004,10.667049,-32.89933
O=C1C=C[N+](C(=O)[NH+]1)[C@@H]1O[C@@H]([C@H]([C@H]1O)O)CO[P@](=O)(O[P@](=O)(O[C@H]1O[C@H](C)C(=O)[C@@H]([C@H]1O)O)O)O,Psi4-recomputed PQR,8.176,548.2865019999991,47.173964,-3108.94011
CC#C[C@]1(O)CC[C@H]2[C@]1(C)C[C@H](c1ccc3c(c1)OCO3)C1=C3CCC(=O)C=C3CC[C@@H]21,Psi4-recomputed PQR,8.773,430.5354000000002,50.46091,-220.92567
CCCC(NC(=O)CCCC(C)C)(C)C,Psi4-recomputed PQR,14.22,213.35957999999968,26.045737,-460.64326
OC[C@H]1O[C@@H]([C@@H]([C@H]([C@@H]1O)O)O)c1c(O)c2c(c(c1O)O)C(=O)c1c(C2=O)c(C)c(c(c1)O)C(=O)O,Psi4-recomputed PQR,7.045,492.3864000000001,46.397375,-2126.49088
C[C@@H]1C[C@@H](C1)C(=O)OC(=O)CC1CCC1,Psi4-recomputed PQR,14.011,210.26951999999977,22.930205,-546.19078
CN([C@@H]1C(=O)C(=C([C@@]2([C@H]1C[C@H]1C(=C(O)c3c([C@]1(C)O)c(Cl)ccc3O)C2=O)O)O)C(=O)N)C,Psi4-recomputed PQR,7.431,478.87962000000016,47.519188,-1267.72506
Cc1ccc(cc1)[C@H](C(=O)C1C(=O)c2c(C1=O)cccc2)c1ccccc1,Psi4-recomputed PQR,7.845000000000001,354.3979200000001,41.455796,-145.34141
O[C@@H]1C[C@@]2(C([C@H]1CC2=O)(C)C)C,Psi4-recomputed PQR,10.405,168.23283999999984,18.86583,-413.59736
N#Cc1ccc(cc1Br)COC(=O)[C@@H]1NC[C@@]2(C1)C(=O)Nc1c2cccc1,Psi4-recomputed PQR,11.067,426.26334000000014,41.679213,-131.39671
O[C@@H]1C=Cc2c([C@H]1O)ccc1c2cc2ccc3c(c2c1)cccc3,Psi4-recomputed PQR,7.172000000000001,312.3612400000001,40.368201,-15.35664
O=C(C1(C)CC1)OCCC(C)(C)C,Psi4-recomputed PQR,14.562,184.2752999999998,21.455323,-445.05275
OC[C@H]1O[C@H](OC[C@H]2O[C@H](O)[C@@H]([C@H]([C@@H]2O)O)O)[C@@H]([C@H]([C@@H]1O)O)O,Psi4-recomputed PQR,11.245,342.29648000000026,28.502104,-2071.31271
CO[C@H]1[C@@H]([C@@H](F)C[C@H]2[C@@H]1[N@@H+](C[C@@H](C2=O)C(=O)O)C1CC1)N1CCC[C@H](C1)NC,Psi4-recomputed PQR,10.885000000000002,398.4921232000003,41.536674,-591.50838
Clc1ccc(cc1S(=O)(=O)n1c(C)nc2c1cccc2)N(=O)=O,Psi4-recomputed PQR,6.86,351.76489999999995,34.097368,-94.48929
CN1CCc2c([C@@H]3[C@@H]1CCc1c3cccc1)cc(c(c2)Cl)O,Psi4-recomputed PQR,8.471,313.8212000000002,36.333413,-69.5177
C[C@H]1C[C@H]1C(=O)SC1CCC1,Psi4-recomputed PQR,11.755,170.27185999999983,19.681809,-88.76705
CPCCC(C)(C)C,Psi4-recomputed PQR,13.234,132.18364100000002,17.774598,-180.25885
OC1=C(CC2=C(O)c3c([OH+]C2=O)cccc3)C(=O)[OH+]c2c1cccc2,Psi4-recomputed PQR,8.398,338.31086,35.940756,-787.71027
OC(=O)[C@H](CSCC[N+](C)(C)C)N,Psi4-recomputed PQR,10.83,207.31365999999977,21.348443,-285.12869
c1ccc(cn1)C1=NCCC1,Psi4-recomputed PQR,12.052,146.1890999999999,17.693112,191.56338
O[C@@H]1[C@@H](CO[C@@H]2OC[C@H]([C@@H]([C@H]2O)O)O)O[C@H]([C@@H]([C@H]1O)O)OC/N=[N+](\O)/C,Psi4-recomputed PQR,12.849,385.3444000000003,32.898245,-1785.07372
OC(=O)CN(/C(=N/P(=O)(O)O)/N)C,Psi4-recomputed PQR,9.707,211.11306099999985,18.839353,-1192.57617
CC#CC(=O)N(c1ccc(c(c1)N1CCC1=O)C#N)/C(=C/CNC#CC1CCCC1)/C#C,Psi4-recomputed PQR,10.626,424.49435999999986,61.775325,-64.72238
O=CN(C1=C(N)[N+](C)C(=O)[N+](C1=O)C)C,Psi4-recomputed PQR,8.64,212.2058799999998,21.115422,-465.33808
O=C1C[C@@H]2C([C@@]1(C)CC2)(C)C,Psi4-recomputed PQR,10.736,152.23343999999986,18.257986,-242.78812
CC[C@@H](C(C)C)C=C,Psi4-recomputed PQR,10.885,112.21264000000008,15.20137,-85.8455
OC[C@H]1O[C@@H](Oc2cc(O)c3c(c2)[OH+]c2c(C3=O)cc(cc2)OC)[C@@H]([C@H]([C@@H]1O)O)O,Psi4-recomputed PQR,7.944000000000001,421.37474000000014,41.610412,-1555.26984
CCC(=C)[C@@H](/C=C/[C@H]([C@H]1CC[C@@H]2[C@]1(C)CC[C@H]1[C@H]2CC=C2[C@]1(C)CC[C@@H](C2)O)C)C,Psi4-recomputed PQR,10.3,410.6749400000006,51.738608,-375.55811
COc1cc2[nH]c3c(c2cc1OC)CCN1[C@@H]2[C@]3(C[C@@H](C[C@@H]2CC)C1)C(=O)OC,Psi4-recomputed PQR,8.173,398.4953000000002,44.710296,-533.69067
O[C@@H](CC[C@@H](C(=O)O)N)CNCC(=O)CC[C@@H](C(=O)O)N,Psi4-recomputed PQR,12.848,305.3275200000003,28.581408,-1164.64329
COc1ccc2c(c1)cc[nH]2,Psi4-recomputed PQR,7.800000000000001,147.1738599999999,17.666083,19.56099
O=S1Sc2c(S1)cccc2,Psi4-recomputed PQR,10.536,188.2903599999999,20.495998,44.37037
COC(=O)[C@]12C(=O)O[C@@H](C(=O)[C@@]2(C)C(=C)C[C@H]2[C@@]1(C)C(=O)C(=C1[C@]2(C)[C@@H](O)CC(=O)C1(C)C)O)C,Psi4-recomputed PQR,11.973,488.52688000000023,49.485314,-1505.31462
CCN1C[C@H](C)N2[C@H](C1=O)[C@H](O)[C@H]1[C@@H]2[C@H](N[N+](C1=O)Cc1ccc(c(c1)Cl)F)N1CCN(S1(=O)=O)C,Psi4-recomputed PQR,10.756,545.0272031999989,54.124981,-710.30229
O=C(Cc1c(Cl)ccc(c1F)NCC(c1ccccc1)(F)F)NCCO[NH+]C(=N)N,Psi4-recomputed PQR,8.041,443.8505496000003,42.688264,-629.21351
CC[C@H]1CN([C@@H](C1)C(=O)N[C@@H]([C@@H]1O[C@H](SC)[C@@H]([C@H]([C@H]1O)O)O)[C@H](O)C)C,Psi4-recomputed PQR,11.715,392.5107800000003,39.172172,-1260.30282
CCC[C@H](NC1CCC1)C,Psi4-recomputed PQR,14.883,141.25385999999992,17.995644,-85.81301
COC(=O)/C=C/C(=O)Nc1ccc(cc1)CCN1C[C@@H]2CCC[C@H](C1)[C@@]2(OC)c1cccc(c1)OC,Psi4-recomputed PQR,10.636,492.6065400000003,57.059882,-630.30033
CN([C@H]1C[C@H](c2c1cccc2)c1ccc(cc1)Br)C,Psi4-recomputed PQR,8.832,316.2355200000001,33.48573,202.24034
OC[C@H]1O[C@H]([C@@H]([C@@H]1O)O)[N+]1C=C(CC(=O)O)C(=O)[NH+]C1=O,Psi4-recomputed PQR,9.129,302.2374600000001,26.194223,-1460.05998
CC(=O)O[C@H]1C[C@@H](O[C@@H]1CO[P@](=O)(O[P@](=O)(Oc1ccccc1)O)O)[N+]1C=C(C)C(=O)[NH+]C1=O,Psi4-recomputed PQR,10.557,520.3210019999998,50.927922,-2695.08325
C[C@H](Cc1ccccc1)NC(=S)S,Psi4-recomputed PQR,7.349,211.3469199999998,24.231393,119.87579
CCCN1C[C@@H](NC(=O)N(CC)CC)C[C@H]2[C@H]1Cc1c[nH]c3c1c2ccc3,Psi4-recomputed PQR,8.378,368.5156800000004,43.643928,-122.62982
S=C([C@H]1CC1(C)C)CCC(C)(C)C,Psi4-recomputed PQR,7.338000000000001,198.36807999999976,24.876662,-27.81705
O[N@@H+]1C(C)(C)C/C(=N/NC2=NC=NC3=NC=N[C@H]23)/CC1(C)C,Psi4-recomputed PQR,10.835,304.37078000000025,34.031704,410.75167
CC(=O)NCCSc1ccc(cc1)O,Psi4-recomputed PQR,8.202,211.28071999999983,22.670729,-323.03677
O=C(O[C@H](C(=O)O)C)/C=C/c1ccc(cc1)Cl,Psi4-recomputed PQR,8.484,254.6663399999998,25.981222,-627.89602
CCCCC[N@H+]([C@H]1C[C@@H]1C)O,Psi4-recomputed PQR,14.395,158.2612,18.67606,-117.87383
Cc1ccc2[n+](c1)c(CC(=O)N(C)C)c([nH]2)c1ccc(cc1)C(=O)O,Psi4-recomputed PQR,7.908,338.3804000000001,38.612587,-281.86202
N#Cc1c(NC(=O)c2ccc(cc2)OC)nc2c(c1NCc1ccccc1)cccc2,Psi4-recomputed PQR,10.812,408.4519000000001,49.250715,220.80228
CC1(C)OO1,Psi4-recomputed PQR,10.631,74.07854000000003,7.104869,-61.63231
OC[C@H]1O[C@@H](OCC([C@H](C(=O)NCCCC(=O)O)O)(C)C)[C@@H]([C@H]([C@@H]1O)O)O,Psi4-recomputed PQR,10.638,395.4021600000003,35.933093,-2051.94027
CN([C@@H]1C(=O)C(=C([C@@]2([C@H]1C[C@@H]1Cc3c(C(=C1C2=O)O)c(O)ccc3N1CC1)O)O)C(=O)N)C,Psi4-recomputed PQR,7.854,455.4605,47.940633,-1055.52769
COc1cc(C)c(c(c1C)C)S(=O)(=O)Nc1c(C)nn(c1C)C,Psi4-recomputed PQR,8.435,337.4371200000003,36.034701,-390.70065
CCc1c(Br)c(Br)c(c(c1Br)Br)Br,Psi4-recomputed PQR,8.414,500.6453,30.39616,152.72339
O=C(C(=O)c1c[nH]c2c1cccc2)N(C)C,Psi4-recomputed PQR,8.33,216.23587999999975,24.305408,-135.22884
OC(=O)CCc1ccc(o1)c1ccc(cc1)Cl,Psi4-recomputed PQR,8.056,250.6776399999998,26.866127,-403.60867
CCC[C@@H]([N@@H+](C1(C)CC1)O)C,Psi4-recomputed PQR,14.224,158.2612,18.5156,-117.39647
CCCC(C(=O)O[C@@H](C[N+](C)(C)C)CC(=O)O)CCC,Psi4-recomputed PQR,8.285,288.4030000000004,30.893189,-809.04768
ClCCN(c1cc(NC(=O)N)cc(c1)NC(=O)N)CCCl,Psi4-recomputed PQR,8.552999999999999,334.2016800000001,32.961952,-400.68411
CCC(CN[C@H]1CC[C@@H]1C)(C)C,Psi4-recomputed PQR,14.968,169.30701999999982,21.12092,-128.33813
CC/C=C/CCOC(=O)/C=C/c1ccccc1,Psi4-recomputed PQR,8.768,230.30221999999975,28.174594,-214.51584
COc1cc([C@H](N(CC(=O)O)CC(=O)O)CN(CC(=O)O)CC(=O)O)c(cc1OC)N(=O)=O,Psi4-recomputed PQR,11.0995,473.3881200000002,41.89521,-1702.77749
Nn1cnnc1,Psi4-recomputed PQR,13.564,84.07996000000001,7.956947,323.12367
COC1=C([OH+]c2c(C1=O)c(O)cc(c2)O)c1ccc(c(c1)OC)O,Psi4-recomputed PQR,7.678000000000001,331.2968,34.741761,-943.2324
[Li][NH+]O,Psi4-recomputed PQR,10.984,38.963,2.15578,122.44337
CO[C@H](OC(=O)C)C,Psi4-recomputed PQR,14.501,118.13110000000005,11.537199,-607.92582
N#Cc1nn(c(c1[S@](=O)CC)N)c1c(Cl)cc(cc1Cl)C(F)(F)F,Psi4-recomputed PQR,6.7700000000000005,397.2029696,35.023569,-426.72599
CCCC(=C)N,Psi4-recomputed PQR,13.013000000000002,85.14754000000005,10.94912,-35.25897
I[C@@H]1C[NH2+]C[C@H](C1=O)I,Psi4-recomputed PQR,10.751,351.9320600000001,21.530345,126.62076
CO[NH+]C(=N)NCCC[C@@H](C(=O)O)N,Psi4-recomputed PQR,12.936,204.22693999999984,19.94495,-377.94173
CC(=CCc1c(O)c(C[C@@H](C(=C)C)O)c(c2c1[OH+]C=C(C2=O)c1ccc(c(c1)O)O)O)C,Psi4-recomputed PQR,8.691,439.47768000000013,48.39699,-1001.95663
C[C@H]1C/C=C/[C@H]2[C@H](O)C(=C)[C@H]([C@@H]3[C@]2(C(=O)N[C@H]3Cc2c[nH]c3c2cccc3)C(=O)/C=C/C(=O)[C@@H](/C(=C\1)/C)O)C,Psi4-recomputed PQR,11.335,528.6386399999993,59.328217,-565.0831
CC(CC[N+]1N2CCC[C@@H]2C(=O)/C(=C/2\Nc3ccc(cc3S(=O)(=O)N2)NS(=O)(=O)C)/C1=O)C,Psi4-recomputed PQR,7.590999999999999,497.5883,0.0,-719.30821
OC[NH2+]OCCO[C@@H]1[C@H](O)[C@H](O[C@H]1n1cc(C)c(=O)[nH]c1=O)COP(=O)(O)O,Psi4-recomputed PQR,8.822000000000001,428.309,40.29646,-2156.61985
O=C(Cn1cnc2c(c1=O)cccc2)C[C@@H]1NCCC[C@H]1O,Psi4-recomputed PQR,8.365,301.3403600000002,32.6066,-364.32069
O=Cc1ccc(cc1)C,Psi4-recomputed PQR,9.223,120.14852000000003,14.563919,-68.76443
CC(CCC[C@H]([C@H]1CC[C@@H]2[C@]1(C)CCC1=C2CC[C@H]2[C@]1(C)CC[C@@H](C2(C)C)O)C)C,Psi4-recomputed PQR,10.143,414.7067000000007,51.845244,-555.75142
BrBr,Psi4-recomputed PQR,11.2,159.808,6.883293,35.44985
NNC(=S)Nc1ccc(cc1)Cl,Psi4-recomputed PQR,10.841,201.67651999999993,21.000432,229.35729
OC(=O)c1ccc2c(c1)[nH]cc2,Psi4-recomputed PQR,11.195,161.1573799999999,17.81041,-194.01372
COc1ccc2c(c1)N1C(=O)C[C@]34[C@@]51[C@@H]([C@H]2CCN5CC=C3)CC4,Psi4-recomputed PQR,11.722,322.4008800000002,37.330095,-153.43776
CCCC[C@@H](C(=O)N1CCC[C@@]2(C1)CCCNC2)SC1=Nc2ccccc2C(=O)[N+]1c1cccc(c1)Cl,Psi4-recomputed PQR,7.619999999999999,539.1317999999989,60.6965,-248.76392
Sc1cccc2c1c(S)ccc2,Psi4-recomputed PQR,6.49,192.3005199999999,22.909137,209.81936
CCCCC(=S)[C@@H](CC)C,Psi4-recomputed PQR,10.647,158.30421999999984,19.775177,-78.59089
COc1c(O)cc2c(c1CC=C(C)C)C(=O)c1c([OH+]2)cc(c(c1O)CC=C(C)C)O,Psi4-recomputed PQR,7.901000000000001,411.46758000000017,46.686728,-920.21096
OC(=O)[C@@H](Oc1ccc(cc1)Oc1ncc(cc1Cl)C(F)(F)F)C,Psi4-recomputed PQR,8.443999999999999,361.7003496,31.900908,-1144.41165
O=C1c2ccccc2N=C[N+]1c1n[nH]nn1,Psi4-recomputed PQR,7.980999999999999,214.18353999999988,22.316903,395.2369
CCCOC(=O)C1CCC1,Psi4-recomputed PQR,14.732,142.19555999999986,15.871027,-410.97167
C[C@H](COC(C)(C)C)O,Psi4-recomputed PQR,14.94,132.20074000000002,14.840327,-518.06882
OC[C@H]1O[C@H](Oc2c3c(CC[C@]([C@@H]3O)(C)C=C)c3c(c2O)C(C)(C)CCC3)[C@@H]([C@H]([C@@H]1O)O)O,Psi4-recomputed PQR,8.679,464.54854000000034,48.899418,-1511.34827
Nc1cccc(c1)CN=C(N)N,Psi4-recomputed PQR,8.783000000000001,164.20767999999987,19.134918,155.05096
O[C@@H]1C2(C=C[C@@]31C(=O)C=CC3=O)Oc1cccc3c1c(O2)ccc3,Psi4-recomputed PQR,7.186999999999999,320.29558000000003,34.501916,-399.76616
C=CC([C@]1(C[C@@H]2NC(=O)[C@]3(N(C2=O)CCC3)O)C(=O)Nc2c1ccc1c2C=CC(O1)(C)C)(C)C,Psi4-recomputed PQR,8.264999999999999,465.54144000000025,50.946601,-762.00861
O[C@@H](C[C@]12C[C@H]3C[C@@H](C2)C[C@@H](C1)C3)C/C=C/[C@@H]([C@H]1CC[C@@H]2[C@]1(C)CCC/C/2=C\C=C\1/C[C@@H](O)C(=C)[C@@H](C1)O)C,Psi4-recomputed PQR,11.799,534.8121599999994,66.12978,-712.16081
OC(=O)CN(Cc1ccccc1O)CCN(Cc1ccccc1O)CC(=O)O,Psi4-recomputed PQR,8.898,388.41436000000016,39.705275,-914.39439
N[C@H]1CCc2c(C1)cc(c(c2)OC(=O)c1ccccc1)OC(=O)c1ccccc1,Psi4-recomputed PQR,8.434000000000001,387.4278400000001,43.872851,-391.76991
C[C@@H]1C[C@H]1[C@H]1O[C@H]1C1CC(C1)(C)C,Psi4-recomputed PQR,15.111,180.28659999999985,22.164631,-62.54329
Nc1nc[nH]c1c1[nH]ccn1,Psi4-recomputed PQR,7.897999999999999,149.1532799999999,16.238831,287.96448
FC(c1cccc(c1)[C@@H]1CNCCO1)(F)F,Psi4-recomputed PQR,8.527000000000001,231.2142895999998,21.271648,-733.32441
COC[C@H]1OC(=O)c2c3[C@@]1(C)C1=C(C(=O)c3oc2)[C@H]2[C@@](CC1)(C)C(=O)CC2,Psi4-recomputed PQR,8.719999999999999,370.3957800000002,38.931019,-792.35899
CC[C@@H]1OC(=O)CCCC/C=C\C/C=C\[C@H]2[C@H]1C[C@H]1[C@@H]2O1,Psi4-recomputed PQR,10.537,290.39724000000035,33.242148,-456.33687
O=C(O[C@@H]([C@H]([C@@H]1OC(=O)C=C[C@@H]1O)O)c1ccccc1)/C=C/c1ccccc1,Psi4-recomputed PQR,8.763,380.3906000000001,41.546165,-701.12077
NC[C@H](c1cccc(n1)CCc1cc(C)cc(n1)N)Cc1cc(C)cc(n1)N,Psi4-recomputed PQR,11.622,376.4979200000004,45.093995,185.41216
C1CCC2(C1)CC2,Psi4-recomputed PQR,15.973,96.17018000000006,12.670089,4.59415
O[C@@H]1C[C@H](O[C@@H]1COP(=O)(O)O)[N+]1C=C(F)C(=O)[NH+]C1=O,Psi4-recomputed PQR,9.034,326.1723442000001,28.088422,-1869.4589
BrS(=O)Br,Psi4-recomputed PQR,7.569000000000001,207.8724,11.79729,-91.27474
OCC(=O)[C@H]1CC[C@@H]2[C@]1(CO)C[C@H](O)[C@H]1[C@H]2CCC2=CC(=O)CC[C@]12C,Psi4-recomputed PQR,9.763,362.45990000000035,39.28059,-984.51804
C1CC[C@@H](NC1)[C@H]1COC(O1)(c1ccccc1)c1ccccc1,Psi4-recomputed PQR,8.882000000000001,309.40212000000025,36.139957,-170.20043
O=C1C[C@@H]2CC[C@H](C1)C2,Psi4-recomputed PQR,13.955,124.18028000000004,14.605364,-235.76879
ClCCN(CCS(=O)(=O)O)CCCl,Psi4-recomputed PQR,13.187,250.14331999999985,21.336586,-668.32009
COc1ccc2c(c1)[OH+]C(=O)C(=C2)C(=O)C,Psi4-recomputed PQR,11.064,219.21333999999985,23.956339,-511.8155
NC[C@H](c1cncc(c1)CCc1cc(C)cc(n1)N)Cc1cc(C)cc(n1)N,Psi4-recomputed PQR,11.639,376.4979200000005,45.094468,181.2446
N[C@H](C(=O)O)C[C@H]1CO1,Psi4-recomputed PQR,10.494,131.12985999999998,12.144722,-433.55202
C[C@H]1C[C@@H]1[S@](=O)[C@@H]1CC1(C)C,Psi4-recomputed PQR,12.779,172.2877399999999,20.309526,-40.10071
O[C@@H]1CC[C@]2([C@@H](C1)C(=O)C[C@@H]1[C@@H]2CC[C@]2([C@H]1CCC2=O)C)C,Psi4-recomputed PQR,10.583,304.4238200000004,34.44975,-702.61836
COc1c(O)c(OC)cc2c1[OH+]C(=O)C=C2,Psi4-recomputed PQR,10.719,223.20203999999976,23.06841,-625.89114
CNc1nc(Br)c[n+]2c1[nH]c(c2)C#N,Psi4-recomputed PQR,7.829000000000001,253.07867999999985,23.144334,439.76833
C[C@@H]1C[C@H]2OC(=O)[C@@]3([C@H]2[C@]([C@@]1(O)CCc1cocc1)(C)CCC3)C,Psi4-recomputed PQR,9.848,332.43392000000034,36.741759,-722.87938
OC[C@H]1O[C@H](C[C@@H]1O)[N+]1C=C(CN[C@@]23O[N@H+](C3(C)C)C(C2)(C)C)C(=O)[NH+]C1=O,Psi4-recomputed PQR,8.689,397.4460600000003,39.960939,-819.39142
CC(=O)O[C@H]1[C@@H](OC(=O)C)[C@H](O[C@H]1n1c(Br)nc2c1ncnc2N)COC(=O)C,Psi4-recomputed PQR,8.383,472.2474200000001,40.139871,-992.05907
C[C@@H]1CC[C@H]1[N@@H+]([C@@H]1C[C@@H]1C)O,Psi4-recomputed PQR,14.191,156.2453,17.96939,-20.76183
C[C@@H]1CC[C@@H]1[N@@H+]([C@H]1C[C@@H]1C)O,Psi4-recomputed PQR,14.233,156.2453,17.9813,-16.18096
CCCC#CC1=C[N+]([C@@H]2O[C@@H]([C@H](C2)O)CO)C(=O)[NH+]C1=O,Psi4-recomputed PQR,8.42,294.30312000000015,30.86673,-716.31988
O=C1c2ccccc2N=C2[N+]1CCCCC2,Psi4-recomputed PQR,8.396999999999998,214.26305999999977,25.361493,-74.05943
Oc1ccc(c(c1)O)c1n(Cc2ccccc2)nc2c1cccc2C(F)(F)F,Psi4-recomputed PQR,7.779,384.35120960000006,39.586088,-587.83491
O=C1C=C[C@](C=C1)(O)c1cc2c(n1S(=O)(=O)c1ccccc1)cccc2,Psi4-recomputed PQR,7.712,365.4024,0.0,-193.03873
ClCCN(/N=N/[C@H]1N=CN=C1C(=O)N)CCCl,Psi4-recomputed PQR,8.591,279.12648000000013,25.531503,164.7292
CC1(/C=C\C2CCCCC2)CC1,Psi4-recomputed PQR,10.483,164.2871999999998,21.26067,-13.50948
COc1cc(OC)c(cc1C(=O)CCCCN1CCC2(CC1)NC(=O)NC2=O)NS(=O)(=O)c1ccc(cc1)C(F)(F)F,Psi4-recomputed PQR,7.511,612.6178495999987,57.633175,-1659.74043
CC[C@@H](/C=C/[C@H]1CC[C@@H]1C)C,Psi4-recomputed PQR,10.363,152.27649999999986,20.428288,-71.86093
NC/C=C/CC(=O)O,Psi4-recomputed PQR,9.939,115.13046000000004,11.780472,-346.66458
O=C[C@@H]([C@H]([C@H]([C@@H](C(=O)O)O)O)O)O,Psi4-recomputed PQR,13.48,194.1393999999999,15.142987,-1280.40626
COC[C@H]1CN(C(=O)O1)c1ccc(cc1)OCC[C@H](C(F)(F)F)O,Psi4-recomputed PQR,8.465,349.3023296000001,31.418004,-1430.23714
O[C@@H]1[C@H]2[C@H]3C(=O)[C@H]4[C@@H]([C@@]3(C)CC[C@@H]2[C@@]2([C@@H]([C@H]1O)C[C@@H]([C@H](C2)O)O)C)[C@@H](C[C@@H]4C[C@H]1C[C@H]1O)C,Psi4-recomputed PQR,10.663,462.6187800000004,50.415253,-1431.0921
ClCCN(c1ccc(cc1)Oc1ccc(cc1)C[C@@H](C(=O)O)N)CCCl,Psi4-recomputed PQR,8.293000000000001,397.29558000000014,42.20421,-446.08856
OC[C@H]1O[C@@H](O)[C@@H]([C@H]([C@@H]1OC(=O)/C=C/c1ccc(c(c1)O)O)O[C@H]1O[C@H](C)[C@H]([C@@H]([C@@H]1O)O)O)O,Psi4-recomputed PQR,7.893000000000001,488.43922000000026,45.9934,-2244.88338
OC[C@H]1O[C@H](Oc2cc(cc(c2)N(=O)=O)C(=O)NC(CN2CCOCC2)CN2CCOCC2)[C@@H]([C@H]([C@H]1O)O)O,Psi4-recomputed PQR,7.523999999999999,556.5628,54.09371,-1517.96311
CC(=O)c1ccco1,Psi4-recomputed PQR,9.31,110.11064000000005,11.70932,-198.30112
C=CCSC#N,Psi4-recomputed PQR,8.5,99.15420000000002,11.115351,189.09555
CCC[C@@H](N)C,Psi4-recomputed PQR,15.994,87.16342000000006,11.090939,-113.75155
CC(=O)N[C@H]1[C@H](O[C@@H]([C@H]([C@@H]1/N=C/c1c(cnc(c1O)C)COP(=O)(O)O)O)C(=O)O)O[P@@](=O)(O[P@](=O)(OC[C@@H]1O[C@H]([C@H]([C@H]1O)O)[N+]1C=CC(=O)[NH+]C1=O)O)O,Psi4-recomputed PQR,7.439000000000001,849.4790429999993,76.966337,-4812.58552
O[C@H]1[C@H](O)[C@H](O[C@@H]1[N+]1C=C(C)C(=O)[NH+]C1=O)COP(=O)(O)O,Psi4-recomputed PQR,9.057,338.20786100000015,30.365659,-1940.1759
COc1c(/C=C\2/C(=O)NCC(=O)N2C)cc(c(c1C)OC)OC,Psi4-recomputed PQR,8.264000000000001,320.34040000000016,34.732246,-669.16714
FC[C@@H]1C[C@H]1C1=C(C#N)/C(=N\C#C/C(=N\C#CC)/CNC(=O)N2C=COC=C2)/CC(=O)C1=O,Psi4-recomputed PQR,6.140000000000001,447.41852319999975,52.744542,2429.72446
C#CCCC[n+]1cnc(c2c1nc([nH]2)Sc1ccc(cc1C)C)N,Psi4-recomputed PQR,8.866,338.4499000000002,40.3112,549.94043
O=C(CN1CCCCC1=O)NCCN1CCN(CC1)c1ccccc1OC(C)C,Psi4-recomputed PQR,8.477,402.5303600000004,45.478022,-459.78378
CCCCCCCCCCCCC,Psi4-recomputed PQR,17.61,184.36141999999975,24.654633,-309.89631
CC[C@@H](SC)C,Psi4-recomputed PQR,11.727,104.21378000000004,12.792514,-102.04077
CC(c1cc(C[C@H]2SCNC2=O)cc(c1O)C(C)(C)C)(C)C,Psi4-recomputed PQR,11.152,321.47748000000036,37.07012,-454.47981
N[C@@H](C(=O)O)CCSC[C@H](C(=O)O)N,Psi4-recomputed PQR,11.689,222.2620599999998,20.342085,-779.61886
O[C@@H]1CO[C@@H]([C@@H]([C@H]1O)O)OP(=O)(O)O,Psi4-recomputed PQR,10.009,230.1098,0.0,-1801.33494
O[C@H]1[C@@H](SC[C@H]([C@@H]1O)O)Sc1ccc(cc1)C(=O)c1ccc(cc1)C#N,Psi4-recomputed PQR,7.354,387.4725800000001,41.959916,-345.01429
CCC(CC(=O)O[C@@H]1CCC1(C)C)(C)C,Psi4-recomputed PQR,14.656,212.3284599999997,24.966573,-539.76913
NCCN1CCNCC1,Psi4-recomputed PQR,14.438,129.20340000000004,14.940751,35.62124
COc1cc(C[C@H]2NCCc3c2cccc3)cc(c1OC)OC,Psi4-recomputed PQR,8.519,313.39082000000025,36.449009,-302.02583
N#Cc1cnc2c(c1N)C(=O)[N+](C(=O)[N+]2C)C,Psi4-recomputed PQR,8.395000000000001,231.2107599999998,24.045731,-138.84535
O=C1CC[C@]2(C(=C1)[C@@H](O)C[C@@H]1[C@@H]2CC[C@]2([C@H]1CC[C@]2(O)[C@H](O)C)C)C,Psi4-recomputed PQR,9.685,348.4763800000004,39.001462,-886.07646
O[C@H]1CC[C@]2([C@H](C1)C(=O)C[C@@H]1[C@@H]2C[C@@H]2[C@H]1CC[C@H]1[C@H]2CN2C[C@@H](C)CC[C@H]2[C@@]1(C)O)C,Psi4-recomputed PQR,9.866,429.6352200000005,49.696058,-791.49564
COc1ccc(cc1)CN(c1ccccn1)CC[N+](O)(C)C,Psi4-recomputed PQR,8.495,302.3913600000003,35.025201,57.78926
CC[C@@H]([C@]12Oc3cc(ccc3O[N+]2(O)C(=C(N(C1=O)O)[C@H](CC)C)O)C1=C(O)C(=O)C(=C(C1=O)O)c1ccc(cc1)O)C,Psi4-recomputed PQR,9.973,595.5739399999987,62.554569,-1091.86598
Cc1cccnc1,Psi4-recomputed PQR,12.694,93.12648000000004,11.530702,92.32417
CCCCN(C=O)N,Psi4-recomputed PQR,13.419,116.16158000000006,12.628439,-159.79667
Clc1cccc2c1CN(C2)C1=NCCN1,Psi4-recomputed PQR,11.73,221.68607999999983,24.190532,193.87515
O=c1c2cc(ccc2ccc2c1cc(cn2)c1cnn(c1)C1CCNCC1)NS(=O)(=O)N(C[C@@H]1COCCO1)C,Psi4-recomputed PQR,10.725,564.6558799999987,61.877055,-344.42697
CC(=CCC[C@]1(C)[C@H](CC=C(C)C)C[C@]2(C(=O)[C@]1(C(=O)C(C)C)C(=C(C2=O)CC=C(C)C)O)CC=C(C)C)C,Psi4-recomputed PQR,8.864999999999998,536.7849799999992,64.040463,-861.3474
C[C@@H]1CC[C@H]1S[C@@H]1CCC1(C)C,Psi4-recomputed PQR,11.702,184.3414999999998,22.776304,-45.09203
O=C(C[S@](=O)Cc1ccco1)NCCCOc1cccc(c1)CN1CCCCC1,Psi4-recomputed PQR,8.652000000000001,418.5496000000003,45.77582,-491.90786
O=C1[OH+]c2cc3occc3cc2C=C1[C@@H]1CC1(C)C,Psi4-recomputed PQR,7.972,255.28849999999977,29.819631,-199.54961
Clc1cc(cc(c1Oc1ccc(cc1)S(=O)(=O)C(F)(F)F)Cl)n1c(=O)[nH]c(=O)n(c1=O)C,Psi4-recomputed PQR,8.441,512.2440096,44.095849,-1465.73663
Oc1ccc(cc1)C1=C(O)C(=O)c2c([OH+]1)cc(O)cc2O,Psi4-recomputed PQR,7.501,287.24424000000016,30.12274,-815.2711
OCC(=CC1=C(C)C(=O)[NH+]C(=O)[NH+]1)CO,Psi4-recomputed PQR,12.079,212.20257999999984,21.087974,-685.4026
CO[C@@H]1[C@H](O)[C@H](O[C@H]1n1cnc2c1ncnc2NC1CCCCC1)CO,Psi4-recomputed PQR,8.346,363.4115000000002,38.164104,-524.57656
OC(=O)[C@H](c1ccc(cc1)c1ccccc1)C,Psi4-recomputed PQR,12.021999999999998,226.27045999999984,27.21172,-236.92213
OC[C@@H]1C[C@@H](N[C@H]2C=C(CO)[C@@H]([C@H]([C@@H]2O)O)O)[C@H]([C@@H]([C@H]1O[C@@H]1O[C@H](CO)[C@H]([C@@H]([C@H]1O)O)O)O)O,Psi4-recomputed PQR,9.744,497.4908000000004,44.911753,-2446.86632
CC(CCN=C=S)C,Psi4-recomputed PQR,8.083,129.22324000000003,15.301343,32.93865
CO[N+](CC(=O)N[C@@H]([C@@H]([C@@H](C(=O)O)C)O)C(C)C)O,Psi4-recomputed PQR,12.162,278.3022,26.90287,-934.17007
COc1ccc(cc1)CC(=O)c1cc(Cl)c(cc1O)O,Psi4-recomputed PQR,10.941,292.7143200000002,30.816701,-569.55221
Clc1cc2NC=NS(=O)(=O)c2cc1S(=O)(=O)N,Psi4-recomputed PQR,8.685,295.72324000000003,25.352753,-489.07187
Clc1ccc(cc1Cl)Cn1c(N)nc2c1cccc2,Psi4-recomputed PQR,10.792,292.16324000000014,31.419613,253.94041
FC(c1cc(Cl)c2c(c1)[nH]c(=O)c(=O)[nH]2)(F)F,Psi4-recomputed PQR,7.930999999999999,264.58846959999994,21.935872,-887.91085
CC(CSC[C@H]1O[C@H]([C@@H]([C@@H]1O)O)n1cnc2c1ncnc2N)C,Psi4-recomputed PQR,7.877999999999999,339.4132400000002,34.335371,-362.93906
CC(=O)C[C@@H](C1=C(O)c2c([OH+]C1=O)cccc2)c1ccco1,Psi4-recomputed PQR,7.755000000000001,299.29800000000006,31.79633,-580.38891
C=NNc1cccc(c1)Cl,Psi4-recomputed PQR,8.166,154.5968799999999,17.438684,208.48793
O=C1OCC(=C1)[C@H]1CC[C@]2([C@]1(C)[C@H](O)C[C@H]1[C@H]2CC[C@H]2[C@]1(C)CC[C@@H](C2)O[C@H]1C[C@H](O)[C@@H]([C@H](O1)C)O)O,Psi4-recomputed PQR,12.731,520.65486,55.147507,-1615.88586
Clc1ccc(cc1)C(=O)NCCS(=O)(=O)c1ccc(cn1)C(F)(F)F,Psi4-recomputed PQR,8.133,392.7805896,34.764991,-985.51504
OC(=O)C1=CC(=O)[N+](C=C1)O,Psi4-recomputed PQR,8.056000000000001,155.10819999999993,14.232941,-473.60543
OC[C@@H]1CN(C)[C@H]2[C@](C1)(OC)c1cccc3c1c(C2)c[nH]3,Psi4-recomputed PQR,8.007000000000001,286.36878000000024,33.000599,-190.99957
O=[S@]1CCC[C@@H]1[N+]1C=C(F)C(=O)[NH+]C1=O,Psi4-recomputed PQR,11.197,232.23206319999977,21.863709,-595.01461
CC(CC(=O)c1c(O)c2C(=CC(=O)[OH+]c2c(c1O)CC=C(C)C)c1ccccc1)C,Psi4-recomputed PQR,7.980999999999999,407.4788800000002,47.055036,-755.63221
CCOC[N+]1C(=O)[NH+]C(=O)C(=C1SC1CCCCC1)C(C)C,Psi4-recomputed PQR,11.248,326.45424000000037,36.106719,-654.10378
COc1ccc(cc1)C1=C(O)C(=O)c2c([OH+]1)cc(OC)c(c2O)O,Psi4-recomputed PQR,7.94,331.2968,34.841466,-906.68338
CN(N=O)[C@@H]1CO1,Psi4-recomputed PQR,10.01,102.09194000000002,9.494716,-4.01616
N#CC#N,Psi4-recomputed PQR,15.739,52.0348,4.968501,299.09378
N#Cc1c(NC(=O)c2cc(c(cc2Cl)Cl)S(=O)(=O)N2CCOCC2)sc2c1CCCC2,Psi4-recomputed PQR,7.071,500.41856000000024,50.16961,-434.79855
N=C1S[C@@H]2CCCC[C@@H]2C2=NCCC[N+]12,Psi4-recomputed PQR,11.078,223.33777999999992,26.170944,273.52406
C1C[C@H]2CC[C@@H]1N=N2,Psi4-recomputed PQR,10.114,110.15700000000004,12.62894,121.64088
CCCCCCOc1nsnc1C1=CCCN(C1)C,Psi4-recomputed PQR,7.948,281.4169200000003,32.504466,-15.51161
COc1cc(C)cc2c1c(O)ccc2c1c(O)cc(c2c1C[C@@H](C)N[C@@H]2C)O,Psi4-recomputed PQR,7.969,379.4489000000002,44.098204,-575.70677
NC(=N)c1ccc(cc1)c1cc2c(o1)ccc(c2)C(=N)N,Psi4-recomputed PQR,7.868,278.3085600000001,33.53761,282.10419
Oc1ccc(c(c1)C[C@]1(C)[C@@H](C)CC[C@]2([C@H]1CCC=C2C)C)O,Psi4-recomputed PQR,8.515,314.4617000000004,37.710819,-427.79437
COc1ccccc1NC(=O)Nc1nn(c2c1c(OC)ccc2)C,Psi4-recomputed PQR,10.966,326.34982000000025,36.761594,-107.13918
N#Cc1ccc2c(c1)C(=CC(O2)(C)C)[N+]1C=CC=CC1=O,Psi4-recomputed PQR,8.087,278.3052600000001,32.649933,-0.1752
C1CC[C@H]2[C@@H](C1)C[C@@H]1N(C2)CCc2c1[nH]c1c2cccc1,Psi4-recomputed PQR,8.283000000000001,280.40726000000035,35.138998,113.8909
CC[C@@H](/C=C\[C@H]1CC1(C)C)C,Psi4-recomputed PQR,10.489,152.27649999999983,20.408433,-37.87099
O[C@@H]1CCc2c(C1)cccc2,Psi4-recomputed PQR,9.581,148.2016799999999,17.938935999999998,-164.85331
ONC(=O)[C@H](C(=O)N[C@H](C(=O)NCc1ccccc1)CC(=O)O)CC(C)C,Psi4-recomputed PQR,9.696,379.4076000000004,38.143735,-1008.08041
O=C(OC(=O)C1CC1)C[C@@H]1CC1(C)C,Psi4-recomputed PQR,13.874,196.24293999999975,21.27281,-448.97226
Clc1ccc(cc1)CCc1c[nH]c(c1)C(=O)O,Psi4-recomputed PQR,8.792,249.69287999999983,26.816641,-254.49905
O=C1NC(=O)C(O1)(C)C,Psi4-recomputed PQR,13.9,129.11398000000003,11.955944,-565.2054
ClCC(=O)N(c1ccccc1)CC(=O)N(CC)CC,Psi4-recomputed PQR,12.145,282.7658600000002,30.325723,-351.95843
O=CNc1ccc(cc1C(=O)CCNC(=O)C)OC,Psi4-recomputed PQR,7.759,264.2771399999999,27.710492,-626.03824
CCCC([N@@H+](CCC(C)C)O)(C)C,Psi4-recomputed PQR,14.416,188.3302,22.4664,-302.50235
COC(=O)Nc1[nH]c2c(n1)cc(cc2)Oc1ccc(cc1)NC(=O)Nc1cc(ccc1F)C(F)(F)F,Psi4-recomputed PQR,10.652,503.40579280000014,49.585218,-1088.7744
O=C1C=C2CC[C@@H]3C(=C2C[C@@H]1C)CC[C@]1([C@@H]3CC[C@H]1O)C,Psi4-recomputed PQR,11.781,286.40854000000036,34.883741,-422.1292
O=C(c1ccccc1)NC1=CC(=C[NH+]C1=O)c1ccncc1,Psi4-recomputed PQR,10.868,291.3040200000001,33.9821,-11.41936
CCN(CCOC(=O)[C@H](Cc1cccc2c1cccc2)C[C@H]1CCCO1)CC,Psi4-recomputed PQR,7.959999999999999,383.5237200000004,44.331174,-527.47037
CC(=CC1CC1)C,Psi4-recomputed PQR,9.977,96.17018000000006,13.244938,42.47272
NCCCn1cncc1,Psi4-recomputed PQR,13.02,125.17164000000004,14.205688,124.86771
c1ncc2c(n1)cc[nH]2,Psi4-recomputed PQR,11.721,119.12400000000002,13.291174,267.0144
OC[C@H]1O[C@@H](Oc2ccc3c(c2)[OH+]C(=O)C=C3CC(=O)OC)[C@@H]([C@H]([C@H]1O)O)O,Psi4-recomputed PQR,8.241000000000001,397.3533400000002,37.912319,-1615.07604
C=Cc1ccncc1,Psi4-recomputed PQR,12.775,105.13718000000004,13.226976,189.91268
O[C@H]1CC[C@]2(C(=CC[C@@H]3[C@@H]2CC[C@]2([C@H]3CC/C/2=C(\C[C@H]([C@@H](C(O)(C)C)C)C)/C)C)C1)C,Psi4-recomputed PQR,10.141,428.69022000000064,52.672507,-679.47089
OC[C@@H]1C=C[C@@H](O1)[N+]1C=C(CO)C(=O)[NH+]C1=O,Psi4-recomputed PQR,9.207,240.21267999999975,22.95258,-767.83745
CCC/C=N/O,Psi4-recomputed PQR,10.606,87.12036000000005,9.719973,-90.80076
OC(=O)c1cc(NCc2cccc(c2)N(=O)=O)cc(c1)C(=O)O,Psi4-recomputed PQR,10.555,316.2656,33.22013,-550.88169
CCCCCCCC[C@H]1CCC(=O)[C@@H]2[C@H]1C(=O)[C@H]([C@H]([NH2+]2)C)OC,Psi4-recomputed PQR,10.525,324.4781600000004,37.25458,-599.37131
O[C@@H]([C@@H](CON=S)O)CON=S,Psi4-recomputed PQR,7.183999999999999,212.24731999999983,19.106383,-74.75893
O/N=C/1\CC[C@H]2C(=C1)CC[C@@H]1[C@@H]2CC[C@]2([C@H]1CC[C@]2(C#C)OC(=O)C)CC,Psi4-recomputed PQR,9.262,369.49714000000034,42.947733,-278.18804
CC(PC1(C)CC1)C,Psi4-recomputed PQR,13.105,130.16776100000004,17.50441,-17.77157
NNC(C)C,Psi4-recomputed PQR,11.018999999999998,74.12490000000005,8.624616,12.18757
CCCC[C@H]1C[C@H]2C(=O)C[C@H]([NH2+][C@H]2[C@@H]2[C@H]1[NH2+][C@@H](CC2=O)C(=O)O)C(=O)O,Psi4-recomputed PQR,10.388,368.4247200000002,37.422509,-917.00541
COC(=O)[C@@H]1C[C@@]23C4=C(CC[C@H]14)CC[C@H]1[C@]2(CO)C=C[C@H]2[C@]3(O)N(C1)C[C@H]2C,Psi4-recomputed PQR,9.833,385.4965400000003,42.25336,-661.51581
CC([N@H+](C1(C)CCC1)O)(C)C,Psi4-recomputed PQR,14.138,158.2612,18.21323,-157.69454
COc1cc(O)cc2c1c(O)c1c(c2)[OH+]C(=CC1=O)C,Psi4-recomputed PQR,10.937,273.26072000000005,29.51368,-663.37038
COc1c(NC(=O)Nc2ccc(c3c2cccc3)c2ccc(nc2)CN2CCOCC2)cc(cc1NS(=O)(=O)C)C(C)(C)C,Psi4-recomputed PQR,7.436,617.7582599999985,70.860556,-537.54645
O[C@H](c1ccc(c(c1)O)O)CNC([C@@H]1CC[C@](CC1)(C)N)(C)C,Psi4-recomputed PQR,11.849,322.4424000000004,36.433371,-617.81394
O/N=C/C=C,Psi4-recomputed PQR,9.299,71.07790000000003,7.91918,50.72787
O[C@H]1[C@@H](O[C@@H]([C@]1(O)C#C)CO)[N+]1C=CC(=O)[NH+]C1=O,Psi4-recomputed PQR,12.376,268.22278000000006,24.870475,-788.07583
CN(C=O)CO,Psi4-recomputed PQR,10.79,89.09318000000003,8.45518,-377.42075
OC[C@@H]1O[C@@H](CS1)[N+]1C=C(F)C(=O)[NH+]C1=O,Psi4-recomputed PQR,8.356,248.2314631999998,21.794676,-779.49288
OC(=O)c1cc(c(s1)[C@H](C(=O)O)N)C,Psi4-recomputed PQR,7.644,215.2263599999998,20.576184,-657.55104
Oc1ccc(cc1)c1nc2c([nH]1)cccc2C(=O)N,Psi4-recomputed PQR,8.301,253.2560399999998,29.97123,-40.0225
CCC(CN(S(=O)(=O)c1ccc(cc1)CO)C[C@H]([C@H](Cc1ccccc1)NC(=O)O[C@H]1CO[C@@H]2[C@H]1CCO2)O)CC,Psi4-recomputed PQR,8.551,590.7280799999983,61.160046,-1388.30316
O=CC1=C2C=C(OC)CC[C@@]2([C@@H]2[C@@H](C1)[C@@H]1CC[C@]([C@]1(CC2)C)(OC(=O)C)C(=O)C)C,Psi4-recomputed PQR,8.424,414.5344600000004,46.971667,-933.08242
O[C@H]1C[C@@H](O[C@@H]1CN[C@@H](c1nccn1C)c1ccccc1)[N+]1C=CC(=O)[NH+]C1=O,Psi4-recomputed PQR,12.259,397.42772000000025,41.861559,-430.05701
O=C(C[C@H]1[C@@H](CN[C@@H]1C(=O)O)C(=C)C)N[C@H](C(=O)O)CCC(=O)O,Psi4-recomputed PQR,12.82,342.3443800000002,32.341017,-1352.93204
C[NH2+]OC,Psi4-recomputed PQR,11.343,62.091019999999986,6.347184,-77.53242
CCCOCC[N+]1C(=O)C(=Nc2c1nc(cc2)c1ccc(nc1)OC)NCCN1CCOCC1,Psi4-recomputed PQR,7.015000000000001,468.5486800000004,53.270904,-366.8883
ON(C(=O)[C@@H]1CS/C(=C\2/C=CC=C(C2=O)O)/N1)CCc1cnc[nH]1,Psi4-recomputed PQR,7.187999999999999,348.3769400000001,35.550427,-275.66683
ClCCN(C(=O)O[C@H]1CC[C@H]2[C@]1(C)CC[C@H]1[C@H]2CCC2=CC(=O)CC[C@H]12)N=O,Psi4-recomputed PQR,9.167,408.91896000000025,43.542066,-646.53277
O[C@@H](CO[C@@H]1c2ccccc2C(=O)N1c1ccccc1)CNC(C)C,Psi4-recomputed PQR,7.883,340.4161600000003,38.51381,-366.4998
O=C1OC2(c3c1cccc3)c1ccc(c(c1Oc1c2ccc(c1C)O)C)O,Psi4-recomputed PQR,8.328,360.35944000000006,40.415071,-573.3658
Clc1c2ccccc2cc2c1cccc2,Psi4-recomputed PQR,7.151000000000001,212.67425999999983,26.627581,212.62306
NC(=N)c1ccc(cc1)OCCCC1CCN(CC1)CCCOc1ccc(cc1)C(=N)N,Psi4-recomputed PQR,8.975000000000001,437.57770000000033,51.535531,-70.29389
O[C@@H]1C=C[C@]23[C@H](C1)N(C[C@H]2O)Cc1c3cc2OCOc2c1,Psi4-recomputed PQR,8.669,287.31048000000015,30.667923,-430.84346
O/N=C/1\C[C@H](Cc2c1c(C)nc(n2)N)c1ccc(cc1c1cccnc1)F,Psi4-recomputed PQR,11.409,363.38822320000025,40.378161,86.82641
N/C=C/OP(=O)(O)O,Psi4-recomputed PQR,7.949,139.04710099999994,13.114604,-974.32463
CNC[C@@H]1CN(C(=O)O1)c1ccc(cc1)OCc1cccc(c1)Cl,Psi4-recomputed PQR,8.109,346.8080600000001,38.009502,-312.79167
Oc1cc2O[C@@](C(=O)c2c(c1)O)(O)Cc1cc(O)c(c(c1)O)O,Psi4-recomputed PQR,11.294,320.25098,30.759491,-1238.73145
ClCC(=O)N(c1c(C)cccc1CC)COC(C)C,Psi4-recomputed PQR,12.342,283.7936800000003,31.118253,-472.6573
COc1cc2CCN([C@@H]3c2cc1Oc1c(OC)c(OC)cc2c1[C@H](Cc1ccc(c(c4cc(C3)ccc4OC)c1)O)[N@+](CC2)(C)O)C,Psi4-recomputed PQR,8.112,639.7572199999983,73.757562,-514.14345
O=C[C@@H]([C@H]([C@@H]([C@@H](CO)O)O)O)NS(=O)(=O)O,Psi4-recomputed PQR,9.842,259.2343199999999,19.817559,-1462.35398
COc1cc(cc(c1OC)OC)[C@@H](c1cc2OCOc2cc1O)Nc1ccccn1,Psi4-recomputed PQR,11.365,410.4198800000001,44.691249,-604.2093
Oc1cc(O)c2c(c1)C(=O)c1c(C2=O)c(O)c(c(c1)C)O,Psi4-recomputed PQR,10.462,286.2363,30.85294,-854.56436
CCN(C1=CC(=O)c2c([OH+]1)ccc1c2cccc1)C,Psi4-recomputed PQR,8.081999999999999,254.30373999999975,30.35688,-112.09356
OC[C@H]1O[C@@H](C[C@@H]1N)[N+]1C=CC(=NC1=O)N,Psi4-recomputed PQR,9.135000000000002,226.23245999999975,22.430827,-427.37166
CC[C@@]1(O)CC(=O)OCC2=C1C=C1c3nc4cc(F)c(cc4cc3C[N+]1C2=O)F,Psi4-recomputed PQR,7.336,398.3595464,41.667594,-759.1777
OC[C@@]12[C@@H](C=C(C(=O)[C@H]1O)C)O[C@H]1[C@@]3([C@]2(C)C[C@H]1O)CO3,Psi4-recomputed PQR,12.334,296.3157000000002,29.411692,-866.23388
CCCCC/C(=C\c1ccccc1)/CO,Psi4-recomputed PQR,9.644,204.30799999999977,25.576714,-174.34686
OC(=O)CN(C(=O)[C@H](CS[C@@H](c1[nH]cnc1)CC(=O)O)N)C(=O)CC[C@@H](C(=O)O)N,Psi4-recomputed PQR,8.696,445.4475200000002,40.449157,-1431.34157
O=C([C@@H]1NCc2c(C1)c1ccccc1s2)NCc1ccc2c(c1)OCO2,Psi4-recomputed PQR,10.956,366.4335200000001,40.640092,-148.66156
O=C1C=Cc2c([OH+]1)cc(cc2)OS(=O)(=O)O,Psi4-recomputed PQR,7.95,243.21327999999983,22.218766,-839.40813
CC1(C)C[C@@H]1[N@@H+](C1CC1)O,Psi4-recomputed PQR,14.156,142.2187,16.42713,42.39628
O[NH+]1CCCCC1,Psi4-recomputed PQR,14.456,102.15488000000006,11.381931,-130.73394
ONC(=O)CNS(=O)(=O)CCc1ccc(cc1)OC,Psi4-recomputed PQR,11.988,288.32014000000026,27.936556,-648.65129
COC(=O)c1cc2c(c(c1[C@@H](OC(=O)CO)C)O)C(=O)c1c(C2=O)c2c(cc1O)cc(c(c2OC)Cl)C,Psi4-recomputed PQR,6.871,528.8919399999992,53.942675,-1529.72849
OC[C@H](C(=O)N=O)NS(=O)(=O)c1ccc(cc1)OC,Psi4-recomputed PQR,8.427,288.2770800000001,26.139659,-638.95806
O=C(c1ccc(cc1)S(=O)(=O)N)NCc1c(F)c(F)c(c(c1F)F)F,Psi4-recomputed PQR,8.541,380.2898760000001,31.237596,-1202.85787
COc1ccc2c(c1)n1[C@H](OOC(C[C@H]3c1c2[C@H](O)[C@@]1(N3C(=O)[C@H]2N(C1=O)CCC2)O)(C)C)C=C(C)C,Psi4-recomputed PQR,8.087,511.56682000000023,54.95029,-836.45186
CS,Psi4-recomputed PQR,11.625,48.10745999999999,4.763688,109.15163
CCC(=O)Oc1ccc2c3c1O[C@@H]1[C@@]43CCN([C@H](C2)[C@@H]4C=C[C@@H]1O)C,Psi4-recomputed PQR,11.88,341.4009200000002,37.511235,-531.08263
C[C@H](C(=O)O)CC/C=C(/[C@@H]1CC[C@H](CC1)C(=O)O)\C,Psi4-recomputed PQR,10.443,268.34866,29.062083,-930.70479
OC[C@H]1O[C@@H](C[C@@H]1O)[N+]1C=CC(=CC1=O)N,Psi4-recomputed PQR,8.894,226.22915999999975,22.531774,-670.01592
O=C(C(C)C)OCC(=O)[C@@]12O[C@@H](O[C@@H]1C[C@@H]1[C@]2(C)C[C@H](O)[C@H]2[C@H]1CCC1=CC(=O)C=C[C@]21C)C1CCCCC1,Psi4-recomputed PQR,9.415,540.6875599999988,59.030492,-1358.44628
O=CC1=NC2=C([NH+]C1=O)[N+](C(=O)[N+](C2=O)C)C,Psi4-recomputed PQR,11.233,236.18421999999993,23.089933,-458.17294
C[C@H](CNC[C@H](O)C)O,Psi4-recomputed PQR,14.712,133.1888,14.197941,-462.57776
O=CC1=C[N+]([C@H]2C[C@@H]([C@H](O2)COP(=O)(O)O)O)C(=O)[NH+]C1=O,Psi4-recomputed PQR,9.18,336.1919810000001,29.830139,-1838.67411
CCCCCC[C@H](c1cc(cc(c1OC(=O)/C=C/C)N(=O)=O)N(=O)=O)C,Psi4-recomputed PQR,11.703499999999998,364.393,39.15856,-423.12978
CC(CC[C@H]1O[C@@H]1CC(C)(C)C)C,Psi4-recomputed PQR,15.643,184.31835999999976,23.002831,-297.79923
CCN(C(=O)CCc1ccc(c(c1)O)O)CC,Psi4-recomputed PQR,8.479,237.29485999999972,26.447311,-561.93044
CC(/N=C(/N=C(/[NH+]OCCCOc1cc(Cl)c(cc1Cl)Cl)\N)\N)C,Psi4-recomputed PQR,8.161,396.6999000000002,37.5702,-236.86163
Cc1c[nH]c2[n+]1ccnc2NCc1ccncc1,Psi4-recomputed PQR,10.942,240.28375999999983,28.288103,390.33645
NCC[C@@H](c1ccccc1)Oc1nc(C#CC(O)(C)C)c2c(c1)n(CC)c(n2)C1=C(N)[NH+]O[NH+]1,Psi4-recomputed PQR,10.24,463.5321600000005,53.734931,283.87384
BrN1C(=O)c2c(C1=O)cccc2,Psi4-recomputed PQR,11.193,226.02685999999983,19.438099,-5.4797
OCN=C(N)N,Psi4-recomputed PQR,10.387,89.09648000000004,8.396926,-139.87406
BrCCCCCCCCCCCOC(=O)C(=C)C,Psi4-recomputed PQR,10.057,319.2776800000003,32.186423,-538.43523
CC(c1cc2[NH+]C(=O)[N+](C(=O)c2cc1c1ccnn1C)NS(=O)(=O)C)C,Psi4-recomputed PQR,8.237,377.4181600000001,39.145853,-398.1518
O=N(=O)C1=C[N+](C2CCCC2)C(=O)[NH+]C1=O,Psi4-recomputed PQR,8.985,225.20133999999985,21.52692,-367.05819
CC(=CCc1c(O)cc(c2c1[OH+]C(=CC2=O)c1ccc(cc1)O)O)C,Psi4-recomputed PQR,8.442,339.3618600000001,37.911952,-682.26792
N#Cc1ccc(nc1)C(=O)Nc1ccc(c(c1)[C@@]1(C)N=C(N)O[C@H](C1)C(F)(F)F)F,Psi4-recomputed PQR,10.24,421.34831280000014,40.030103,-780.50847
CCc1cc(OC)c2c(c1)C(=O)[OH+]c1c2cc(OC)c2c1c(ccc2O)[C@H]1O[C@@H]([C@@H]([C@H]1O)O)[C@H](O)C,Psi4-recomputed PQR,7.018999999999999,497.51376000000016,53.57641,-1352.81821
COc1cc2c(ccnc2cc1OC)Oc1ccc(nc1)NC(=O)C1=CC=C[N+](C1=O)Cc1ccccc1,Psi4-recomputed PQR,10.251,508.52466000000027,59.036751,-268.89338
O=C1N[C@H]2CCCN[C@H]2[NH2+][C@@H]2[C@H]1CCCC2,Psi4-recomputed PQR,10.921,224.32258,24.593186,118.13239
OC(=O)CC[C@@H](C(=O)O)NC(=O)c1ccc(cc1)CCCc1cnc2c(n1)c(=O)[nH]c([nH+]2)N,Psi4-recomputed PQR,8.404,455.4439200000001,45.975695,-788.09205
Br/C=C\1/CC[C@@H](C(=O)O1)c1ccccc1,Psi4-recomputed PQR,12.099,267.11854000000005,25.257052,-172.64855
CC(=O)SSCc1ccccc1,Psi4-recomputed PQR,10.668,198.3050999999998,23.114462,-88.0714
N[C@@H]1CCC1(C)C,Psi4-recomputed PQR,15.723,99.17412000000006,12.410795,-40.74457
CC(P[C@H]1CC[C@H]1C)C,Psi4-recomputed PQR,13.0405,144.1943,19.28129,-83.90972
C=C1[C@@H]2CC[C@@H]3[C@](C1=O)([C@@H]2O)[C@@H]1O[C@@H]2[C@]43[C@H](C1)[C@@](CO2)(C)CC[C@@H]4O,Psi4-recomputed PQR,9.698,346.4174400000003,36.629369,-879.19773
CCCC(=O)OC(=C(Cl)Cl)P(=O)(OC)OC,Psi4-recomputed PQR,11.956,291.0655810000002,27.157106,-1142.53072
C/C(=C/C=C\C=C\Cc1ocnc1)/[C@H](C(C(=O)N)(C)C)O,Psi4-recomputed PQR,8.938,290.3574800000003,33.332361,-356.42621
Oc1ccc2c(c1)[C@]1(C)CCN([C@H](C2)[C@@H]1C)Cc1ccoc1C,Psi4-recomputed PQR,8.807,311.4180000000003,36.786084,-226.82729
O=C(c1cc(c(cc1O)Cl)S(=O)(=O)N)Nc1c(C)cccc1C,Psi4-recomputed PQR,7.978999999999999,354.80860000000007,35.579335,-584.18852
CNS(=O)(=O)Cc1ccc2c(c1)c(c[nH]2)C[C@H]1CCCN1,Psi4-recomputed PQR,8.306,307.4111400000002,33.619378,-205.43677
CC(C[C@@H](C(O)O)N)C,Psi4-recomputed PQR,15.181,133.1888,14.058035,-503.50309
OC(=O)C[C@H]1[C@H](NC(=O)c2cc3c([nH]2)ccc(c3)F)Cc2c1cccc2,Psi4-recomputed PQR,11.331,352.3589832000001,38.129142,-496.44185
N[C@H](C(=O)O)C[C@H](C(=O)O)C/C=C/c1ccc(cc1)/N=N/c1ccccc1,Psi4-recomputed PQR,7.494,367.3984400000002,42.109871,-355.21066
O/N=C(/C(=O)O)\C,Psi4-recomputed PQR,13.524,103.07670000000005,8.792323,-400.09956
Cc1cccnn1,Psi4-recomputed PQR,9.679,94.11454000000003,10.805358,180.31635
O[C@H]1C[C@]2([C@]([C@@H]1C)(C)[C@H]1[C@](C2)(O)CC(C1)(C)C)O,Psi4-recomputed PQR,15.854,254.36513999999968,28.191717,-797.82397
CC/C=C\[C@@H]1CC1(C)C,Psi4-recomputed PQR,10.291,124.22334000000006,16.855547,8.31253
OCCOc1ccc2c(c1)C(=O)c1c([OH+]2)ccc(c1)C(=O)O,Psi4-recomputed PQR,8.003,301.27082,31.321056,-805.74046
CCC(CC(=O)S[C@@H]1C[C@H]1C)(C)C,Psi4-recomputed PQR,11.642,200.3408999999998,23.891567,-238.80559
C[C@H]1CNC(=O)NC1=O,Psi4-recomputed PQR,10.567,128.12922000000003,12.528261,-401.23623
O=C([C@]12C[C@H]3C[C@@H](C2)C[C@@H](C1)C3)Nc1nnc(s1)S(=O)(=O)N,Psi4-recomputed PQR,7.864,342.43702000000025,34.709844,-321.2652
COc1c(cc(cc1C(C)(C)C)[N+]1C=CC(=O)[NH+]C1=O)c1ccc2c(c1)ccc(c2)NS(=O)(=O)C,Psi4-recomputed PQR,10.763000000000002,493.5746800000001,56.312694,-635.16374
COc1cc2[OH+]C(=C(C(=O)c2c(c1OC)O)OC)c1ccc(c(c1)OC)O,Psi4-recomputed PQR,7.697,375.3493600000001,39.54104,-1050.29646
O=C([C@H]1OCCN(C1)c1nc(N)nc(c1)c1ccc2c(c1)n[nH]c2N)Nc1ccccc1,Psi4-recomputed PQR,7.678000000000001,430.4624800000004,49.0188,234.92162
CCC[C@H]1CCCCN1,Psi4-recomputed PQR,12.091,127.22728000000008,16.167809,-107.87919
NC(=O)NC(c1ccccc1)c1ccccc1,Psi4-recomputed PQR,12.563,226.27375999999975,26.646826,7.19736
O[S@@](=O)CNc1ccc(cc1)S(=O)(=O)c1ccc(cc1)NC[S@](=O)O,Psi4-recomputed PQR,8.568999999999999,404.48164000000014,40.162971,-731.12315
OC[C@H]1C[C@@H](C[C@H]1O)[N+]1C=C(I)C(=O)[NH+]C1=O,Psi4-recomputed PQR,7.962,352.12569000000013,27.883146,-644.88191
COc1cc(OC)c2c(c1c1ccc(c3c1cc(C)cc3OC)O)C[C@@H](N[C@H]2C)C,Psi4-recomputed PQR,7.965,407.50206000000026,47.40722,-487.20466
OC[C@H]1O[C@H](C[C@@H]1O)[N+]1C=C(Cl)C(=NC1=O)N,Psi4-recomputed PQR,8.8,261.66227999999995,23.772866,-664.35295
O=C/C/1=C\CC[C@@]2(C)O[C@H]2[C@@H]2[C@@H]([C@H](C1)OC(=O)C(=C)C)C(=C)C(=O)O2,Psi4-recomputed PQR,9.85,346.3743800000002,35.955499,-773.15593
OC[C@H]1O[C@@H](OC[C@@H](C(=C)CO)OC(=O)/C=C/c2ccc(c(c2)O)O)[C@@H]([C@H]([C@@H]1O)O)O,Psi4-recomputed PQR,7.996,442.4138400000002,43.089385,-1778.52618
Oc1cc2C=C([OH+]C(=O)c2c(c1)O)c1ccc(c(c1)O)O,Psi4-recomputed PQR,11.819,287.24424,32.61298,-814.7479
NC(=NCCC[C@@H](C(=O)Nc1ccc2c(c1)cccc2)NC(=O)[C@H](CCCN=C(N)N)N)N,Psi4-recomputed PQR,8.012,455.5565200000003,50.683888,-154.30013
NC1CCCC1,Psi4-recomputed PQR,15.747,85.14754000000006,10.568866,-62.97809
COc1ccc2c(c1)C(=O)[N+](C(=N2)c1ccc(cc1)OC[C@@H](CNC(C)(C)C)O)C,Psi4-recomputed PQR,7.918,411.4940600000003,47.466158,-514.96512
CC(=O)C[C@H](C(=O)C)C,Psi4-recomputed PQR,13.871,128.16898000000006,13.926721,-447.27587
OC[C@@H](C(C)C)Nc1nc(Sc2cccc(c2)N)c2c(n1)n(cn2)C(C)C,Psi4-recomputed PQR,7.734000000000001,386.51434000000023,44.6307,63.22311
NCCc1nc([nH]c1C)N,Psi4-recomputed PQR,9.418,140.1862799999999,15.524601,81.8976
OC[C@H]1Oc2cc(ccc2O[C@@H]1c1ccc(c(c1)OC)O)C1=CC(=O)c2c([OH+]1)cc(cc2O)O,Psi4-recomputed PQR,7.960999999999999,465.42884,49.903065,-1187.50349
OC(=O)CC(=N)C(=O)O,Psi4-recomputed PQR,10.194,131.08679999999998,10.509643,-673.00422
C=Cc1ccc(nc1)C(C)(C)C,Psi4-recomputed PQR,12.026,161.24349999999984,20.87762,86.24218
Clc1ccc(c(c1Oc1ccccc1)F)CC1=N[NH+]C(=O)C=C1,Psi4-recomputed PQR,11.324000000000002,330.7407832000002,34.660592,-180.27904
OC/C/1=C/[C@H]2OC(=O)C(=C)[C@@H]2[C@H](C/C(=C\CC1)/C)OC(=O)C(=C)CO,Psi4-recomputed PQR,8.937,348.39026000000024,37.029059,-904.85174
CCCCC/C=C\C=C\[C@H](CCCCCCCC(=O)O)O,Psi4-recomputed PQR,9.248,296.44488000000047,35.031712,-757.91705
CSSSSC,Psi4-recomputed PQR,9.881,158.3290399999999,18.587693,-24.07253
CCP(CC(C)(C)C)C,Psi4-recomputed PQR,12.955000000000002,146.2102,19.93325,-187.51498
CCC(=O)NCCSC(=O)[C@H]([C@H]1CC[C@@H]2[C@]1(C)CC[C@H]1[C@H]2CCC2=CC(=O)C=C[C@]12C)C,Psi4-recomputed PQR,8.408,457.6684600000005,53.193448,-622.53924
OC[C@H]1O[C@H](O[P@@](=O)(O[P@@](=O)(OC[C@H]2O[C@H]([C@@H]([C@@H]2O)O)[N+]2C=CC(=O)[NH+]C2=O)O)O)[C@@H]([C@H]([C@@H]1O)O[C@@H](C(=O)O)C)NC(=O)C,Psi4-recomputed PQR,8.032,679.416361999999,59.45414,-4089.81518
CCCCCCCCCCCCCCCCCC(=O)OC[C@@H](OC(=O)CCCCCCCCCCCCCCCCC)CO[P@](=O)(OCC[N+](C)(C)C)O,Psi4-recomputed PQR,8.247,791.1531209999971,91.946413,-2402.55219
C/C=C/[C@@H]1CC[C@H]1C,Psi4-recomputed PQR,10.347,110.19676000000004,14.861535,-7.15881
C/C=C/[C@H]1CC[C@@H]1C,Psi4-recomputed PQR,10.347,110.19676000000004,14.861747,-7.15878
OCC(C(C(C(C(C(C(C(CO)(F)F)(F)F)(F)F)(F)F)(F)F)(F)F)(F)F)(F)F,Psi4-recomputed PQR,11.344,462.1278911999998,21.011244,-3723.72754
CCCOC1=C(Cl)c2c(C(=O)[OH+]1)cc(cc2)NC(=O)Nc1ccccc1,Psi4-recomputed PQR,10.577,373.8102200000001,41.288367,-477.79491
CCOC(=O)c1ccc(cc1)O,Psi4-recomputed PQR,9.104,166.1738999999999,17.798548,-480.34461
c1ccc(cc1)c1snc(c1)SSc1nsc(c1)c1ccccc1,Psi4-recomputed PQR,9.37,384.5612799999999,44.53554,531.83568
COC1=C(C)C=NC(=O)[NH+]1,Psi4-recomputed PQR,8.651,140.1399199999999,14.386615,-244.51714
N[C@H](Cc1cc(F)c(cc1F)F)CC(=O)N1CCCN(CC1)C(=O)c1ccc(cc1)C(=O)O,Psi4-recomputed PQR,11.244,463.44956960000025,45.574952,-1130.8806
F[C@H]1CC[C@H]([C@H](C1)F)[N@@H+]1C[C@@H](C(=O)O)C(=O)[C@@H]2[C@H]1C[C@@H]([C@@H](C2)F)N1C[C@H](C[C@@H]1C)N,Psi4-recomputed PQR,10.217,432.5002296000003,42.479052,-813.87881
O[C@H]([C@H](C(=O)ON1C(=O)CCC1=O)O)C(=O)ON1C(=O)CCC1=O,Psi4-recomputed PQR,9.735,344.2310800000001,29.003352,-1407.00527
CCc1nc(OC)nc(n1)N,Psi4-recomputed PQR,9.38,154.1697999999999,15.96955,-52.90314
O=C1NCN[C@H]2[C@@H]1C[C@@H]1N[C@H](N[C@@H]1[C@H]2CCNCC1CCCCC1)NCCN1CCOCC1,Psi4-recomputed PQR,7.497,463.6598,51.99882,-194.59309
CCc1cccc(c1NC(=O)N1Cc2c(C1)[nH]nc2NC(=O)c1ccc(cc1)N1CCN(CC1)C)CC,Psi4-recomputed PQR,8.407,501.6232000000003,58.673869,113.1663
Cc1nccc2c1C=CC(=O)[NH+]2,Psi4-recomputed PQR,11.416,160.17261999999988,18.49661,-36.27847
O=C([C@@H]1CCC1(C)C)SC1CCCC1,Psi4-recomputed PQR,11.722,212.35159999999976,24.98533,-257.47531
CC[C@@H]([C@H](C(=O)O)NC(=O)[C@H]1CCCN1)C,Psi4-recomputed PQR,13.44,228.28809999999976,23.81014,-669.23066
OC(=O)C(=O)c1cn(c2c1cc(cc2)c1ccc(cc1)OC(F)(F)F)Cc1ccccc1,Psi4-recomputed PQR,7.948,439.3833496,44.796194,-939.65675
O=C(C(C)(C)C)CCC1C(=O)N(N(C1=O)c1ccccc1)c1ccccc1,Psi4-recomputed PQR,8.718,364.43756000000025,41.507146,-284.93909
N#Cc1cccc(c1)N(c1nc(c([nH]1)c1cccc(n1)C)c1ccc2[n+](c1)[nH]cn2)C,Psi4-recomputed PQR,9.247,407.45056000000005,48.737676,839.96372
CN[C@H](C(=O)N[C@H](C(=O)N1C[C@H]2C[C@H]3[C@@H](N2C[C@H]1C(=O)N[C@@H]1CCOc2c1cccc2)C3)C1CCCCC1)C,Psi4-recomputed PQR,12.078,537.6935199999991,60.007914,-584.31362
CCOC(=O)[C@H](C(=O)N[C@H](C(=O)O)Cc1cc(I)c(c(c1)I)Oc1cc(I)c(c(c1)I)O)NN,Psi4-recomputed PQR,7.501,920.9986400000006,63.538531,-520.92307
OC(=O)CCN[C@H](C(=O)O)CCCN=C(N)N,Psi4-recomputed PQR,10.322,246.26361999999972,23.454992,-761.43359
ONC(=O)C[C@H](C(=O)N[C@H](C(=O)O)C)Cc1ccccc1,Psi4-recomputed PQR,9.782,294.30312000000015,29.273553,-764.67427
NC(=NC(=S)N)N,Psi4-recomputed PQR,10.944,118.16084000000002,11.681251,83.8696
S=C(N/N=C(/c1ccccn1)\c1ccccc1)NN/C=C/1\C=CC=CC1=O,Psi4-recomputed PQR,7.122000000000001,375.44688,44.287866,600.68351
COCCCN(C(=O)c1ccc(cc1)Cl)[C@H]1CCCN(C1)CCc1ccccc1,Psi4-recomputed PQR,11.235,414.96814000000035,47.515249,-243.32616
C=CC/C=C\C/C=C\CCCCCCCc1cc(O)cc(c1)O,Psi4-recomputed PQR,12.292000000000002,314.4617000000004,38.434013,-332.44601
O=C1NC(=O)[C@@H]2[C@@H](N1)[N@@H+](C[C@H]([C@H]([C@@H](COP(=O)(O)O)O)O)O)[C@H]1[C@@H](C2)C[C@@H](C(=O)C1)C,Psi4-recomputed PQR,7.335999999999999,466.40002100000027,48.584342,-1960.14636
OC(=O)C1=C(N(=O)=O)C(=O)[NH+]C(=O)[NH+]1,Psi4-recomputed PQR,11.954,201.0938199999999,15.729193,-627.68806
Fc1c(F)c(F)c(c(c1F)I)F,Psi4-recomputed PQR,10.743,293.96068599999984,16.351638,-731.15545
CC(/C=C/[C@@H]1C[C@@H]1C)C,Psi4-recomputed PQR,10.159,124.22334000000008,16.912054,10.07542
ClCC=C,Psi4-recomputed PQR,10.818,76.52480000000003,7.935892,-4.87665
C/C=C(\C(C)C)/CC[C@H]([C@H]1CC[C@@H]2[C@]1(C)CC[C@H]1[C@H]2CC=C2[C@]1(C)CC[C@@H](C2)O)C,Psi4-recomputed PQR,10.5,412.69082000000066,52.010665,-481.43264
NCCCNCCCN,Psi4-recomputed PQR,12.132,131.21928000000003,15.245948,-22.85843
O[C@@H]1CC(C)(C)[N@H+](C(C1)(C)C)OOC(=O)CCN1CC1,Psi4-recomputed PQR,9.588,287.37518000000034,30.818513,-426.65109
CCOC[N+]1C=C(F)C(=O)[NH+]C1=O,Psi4-recomputed PQR,9.067,188.15636319999984,17.099326,-661.95964
O=C1[N+](C[C@@H]2OC2)C(=O)[N+](C(=O)[N+]1C[C@H]1OC1)C[C@H]1OC1,Psi4-recomputed PQR,12.895,297.2640000000001,27.817759,-632.04469
OC(=O)[C@@H](C1CCCCC1)NC(=O)c1nc(cc(c1)c1cc(nc(c1)C(=O)N1CCC[C@@H]1CN1CCCC1)C(=O)NCc1cccc(c1)c1ccccc1)C(=O)N1CCC[C@@H]1Cn1cccc1,Psi4-recomputed PQR,7.342,905.0934999999988,102.925673,-621.39236
CC(C[N@H+]([C@H]1CC[C@@H]1C)O)C,Psi4-recomputed PQR,14.449,158.2612,18.31745,-162.59408
Brc1ccc(cc1)c1ccc(cc1)[C@H](C[C@H](c1c(=O)oc2c(c1O)cccc2)c1ccccc1)O,Psi4-recomputed PQR,11.055,527.4052199999991,55.88204,-308.15128
Oc1cc(O)c2c(c1)[OH+]C(=C(C2=O)O[C@@H]1O[C@@H](C)[C@@H]([C@H]([C@H]1O)O)O)c1ccc(c(c1)O)O,Psi4-recomputed PQR,8.144,449.3848400000001,43.542504,-1698.22961
CC[C@@H](/C=C(\CC)/C)C,Psi4-recomputed PQR,10.305,126.23922000000007,17.146972,-141.44061
CC[C@@H](/C=C(/CC)\C)C,Psi4-recomputed PQR,10.296,126.23922000000007,17.156945,-140.01333
COC1=C([OH+]c2c(C1=O)c(O)cc(c2)OC)c1ccccc1,Psi4-recomputed PQR,7.956,299.29800000000006,33.069817,-575.23656
N#Cc1ccccc1C[N+]1C(=Nc2c(C1=O)cccc2)N1CCC[C@H](C1)N,Psi4-recomputed PQR,11.19,359.42434000000026,41.698267,207.77593
C/C=C(\C=C(\C=C(\C=C\C=C\C=C\C1=C(C)C(=CC(=O)[OH+]1)OC)/C)/C)/C,Psi4-recomputed PQR,7.361999999999999,353.47456000000034,48.66918,-250.79571
OC(=O)CC[C@H](C(=O)O)NC(=O)c1ccc(cc1)NCC1=Nc2c(NC1)[nH+]c([nH]c2=O)N,Psi4-recomputed PQR,7.935,441.39746,0.0,-673.81401
CCC(=S)[C@H]1CC[C@@H]1C,Psi4-recomputed PQR,7.340000000000001,142.2617599999999,17.485696,36.47536
CN1CCCCC1,Psi4-recomputed PQR,11.756,99.17412000000007,12.567874,-48.34983
O=C1CCCCCO1,Psi4-recomputed PQR,11.329,114.14240000000004,12.228112,-406.63382
NCCc1c[nH]c2c1cc(OCC(=O)N[C@H](C(=O)NCC(=O)N)Cc1ccc(cc1)O)cc2,Psi4-recomputed PQR,8.163,453.4909800000002,48.425906,-622.98705
CC1=CC(=O)c2c3C1=C1O[C@@H](C([C@]1(C(=O)c3c(c(c2O)O)O)O)(C)C)C,Psi4-recomputed PQR,7.364000000000001,358.3420200000001,37.639574,-1092.41907
OCCCCCC1=C(O)C(=O)c2c([OH+]1)cccc2,Psi4-recomputed PQR,8.285,249.28237999999976,27.073779,-575.89073
CC(CCP[C@@H]1C[C@@H]1C)C,Psi4-recomputed PQR,13.194,158.22092099999983,21.156858,-77.62198
CCC(CC)C,Psi4-recomputed PQR,18.014,86.17536000000007,11.763516,-155.76637
C[C@@H]1C[C@@H](C1)P[C@@H]1CC[C@H]1C,Psi4-recomputed PQR,13.144000000000002,170.2316,22.15386,-46.72825
O[C@@H](C[N+](C)(C)C)CC(=O)O,Psi4-recomputed PQR,11.463,162.20683999999986,16.082938,-511.76454
CNCCc1c2ccccc2[nH]c1[C@@H]1[C@@H]2[C@@H]([C@@]34[C@]1(CCN4C)c1ccccc1N3)C=C(CC2(C)C)C,Psi4-recomputed PQR,11.309,480.6868000000004,59.311798,205.40343
CC(NCC(C)C)C,Psi4-recomputed PQR,11.801,115.21658000000008,14.820645,-144.75468
CC(=C)[C@H]1[C@H]2OC(=O)[C@@H]1[C@]1([C@]3([C@@H]2OC(=O)[C@]23[C@@H](C1)O2)C)O,Psi4-recomputed PQR,10.752,292.28394000000014,28.365097,-812.92294
C=C[C@@]1(C)CC[C@H]2[C@@](C1)(O)CC[C@@H]1[C@]2(C)CCC[C@]1(C)C(=O)O,Psi4-recomputed PQR,13.964,320.46628000000044,36.655796,-722.27036
CCO[P@](=O)(SCCN(C)C)C,Psi4-recomputed PQR,8.370999999999999,211.26208099999977,23.92849,-594.15138
CCC1=C[N+]([C@@H]2C[C@H]([C@@H](O2)COP(=O)(O)O)O)C(=O)[NH+]C1=O,Psi4-recomputed PQR,9.13,336.23504100000014,31.494172,-1783.5201
C=CC(C)(C)C,Psi4-recomputed PQR,10.963,84.15948000000006,11.464413,-46.45222
C/C=C/C=C,Psi4-recomputed PQR,9.148,68.11702000000001,9.966311,72.27669
CCCC/C=C/CC/C=C/CCCCCC=O,Psi4-recomputed PQR,10.14,236.3929199999997,29.863436,-276.70068
CCC[C@]1(C)O[C@@H]1C(C)(C)C,Psi4-recomputed PQR,15.526,156.26519999999982,19.255693,-260.83572
COc1ccc2c(c1)c(CCNC(=O)C1=CC(=O)C=C[OH+]1)c[nH]2,Psi4-recomputed PQR,7.758,313.3278800000001,33.45268,-373.31641
OC(=O)COc1cc(Cl)c2c(c1)[OH+]C=C(C2=O)c1ccccc1C,Psi4-recomputed PQR,8.306000000000001,345.75376,36.09481,-622.69038
O=C1[OH+]c2ccc3c(c2C=C1c1ccccc1)cccc3,Psi4-recomputed PQR,7.698,273.30532000000005,34.182639,14.62454
CCO[C@H](c1c[nH][n+]2c1cccc2)O,Psi4-recomputed PQR,7.922000000000001,193.22241999999983,21.218519,-116.08291
OC[C@H]1O[C@H](O[P@](=O)(O[P@](=O)(OC[C@H]2O[C@H]([C@@H]([C@@H]2O)O)[N+]2C=C(C(=O)[NH+]C2=O)c2ccc(s2)C=O)O)O)[C@@H]([C@H]([C@H]1O)O)NC(=O)C,Psi4-recomputed PQR,7.716999999999999,717.4874819999992,66.743397,-3691.2529
C[C@H]1CC[C@@H]1[S@@](=O)C1CC(C1)(C)C,Psi4-recomputed PQR,12.766,200.3408999999998,23.688724,-160.22963
OC[C@H]1O[C@H]([C@@H]([C@@H]1O)O)C1=C[NH+]C(=O)[NH+]C1=O,Psi4-recomputed PQR,9.08,244.20137999999977,21.673919,-1043.72574
CCCN(C1(C)CC1)C,Psi4-recomputed PQR,14.354,127.22728000000008,16.290519,-3.21988
Cc1cc(C)cc(c1)[n+]1c2NC(=O)[N+](C(=O)c2nc2c1cc(C)c(c2)C)C,Psi4-recomputed PQR,7.366,361.41704000000016,43.300121,-38.48976
CC(=O)O[C@@H]1Cc2cc3OCOc3cc2[C@@H]2[C@@]1(C)c1ccc3c(c1CN2C)OCO3,Psi4-recomputed PQR,8.563,409.4318200000002,43.913132,-726.89299
OC[C@H]1O[C@@H](Oc2ccc(cc2)CO)[C@@H]([C@H]([C@@H]1O)O)O,Psi4-recomputed PQR,9.351,286.2778200000002,27.486841,-1167.78256
CSc1cc(O)c(c(c1O)SC)SC,Psi4-recomputed PQR,10.041,248.38537999999977,27.042713,-277.74706
C#CC#C[C@H]1C(=C=C/C=C\C=C=C(C1=C)O)CC#CC1=C2CC(=C)[C@@]3([C@@H]2OC(=O)O1)CC3=C,Psi4-recomputed PQR,6.896999999999999,432.4666999999998,69.086629,3764.91082
OC[C@H]1O[C@H]([C@@H]([C@@H]1O)O)N1C(=O)N[C@H]2[C@H]1NC(=O)NC2=O,Psi4-recomputed PQR,11.271,302.2408,27.06418,-1152.58262
OC[C@@H]([N@H+]1C[C@H](C(=O)O)C(=O)[C@H]2[C@@H]1C[C@H](OC)[C@H](C2)Cc1cccc(c1F)Cl)C(C)C,Psi4-recomputed PQR,11.075,456.95528320000034,46.356601,-955.32755
C1CN1P1(=NP(=NP(=N1)(N1CC1)N1CC1)(N1CC1)N1CC1)N1CC1,Psi4-recomputed PQR,8.158999999999999,387.3005430000003,46.369916,744.09658
OS(SC[C@@H]1C[S@]([N+]1(C)C)S(O)(O)O)(O)O,Psi4-recomputed PQR,7.138,315.4515800000002,27.346921,-980.84853
OCCCN(C)C,Psi4-recomputed PQR,11.343,103.16282000000008,11.815577,-223.5317
ONC(=O)C[C@H](C(=O)N1CCC[C@H]1C(=O)N[C@H](C(=O)O)C(C)C)CC(C)C,Psi4-recomputed PQR,10.029,385.45524000000034,39.159062,-1156.89023
OC(=O)[C@H]1CO[P@](=O)(O[P@](=O)(O1)O)O,Psi4-recomputed PQR,8.718,248.0218619999999,20.83301,-2207.78834
OC[C@H]1O[C@H]([C@@H]([C@H]([C@@H]1O)O)OC(=O)/C=C/c1ccc(cc1)O)c1c(O)cc(c2c1[OH+]C(=CC2=O)CC(=O)C)C,Psi4-recomputed PQR,11.390999999999998,541.5232599999986,55.136594,-1751.3189
OC(=O)C[S@](=O)C(c1ccccc1)c1ccccc1,Psi4-recomputed PQR,8.67,274.3348600000001,30.596409,-312.34768
CC(C[N@H+]([C@@H]1C[C@H]1C)O)C,Psi4-recomputed PQR,14.356000000000002,144.2346,16.79026,-101.56173
CCCCCC(=S)[C@@H]1C[C@@H](C1)C,Psi4-recomputed PQR,7.349,184.34149999999983,22.955494,-24.90697
CPCC(C)(C)C,Psi4-recomputed PQR,13.239999999999998,118.15706100000008,15.925884,-163.13731
CO[C@H]([C@@H]([C@H]([C@@H](/C=C/C(C)C)O)O)O)C(=O)N[C@H]1CCCCNC1=O,Psi4-recomputed PQR,10.445,358.4299000000003,36.556952,-1177.11876
OC(=O)C[C@@H]1CC21CC2,Psi4-recomputed PQR,11.893,126.15310000000004,13.547856,-234.67965
O[N@@H+](C1(C)CC1)C1CCCCC1,Psi4-recomputed PQR,14.056,170.2719,19.68449,-102.94984
CCCCC[N@@H+]([C@H](CC)C)O,Psi4-recomputed PQR,14.472,160.2771,18.96177,-258.69581
CNCCc1c[nH]c2c1cc(C[C@@H]1COC(=O)N1)cc2,Psi4-recomputed PQR,8.34,273.3302600000002,30.632361,-208.47964
CCCCCCCC/C=C\CCCCCCCC(=O)OC[C@@H](OC(=O)CCCCCCC/C=C\CCCCCC)CO[P@](=O)(OC[C@@H](CO)O)O,Psi4-recomputed PQR,9.224,746.9912609999974,84.238213,-2652.46451
CC([C@@H]1NC(=O)[C@@H](NC1=O)C(C)C)C,Psi4-recomputed PQR,10.611,198.26211999999975,21.618673,-471.07515
O=C(C1=Nc2sc3c(c2C(=O)[NH+]1)CCS(=O)(=O)C3)NCc1ccc2c(c1)CN(CC2)C1=C(N)C(=O)C1=O,Psi4-recomputed PQR,6.405999999999999,539.5834399999989,57.071778,-468.39678
OC(=O)[C@H](Cc1cc(Br)c(c(c1)Br)Oc1ccc(c(c1)C(C)C)O)N,Psi4-recomputed PQR,7.896000000000001,473.15576000000016,41.259211,-563.19698
CCCCOC[C@@H](CN1C(=O)NC(=O)[C@@](C1=O)(CC)c1ccccc1)OC(=O)N,Psi4-recomputed PQR,9.675,405.44488000000024,41.457157,-1084.66495
OC[C@@H](/C(=C(/[C@H](COC[C@@H](/C(=C(/[C@@H](COc1c(oc2c(c1=O)c(O)cc(c2)O)c1ccc(c(c1)O)O)O)\O)/O)O)O)\O)/O)O,Psi4-recomputed PQR,7.605,626.5168999999989,60.871263,-2748.47178
C[C@H]([C@@H](C(=O)O)Sc1ccccc1)N,Psi4-recomputed PQR,11.172,211.2807,23.31093,-283.47778
O=CN(C1=C(N)[N+](C(=O)[NH+]C1=O)C)C,Psi4-recomputed PQR,8.924,198.17929999999984,19.251308,-464.18201
CCC(=O)NC,Psi4-recomputed PQR,14.153,87.12036000000005,9.631819,-246.78692
COc1ccc(cc1)C1=C[OH+]c2c(C1=O)c(O)c1c(c2)OC(C=C1)(C)C,Psi4-recomputed PQR,8.0,351.3725600000001,40.334316,-603.2938
C[C@H]1CC[C@@H]1C#N,Psi4-recomputed PQR,15.583,95.14236000000002,11.549339,91.26115
S=P(N1CC1)(N1CC1)N1CCN(CC1)P(=S)(N1CC1)N1CC1,Psi4-recomputed PQR,8.556999999999999,378.43668200000025,44.25052,345.33256
CCCCCCCCCCCCCC[C@H]([C@H]([C@@H](NC(=O)CCCCCCCCCCCCC/C=C\CCCCCCCC)CO[C@H]1O[C@H](CO)[C@@H]([C@@H]([C@H]1O)O)O)O)O,Psi4-recomputed PQR,10.808,828.2533199999968,94.576495,-2450.50583
O=C1N(CCc2c1n(nc2C(F)(F)F)c1cccc(c1)c1n[nH]c(=O)[nH]1)c1ccc(cc1)c1ccccc1CN1CCCC1,Psi4-recomputed PQR,10.625,599.6056295999988,64.532466,-291.0956
N[C@H]1NC(=O)[C@@H]2[C@@H]([NH2+]1)N(CC[C@H](CO)O)CN2,Psi4-recomputed PQR,9.014,246.28679999999983,23.225288,-307.82667
CC[C@@H](CO)C,Psi4-recomputed PQR,16.361,88.14818000000007,10.531915,-304.94102
OC/C(=C/[C@@H]1[C@H](N)Cc2c3c1cccc3[nH]c2)/C,Psi4-recomputed PQR,8.332,242.3162199999997,29.140593,-4.47636
OC[C@]12C=C[C@H]([C@@H]2C1)[N+]1C=C(C)C(=O)[NH+]C1=O,Psi4-recomputed PQR,9.007,234.2511599999998,25.116829,-332.8588
C[C@@H]1C[C@@H](C1)C(=S)C1CC1,Psi4-recomputed PQR,7.301,154.2724599999999,18.958832,156.45552
O[C@H]1C[C@@H](O[C@@H]1CO[P@@](=O)(O[P@](=O)(OP(=O)(O)O)O)C)[N+]1C=C(C)C(=O)[NH+]C1=O,Psi4-recomputed PQR,7.893999999999999,480.19544300000024,45.022381,-3248.75295
CC(=O)O[C@]1(C)CC[C@H]2[C@H]3[C@@H]1[C@@H]1C/C(=C\CC[C@]([C@H]3O1)(C)OC(=O)[C@@H]2C)/C,Psi4-recomputed PQR,10.159,376.4864800000004,40.946104,-1031.00812
CSCC[C@@H]1NC(=O)[C@H](NC(=O)CCCCCNC1=O)Cc1ccccc1,Psi4-recomputed PQR,8.102,391.5275600000003,42.434116,-599.92867
CCC/C(=N/OCc1ccc(cc1)c1ccc(cc1)F)/[C@@H]1C(=O)CC([C@@H](C1=O)C#N)(C)C,Psi4-recomputed PQR,11.873,434.5025832000003,48.772602,-326.29549
CC1=C[N+]([C@@H]2O[C@H]3[C@H](C2)O[P@](=O)(OC3)O)C(=O)[NH+]C1=O,Psi4-recomputed PQR,9.021,304.1931810000001,28.966446,-1456.4455
C[C@H]1C[C@H]1C(=O)OC(C)(C)C,Psi4-recomputed PQR,14.501,156.22213999999985,17.73182,-428.15472
CCN(C[C@H](OC(=O)C(c1ccccc1)(c1ccccc1)O)C)CC,Psi4-recomputed PQR,8.689,341.4439800000003,39.464016,-422.83869
O[C@H]1[C@H](CC(=C[C@H]1OP(=O)(O)O)C(=O)O)OC(=C)C(=O)O,Psi4-recomputed PQR,9.441,324.1779810000001,28.760525,-1978.34846
CCN(Cc1cc(ccc1O)C1=C[OH+]c2c(C1=O)cc(cc2)OC)CC,Psi4-recomputed PQR,7.895999999999999,354.4195600000002,40.79895,-446.86145
N#CC(=NNCc1ccc(cc1)Cl)C#N,Psi4-recomputed PQR,8.606,218.64237999999983,23.821773,486.71481
CCCCC[S@@](=O)C(CCC)(C)C,Psi4-recomputed PQR,12.7165,204.3726599999997,24.785609,-349.6586
CCC(C)C,Psi4-recomputed PQR,18.38,72.14878000000003,9.945761,-135.90265
O[C@@H]1[C@@H](O)COC[C@H]1O,Psi4-recomputed PQR,11.628,134.13049999999996,11.902765,-757.30069
ClCC(O)O,Psi4-recomputed PQR,14.549,96.51290000000004,7.501031,-471.27016
Fc1ccc(cn1)c1ccc2c(c1)C[C@H](C2)NS(=O)(=O)C(C)C,Psi4-recomputed PQR,8.418999999999999,334.4083632000003,35.992709,-380.83829
CCCN[C@H](CC)C,Psi4-recomputed PQR,15.034,115.21658000000008,14.819066,-133.14217
CC(=O)O[Sn](OC(=O)C)(OC(=O)C)OC(=O)C,Psi4-recomputed PQR,11.51,354.8771,21.94543,-1584.71086
OC(=O)CCc1cccc(c1O)O,Psi4-recomputed PQR,8.864,182.17329999999987,18.223426,-698.56419
NCCCNCCCN1CCCCCCCC/C=C\CCCC1,Psi4-recomputed PQR,10.1,323.5596400000006,40.175209,-151.59329
CC1=NC(=S)[NH+]C(=C1)C,Psi4-recomputed PQR,7.095,140.20611999999994,16.612937,117.7583
CCCCCCC[C@@H](CCC(=O)N1CCCC[C@H]1c1cccnc1)O,Psi4-recomputed PQR,9.118,346.5068600000004,40.740619,-478.70345
OC(=O)C1=CCC(=C(C1)O)NS(=O)(=O)c1ccsc1C(=O)O,Psi4-recomputed PQR,7.705,345.34824000000003,32.050679,-882.62643
NCCN1CCC(CC1)Nc1nc2c(n1Cc1nc(C)ccc1O)cccc2C,Psi4-recomputed PQR,10.357,394.5132000000003,45.707562,88.78204
CC[C@H]([C@H](c1ccc(c(c1)F)O)C)c1ccc(c(c1)F)O,Psi4-recomputed PQR,8.943999999999999,292.3204264000002,30.678209,-671.97375
CCCCC[C@H]1O[C@H]1C(CCC)(C)C,Psi4-recomputed PQR,12.247,198.34493999999972,24.782515,-304.39217
CCC(CC(=S)C1CCCCC1)(C)C,Psi4-recomputed PQR,10.58,212.3946599999997,26.548882,-104.40304
Clc1ccccc1Cl,Psi4-recomputed PQR,12.254,147.00195999999997,14.381979,24.51395
OC(=O)[C@H](c1ccc(c(c1)O)O)O,Psi4-recomputed PQR,8.437999999999999,184.14611999999988,17.063148,-831.19128
C/C=C\CCCC(C)C,Psi4-recomputed PQR,10.533,126.23922000000007,17.099822,-123.88533
O=C1OC=C[C@@H]1C,Psi4-recomputed PQR,10.245,98.09994000000005,10.020367,-274.53903
CC[C@H]([C@H](C(=O)O)O)C,Psi4-recomputed PQR,11.08,132.15768,13.155866,-673.68433
OCCS(=O)(=O)[C@@H]1CC[C@H](CC1)C[C@@H]1[C@H](C(=O)OC)[N@@H+](C2CCCCC2)[C@H]2[C@@H](C1=O)CC[C@H](C2)F,Psi4-recomputed PQR,7.682,516.6861232,52.237553,-848.47961
CC(C[C@@H]1CC[C@H](CC1)C(=O)COS(=O)(=O)c1ccccc1)C,Psi4-recomputed PQR,9.155,338.4616400000003,36.616178,-697.81434
CO[C@H]1C[C@H](C)Cc2cc(cc(c2)O)NC(=O)/C(=C/CC[C@@H]([C@H](/C(=C/[C@@H]([C@H]1O)C)/C)OC(=O)N)C)/C,Psi4-recomputed PQR,11.878,502.6428800000005,55.463583,-1197.69795
O=C(Oc1cccc(c1)c1cccc(c1)C(=O)N)NC1CCCCC1,Psi4-recomputed PQR,8.566,338.40028000000024,38.842225,-407.26582
N[C@@H](C(=O)O)CC(C)C,Psi4-recomputed PQR,11.346,131.17291999999998,13.740389,-465.93251
CC[C@@H](P[C@@H]1C[C@H]1C)C,Psi4-recomputed PQR,13.1135,144.1943409999999,19.347549,-49.73131
CC[C@@]1(O)C(=O)OCC2=C1C=C1c3nc4cc5OCOc5cc4cc3C[N+]1C2=O,Psi4-recomputed PQR,7.416,392.36154,42.849848,-619.66394
COc1ccc(cc1)S(=O)(=O)N(C[C@H]([C@H](Cc1ccccc1)NC(=O)O[C@H]1C[C@@H]2[C@H](C1)CCO2)O)C[C@H]1CCC(=O)N1,Psi4-recomputed PQR,8.587,601.7109599999984,62.001178,-1309.87
Clc1cc(Cl)c(cc1Oc1c(Cl)cc(c2c1[nH]c(n2)C(F)(F)F)Cl)Cl,Psi4-recomputed PQR,11.055,450.4545695999999,37.634923,-606.91956
OC(=O)CC[C@H]([C@H]1CC[C@@H]2[C@]1(C)CC[C@H]1[C@H]2CC[C@@H]2[C@]1(C)CCCC2)C,Psi4-recomputed PQR,10.973,360.57320000000055,43.353477,-716.58193
CC(=CCc1c(O)cc(c2c1[OH+]C(=C(C2=O)O[C@@H]1O[C@H](C)[C@@H]([C@@H]([C@@H]1O)O)O)c1ccc(cc1)O)O)C,Psi4-recomputed PQR,8.134,501.5024600000002,51.779326,-1572.89759
OC[C@@H]([C@@H](C[S@@]1C[C@H]([C@@H]([C@H]1CO)O)O)O)O,Psi4-recomputed PQR,9.041,255.30855999999991,24.392195,-1138.61946
O=C1[NH+]C(=O)[NH+]C=C1Cc1ccccc1,Psi4-recomputed PQR,8.967,202.2092999999998,22.150547,-234.34753
NCCCCNC1=CC(=O)c2c(C1=O)c(COc1ccc(cc1)N(=O)=O)c(n2C)C,Psi4-recomputed PQR,7.3475,412.4391,47.2093,-280.82679
OC[C@H]1O[C@H]([C@@H]([C@@H]1O)O)N1C[C@@H]([C@@H]2[C@@H]1[NH2+][C@H](N)NC2=O)CN[C@H]1[C@H]2O[C@H]2[C@@H]([C@@H]1O)O,Psi4-recomputed PQR,11.657,432.44880000000023,40.116408,-1048.35204
NCCCC[C@@H](C(=O)NCC(=O)O)NS(=O)(=O)c1ccc(cc1)C,Psi4-recomputed PQR,8.763000000000002,357.4252200000002,35.436009,-864.67988
NC(=O)C1=C(O)[C@@H]2[C@]3([C@@](C1)(C)[C@H]1CC[C@]4([C@H]([C@@H]1CC3)CC[C@H]4O)C)O2,Psi4-recomputed PQR,9.417,347.4485600000003,37.95839,-722.62711
CCCC[C@H]([C@@H](/C=C/[C@H]1CCC(=O)[C@@H]1C/C=C\CCCC(=O)O)O)F,Psi4-recomputed PQR,10.044,354.4561432000004,38.050148,-1067.21622
O=C(C1CCN(CC1)c1ncnc2c1nc[nH]2)Nc1cccc(c1)C(F)(F)F,Psi4-recomputed PQR,11.165,390.36238960000014,38.62483,-488.49666
SC[C@@H](C(=O)N[C@H](C1(C)CC1)C(=O)O)NC(=O)CCC[C@@H](C(=O)O)N,Psi4-recomputed PQR,8.278,375.4405000000004,36.282227,-1146.67614
CCCC(=C)O,Psi4-recomputed PQR,13.629,86.13230000000006,10.366562,-216.93514
Brc1ccc2c(c1)c1N=C([NH+]C(=O)c1o2)c1ccc(cc1Cl)NCC1CCNCC1,Psi4-recomputed PQR,7.692,487.7768000000002,50.485656,11.20929
O=C(N[C@@](C(=O)NCC1(CCCCC1)c1ccccn1)(Cc1c[nH]c2c1cccc2)C)Nc1c(cccc1C(C)C)C(C)C,Psi4-recomputed PQR,8.193999999999999,593.8013799999978,69.434231,-283.62213
COC(=O)[C@]1(O)O[C@@H]2C[C@@]31[C@@H](C)C(=O)C=C3[C@]1([C@]2(O)C(=O)OC1)C,Psi4-recomputed PQR,9.63,338.3093200000001,31.831074,-1304.49528
C[C@@H](Cc1ccc(cc1)C(C)(C)C)CN1C[C@@H](C)O[C@@H](C1)C,Psi4-recomputed PQR,9.14,303.48212000000046,37.423298,-291.77511
O=N(=O)c1ccc2c(c1)[NH+]C(=O)C(=O)[NH+]2,Psi4-recomputed PQR,7.755999999999999,207.1429999999999,20.274666,-205.86092
Cc1ccc(c(c1)N1N=C([C@](C1)(CCCN1CCN(CC1)C(=O)C)c1ccccc1)C(=O)C)F,Psi4-recomputed PQR,11.059,464.5749232000004,52.845094,-260.53168
C[C@@H]1C(=O)OC[C@H](C)[C@@H](O)[C@@H](C)C(=O)[C@]2(C[C@H]([C@@H]([C@@H]([C@@H]1O[C@@H]1OC[C@@H]([C@H](C1)O)O)C)O[C@@H]1OCC[C@@H]([C@H]1O)N)C)OC2,Psi4-recomputed PQR,9.596,603.6988600000002,70.593933,-2266.70261
CCCCCCCN[C@H]1CCC[C@@H]1CCCCCCC(=O)O,Psi4-recomputed PQR,12.846,311.50258000000053,37.120843,-694.74728
CC/C=C/C[C@@H](/C=C/[C@H]1[C@H](O)C[C@@H]([C@@H]1C/C=C/CCCC(=O)O)O)O,Psi4-recomputed PQR,10.145,352.4650800000004,38.784271,-1027.96472
COc1c2[OH+]C(=CC(=O)c2c(c(c1OC)OC)O)c1ccc(cc1)O,Psi4-recomputed PQR,7.836,345.32338000000004,36.347604,-867.18682
OC[S@](=O)O,Psi4-recomputed PQR,12.644,96.10566,7.447283,-495.34296
O=C1C[C@@H](O)[C@]2([C@@H]([C@@H]1CCc1cc(O)ccc1C)CCC2=O)C,Psi4-recomputed PQR,11.986999999999998,316.3914600000003,35.114145,-749.57741
C[C@@H]1CC[C@H]1N[C@@H]1CC1(C)C,Psi4-recomputed PQR,14.255,153.26455999999985,19.442043,14.44115
C[C@@H]1CCC(=N)S1,Psi4-recomputed PQR,8.571,115.19666000000004,13.227584,16.53913
O=Cc1c(O)c2C[C@@H]3C[C@@H]4C[C@H]([C@@]3(Oc2c(c1O)C(=O)CC(C)C)C)C4(C)C,Psi4-recomputed PQR,8.569999999999999,386.4813000000003,43.124692,-887.47239
CCCCC/C=C/C[C@@H]1O[C@H]1/C=C/[C@@H](C/C=C/CCCC(=O)O)O,Psi4-recomputed PQR,9.988,336.4656800000004,38.210726,-718.81353
CC[C@@H]([C@H]1O[C@@H]1[C@@H]1C[C@H]1C)C,Psi4-recomputed PQR,15.207,154.24931999999987,18.996755,-106.07917
CC[C@@H](C[C@H](c1c(CC(=O)OC)cc2c(c1O)C(=O)c1c(C2=O)cccc1O)O)O,Psi4-recomputed PQR,10.645,414.4052800000002,43.24837,-1350.31238
CCC[C@@H]1NC(=O)N(C1)Cc1ccc(cc1)CN1C(=N)N[C@](C1=O)(CCC1CCCCC1)CC1CCCCC1,Psi4-recomputed PQR,12.039,535.7637599999993,61.745186,-491.54416
COC(=O)C[C@H]1OC(C2=C1C[C@]13CC[C@]4([C@H]5[C@](O1)(C(=O)C3=CC2=O)O[C@@H]1[C@H](C)C(=O)O[C@@H]1[C@H]5[C@@H](C4=O)C)C)(C)C,Psi4-recomputed PQR,8.432,554.5849599999983,56.342853,-1657.5679
Clc1cc(Cc2cc(O)c(c(c2)Cl)N)cc(c1N)OS(=O)(=O)O,Psi4-recomputed PQR,7.538,379.21578000000005,34.878109,-791.56209
CC([C@@H]1[C@H]2OC(=O)[C@@H]1[C@]1([C@]3([C@@H]2OC(=O)[C@]23[C@@H](C1)O2)C)O)C,Psi4-recomputed PQR,10.883,294.2998200000002,28.629214,-915.07552
CC1=CC(=O)C2=C(C)CC[C@H]3[C@@H]([C@H]12)OC(=O)C3=C,Psi4-recomputed PQR,9.388,244.28573999999975,27.315329,-361.16249
O=c1n(Cc2cccnc2)[nH]c2c1cccc2,Psi4-recomputed PQR,11.322,225.24593999999985,25.38448,204.61674
CCC[N@H+]([C@H]1CC[C@@H]1C)O,Psi4-recomputed PQR,14.479,144.2346,16.58485,-139.00297
I[C@@H]1C[NH2+]C[C@@H](C1=O)I,Psi4-recomputed PQR,10.751,351.9320600000001,21.529935,126.61936
O=C1C=C[C@]2(C(=C1)[C@@H](F)C[C@@H]1[C@]2(F)[C@H](O)C[C@]2([C@H]1C[C@@H]([C@]2(OC(=O)C)C(=S)C)C)C)C,Psi4-recomputed PQR,7.228999999999999,452.55440640000023,46.896672,-1036.65386
CC(c1oc2c(c1O)cc1c(c2)[OH+]C(=O)C=C1)C,Psi4-recomputed PQR,11.534,245.2506199999998,28.88089,-455.32119
CNC(=O)N(CC1=Cc2c(OC1)ccc(c2)Oc1ccc(cc1)F)O,Psi4-recomputed PQR,8.049,344.3369832000001,36.360527,-498.65464
C=CC[C@@]12C=C(OC)C(=O)C=C1O[C@@H]([C@H]2C)c1ccc2c(c1)OCO2,Psi4-recomputed PQR,11.584,340.36980000000017,37.633061,-476.06472
C/C/1=C\CC/C(=C\CC/C(=C/[C@H]2[C@@H](CC1)C(=C)C(=O)O2)/C)/C(=O)O,Psi4-recomputed PQR,9.125,330.4180400000003,37.098982,-657.71213
Cc1nn(c(c1)C)C(=O)CCNc1ccc(cc1)S(=O)(=O)N,Psi4-recomputed PQR,7.927,322.38272000000023,34.116466,-291.99214
CCOP(=O)(OCC)SCSP(=O)(OCC)OCC,Psi4-recomputed PQR,7.983999999999999,352.34490200000033,36.951478,-1633.81358
Oc1ccc2c(c1)[C@]13CCCC[C@]3([C@@H](C2)N(CC1)CC1CC1)O,Psi4-recomputed PQR,8.924,313.43388000000033,36.767894,-293.32384
COc1ccc2c(c1)[nH]c(n2)[S@@](=O)Cc1ncc(c(c1C)OC)C,Psi4-recomputed PQR,8.152,345.41606000000013,39.010069,-172.91455
C=CC[C@@]1(C=C(OC)C(=CC1=O)OC)[C@@H]([C@H](c1ccc(c(c1)OC)OC)OC(=O)C)C,Psi4-recomputed PQR,7.672999999999999,430.49080000000026,46.145006,-955.85574
ClCCCCC(=O)Cl,Psi4-recomputed PQR,10.882,155.0224199999999,14.189353,-334.78008
C/C=C/CC(CC)(C)C,Psi4-recomputed PQR,10.491,126.23922000000007,17.115518,-125.3838
C[C@@H]1CC[C@@H]1NC1CC1,Psi4-recomputed PQR,14.254,125.21140000000008,15.803856,75.26582
CC(=O)O[C@H]1CC[C@@H]2[C@]1(C)CC[C@H]1[C@H]2CC[C@H](C1(C)C)C,Psi4-recomputed PQR,11.334,292.4561800000005,34.87321,-632.22532
OC[C@H]1O[C@@H](O[C@@H](/C=C/[C@@]2(O)C(=CC(=O)CC2(C)C)C)C)[C@@H]([C@H]([C@@H]1O)O)O,Psi4-recomputed PQR,9.626,386.4367000000003,38.929473,-1474.47528
C#CCOC[C@H]1CO1,Psi4-recomputed PQR,11.127,112.12652000000004,12.047848,40.90655
COc1ccc(cc1)CCC[C@@H]1NC(=O)[C@@H](OC(=O)[C@@H](NC(=O)C(=C)NC1=O)C)C(C)C,Psi4-recomputed PQR,8.742,445.5087400000003,47.485771,-1002.03668
COc1ccnc(c1)NC1CCN(CC1)C(=O)c1ccc(cc1)C#N,Psi4-recomputed PQR,10.652,336.3877000000003,38.609205,-11.26871
BrCI,Psi4-recomputed PQR,12.067,220.83505,10.794485,58.64379
OCCNC(=O)[C@@H]1[C@@H](C)[N+](O)[C@@H]2[C@@H]([N+]1O)CCCC2,Psi4-recomputed PQR,6.902000000000001,273.3287200000002,27.840466,-197.11143
c1ccc(cc1)NNc1ncnc2c1cn[nH]2,Psi4-recomputed PQR,10.113,226.23729999999983,25.548823,534.14636
FC(S(=O)(=O)c1ccccc1)S(=O)(=O)c1ccccc1,Psi4-recomputed PQR,9.693,314.3524,0.0,-567.11201
O=CC1=C(N)[OH+]c2c(C1=O)cccc2,Psi4-recomputed PQR,11.890999999999998,190.1754199999999,19.766225,-258.64843
CN[C@@H]1[C@@H](F)C[C@@H]2[C@H]([C@H]1C)[N@H+](C[C@H](C2=O)C(=O)O)[C@H]1C[C@H](N)[C@@H](C[C@@H]1F)F,Psi4-recomputed PQR,7.583,392.43636960000026,37.748224,-805.32791
Br[Bi](Br)Br,Psi4-recomputed PQR,7.616,448.6924,13.025655,-88.66012
COC(=O)[C@@H]1[C@H]2Cc3c(C(=O)C[C@@H]1/C(=C\C)/CN2C)[nH]c1c3cccc1,Psi4-recomputed PQR,7.798000000000001,352.42686000000026,40.346764,-309.55704
CCN[C@@H](c1sccc1C)Cc1ccccc1N,Psi4-recomputed PQR,8.464,260.3976999999998,31.339445,123.77369
C[C@H]1CC[C@@H]1[S@@](=O)CCC(C)(C)C,Psi4-recomputed PQR,12.809,202.3567799999998,24.196189,-254.29154
OC[C@H]1N(C)C[C@H]([C@@H]1O)O,Psi4-recomputed PQR,14.319,147.17231999999987,14.261593,-572.84929
Fc1cccc(c1)NC(=O)c1sc2c(c1N)ccc(n2)c1cccs1,Psi4-recomputed PQR,6.42,369.4357832000001,42.165693,46.58978
CCO[P@@](Oc1cc(C)ccc1N(=O)=O)(N[C@@H](CC)C)S,Psi4-recomputed PQR,12.125,333.3635,38.50098,-676.60649
OCCN(C)C,Psi4-recomputed PQR,14.449,89.13624000000006,9.967787,-205.58548
OC(=O)CC[C@H](C(=O)O)C[C@@H](C(=O)O)C[C@@H](C(=O)O)C,Psi4-recomputed PQR,11.355,290.2665200000003,25.811995,-1685.24077
Nc1ccc2c(n1)c(O)ccc2,Psi4-recomputed PQR,10.764,160.1726,19.30392,-0.50588
CN[C@@H]1C[C@H](C1)C,Psi4-recomputed PQR,15.117,99.17412000000006,12.501571,-20.01229
O=C(/C=C/c1ccc2c(c1)OCO2)/C=C/c1ccc2c(c1)OCO2,Psi4-recomputed PQR,7.925,322.31146000000007,36.848912,-344.89428
COc1cc(C)cc(c1NC(=O)CCN1CCCC[C@@H]1C)C,Psi4-recomputed PQR,8.943,304.42712000000034,35.809957,-383.90511
CCCCCCCCCCCCCC/C(=C(/C(=O)O)\C)/C(=O)O,Psi4-recomputed PQR,9.971,326.47086000000047,37.176711,-1025.69989
CCCCCCCCCCCCCC/C(=C(\C(=O)O)/C)/C(=O)O,Psi4-recomputed PQR,12.91,326.47086000000047,37.187064,-1031.94529
C[NH2+]CCO[P@](=O)(OC[C@@H](COC=O)OC=O)O,Psi4-recomputed PQR,9.291,286.1962410000002,25.646878,-1651.68581
CCCC(SC(=O)CC(CC)(C)C)(C)C,Psi4-recomputed PQR,11.774,230.4099399999997,27.88358,-429.26276
OC(=O)[C@@H](c1cc(O)ccc1Cl)N,Psi4-recomputed PQR,8.859,201.60701999999984,18.851129,-480.02033
O=C1[NH+]C(=O)C2=C([NH+]1)CCC2,Psi4-recomputed PQR,9.047,152.1506199999999,15.664323,-340.38804
NC1=N[C@]2(C(=O)N1C)CC(C)(C)Cc1c2cc(cc1)c1cncnc1,Psi4-recomputed PQR,11.538,335.4029400000004,38.571173,121.32368
OC(=O)CC[C@@H](C(=O)O)NC(=O)c1ccc(cc1)NCc1ccc2c(c1)c(=O)[nH]c([nH+]2)N,Psi4-recomputed PQR,7.699000000000001,440.42928000000006,46.250824,-838.94446
O[C@@H]1CC[C@]2(C(=CC[C@@H]3[C@@H]2CC[C@]2([C@H]3C[C@@H]3[C@]2(O3)C(=O)C)C)C1)C,Psi4-recomputed PQR,12.999,330.4611000000004,37.858834,-522.53888
N[C@H]([C@H](CC(=O)O)O)CC1CCCCC1,Psi4-recomputed PQR,10.535,215.28933999999984,22.932625,-730.15314
N[C@H]1N[C@H]2[C@@H](N1)[N@@H+](CNC2=O)Cc1ccccc1,Psi4-recomputed PQR,8.44,248.30421999999984,26.438901,214.15056
N#Cc1ccc(c(c1)F)[C@H]1CCc2n1cnc2,Psi4-recomputed PQR,7.978000000000001,227.23700319999983,24.960505,196.15067
O=C(OC1CCCCC1)CCCCC(=O)OC1CCCCC1,Psi4-recomputed PQR,11.602,310.4284000000004,34.305737,-1006.88768
CCN(C(C)C)C,Psi4-recomputed PQR,14.634,101.19000000000008,13.040455,-93.86523
COc1cc2c(cc1OC)C(C)(C)N(C(C2(C)C)(C)C)C,Psi4-recomputed PQR,8.732999999999999,291.4283600000004,34.7414,-345.66304
CCCCc1nc(c(n1Cc1ccc(cc1)c1ccccc1C(=O)O)CO)Cl,Psi4-recomputed PQR,8.088,398.88262000000014,43.822088,-371.16689
Fc1ccc(cc1F)CN1CCC(CC1)Nc1ccc(nn1)C(F)(F)F,Psi4-recomputed PQR,11.513,372.3356960000001,34.686714,-729.24676
OC(=O)[C@H](c1c(C)nc2c(c1c1ccc(cc1)Cl)cc(cc2)Br)OC(C)(C)C,Psi4-recomputed PQR,7.81,462.7640400000002,46.650935,-411.24562
OC[C@@H](CCC[C@H]([C@H]1CC[C@@H]2[C@]1(C)CCC/C/2=C\C=C/1\C[C@H](O)CCC1=C)C)C,Psi4-recomputed PQR,8.709999999999999,400.6370600000006,50.432109,-542.19706
C[C@@H]1C[C@@H]1[C@H]1OC1(C)C,Psi4-recomputed PQR,15.547,126.19616000000003,15.272622,-83.3546
O=C1c2ccccc2N=C2[N+]1CCC2,Psi4-recomputed PQR,8.447999999999999,186.20989999999983,21.623796,-23.86143
OC(=O)C[C@@H](C(=O)C)Cl,Psi4-recomputed PQR,13.412,150.56027999999995,12.829801,-652.43485
CC[C@H]1O[C@@H]1[C@H]1C[C@@H]1C,Psi4-recomputed PQR,15.467,126.19616000000006,15.309216,-68.30606
CCCOCCOC(=O)C1=C(C)NC(=C([C@@H]1c1cccc(c1)N(=O)=O)C(=O)CS(=O)(=O)NC(C)C)C,Psi4-recomputed PQR,7.642,523.5991199999994,51.297433,-20.32033
COc1ccc(cc1)C1=Cc2c(OC)cc(cc2[N+](C1=O)CCc1nn[nH]n1)OC,Psi4-recomputed PQR,11.193,407.4225400000001,44.912537,-137.63486
CC(N[C@H]([C@H](COc1ccc(c2c1CCC2)C)O)C)C,Psi4-recomputed PQR,8.977,277.4017800000002,32.654459,-413.13095
O=C1CC[C@H](N1)C(=O)NC(=O)[C@@H]1CCCN1C(=O)[C@H](Cc1cnc([nH]1)C(F)(F)F)N,Psi4-recomputed PQR,9.422,430.3816496000001,38.226793,-1199.77408
N[C@H](C(=O)O)CC(=O)OCc1ccccc1,Psi4-recomputed PQR,9.72,223.22521999999975,22.704326,-647.05497
C[N@@H+]1CC/C(=N/[C@@H]2CC[C@H](CC2)NC(=O)[C@@H]2CC[C@@H](CC2)/N=C/2\CC[N@H+]([C@H]3[C@H]2C[C@@H](CC3)N(=O)=O)C)/CC1,Psi4-recomputed PQR,8.434,530.7457,68.25664,448.20879
CC(=CCC[C@@]1(C)[C@@H]2CC[C@]3([C@@H]2[C@@H]1c1c(O3)cc(c(c1O)C(=O)O)C)C)C,Psi4-recomputed PQR,8.783,370.48190000000034,42.588165,-798.35164
O=C1CC[C@]2(C(=C1)CC[C@@]1([C@@H]2CC[C@]2([C@H]1CC[C@@H]2OC(=O)C1CCCCC1)C)C)C,Psi4-recomputed PQR,9.776,412.6047000000005,48.72892,-741.55478
[O-][n+]1ccc(cc1)C[C@@H](c1ccc(c(c1)OC(F)F)OC(F)F)c1ccc(cc1)C(C(F)(F)F)(C(F)(F)F)O,Psi4-recomputed PQR,11.042,573.3801119999993,48.298375,-2425.4783
COCCOC(=O)CCC(=O)N,Psi4-recomputed PQR,11.096,175.18241999999984,16.604989,-769.24457
C1C[C@H]2NC[C@@H](C1)C2,Psi4-recomputed PQR,12.117,111.18482000000007,13.735574,-32.90929
CC[N@H+](C1CCC1)O,Psi4-recomputed PQR,14.429,116.1815,12.98942,-90.23844
CCCC/C=C/[C@@H]1C[C@@H]1C,Psi4-recomputed PQR,10.124,138.24991999999995,18.77257,-9.17506
C[C@@H]1CC[C@H]1[N@@H+](C1CCCCC1)O,Psi4-recomputed PQR,10.909,184.2985,21.31812,-167.69396
CNC(=S)NC,Psi4-recomputed PQR,11.517,104.17402000000004,11.260817,37.7462
COC(=O)c1c2C=CC(Oc2c2c(c1O)cccc2)(C)C,Psi4-recomputed PQR,7.382000000000001,284.30654000000015,32.460717,-516.00187
C[C@@H]1CN(C)[C@H]2[C@H](C1)c1cccc3c1c(C2)c[nH]3,Psi4-recomputed PQR,8.37,240.34339999999975,29.951436,140.24251
C=C(C(F)(F)F)C(=O)O,Psi4-recomputed PQR,10.115,140.06062959999994,8.747333,-972.36879
CCCCCS[C@@H](CCC)C,Psi4-recomputed PQR,11.714,174.3466799999998,22.070569,-210.44653
COc1cc(O)c(c2c1C(=O)C(=C([OH+]2)c1ccc(cc1)O)O)CC=C(C)C,Psi4-recomputed PQR,8.05,369.3878400000001,40.817578,-775.81589
Fc1cc(cc(c1)N1CCOCC1)C(=O)Nc1ccc2c(c1)cc[nH]2,Psi4-recomputed PQR,10.759,339.3635232000002,38.282802,-217.15102
CC[C@@H]([S@](=O)[C@H]1CC[C@@H]1C)C,Psi4-recomputed PQR,12.737,174.30361999999982,20.530539,-208.42512
CC[C@H]([S@@](=O)[C@H]1CC[C@@H]1C)C,Psi4-recomputed PQR,12.7,174.30361999999982,20.536911,-207.41943
O=C(N[C@H](C(=O)O)CCC(=O)O)CC[C@@H](C(=O)O)NC(=O)c1ccc(cc1)NC[C@H]1CNc2c(N1C)c(=O)[nH]c([nH+]2)N,Psi4-recomputed PQR,7.956,589.5777199999989,58.159932,-1421.69024
CC#CC#C,Psi4-recomputed PQR,10.1,64.08526,9.207867,421.16151
CCC[C@@H](NCC(CC)(C)C)C,Psi4-recomputed PQR,14.992,171.32289999999978,21.68113,-223.36092
C[C@@H]1CC[C@@H]1C(=O)C1CCCCC1,Psi4-recomputed PQR,13.632,180.2865999999998,21.880902,-270.05878
CCC[C@H]([C@@H]1O[C@@H]1C1CC(C1)(C)C)C,Psi4-recomputed PQR,15.558,196.32905999999977,24.223978,-222.27831
O[C@@H]1O[C@H](C(=O)N)[C@H]([C@@H]([C@H]1O)O)O,Psi4-recomputed PQR,14.135,193.15463999999983,15.811214,-1099.59378
CCC[C@H]1O[C@@H]2[C@@](O1)(C(=O)CO)[C@@]1([C@H](C2)[C@@H]2CCC3=CC(=O)C=C[C@@]3([C@H]2[C@H](C1)O)C)C,Psi4-recomputed PQR,9.393,430.53386000000035,46.543094,-1100.05554
CC(=O)Oc1ccc2c(c1)CC[C@H]1[C@@H]2CC[C@]2([C@@H]1CC[C@@H]2OC(=O)C)C,Psi4-recomputed PQR,9.211,356.4553200000003,40.263158,-808.9325
C[C@@H]1CC[C@H]1[C@@H]1O[C@H]1[C@@H]1CCC1(C)C,Psi4-recomputed PQR,12.249,194.31317999999985,23.06726,-120.1896
O=C1C2=Nc3ccccc3C(=O)[N+]2c2c1cccc2,Psi4-recomputed PQR,10.656,248.23621999999975,28.900502,64.54503
CC[C@H]([C@H]1OC1(C)C)C,Psi4-recomputed PQR,15.655,128.21204000000006,15.662908,-222.40637
O=C(/C=C/c1ccc(c(c1)O)O)NCCc1ccc(cc1)O,Psi4-recomputed PQR,8.097000000000001,299.32118000000025,35.02915,-503.27038
O[N+]1CC[C@H](CC1)C[C@@H](c1ccc(c(c1)OC(F)F)OC(F)F)c1ccc(cc1)C(C(F)(F)F)(C(F)(F)F)O,Psi4-recomputed PQR,8.078000000000001,579.4278,48.40852,-2424.20424
O/N=C(/N/N=C(/c1ccc(cc1)NC(=O)Nc1ccc(cc1)/C(=N/NC(=N)[NH+]O)/C)\C)\N,Psi4-recomputed PQR,11.11,440.45906000000014,49.605418,267.46632
C[N@@H+]1C[C@@H](C#N)C(=O)CC1,Psi4-recomputed PQR,8.439,139.17503999999997,14.996508,87.0564
COC(=O)C(=C)C,Psi4-recomputed PQR,10.177,100.11582,10.63576,-331.00439
CC(=CC[C@]1(C)C(=C(Cc2c(O)c(C(=O)C)c(c3c2OC(C)(C)C=C3)O)C(=C(C1=O)C(=O)C)O)O)C,Psi4-recomputed PQR,8.118,496.5488800000002,53.727179,-1332.95456
COC(=O)c1ccccc1[C@H]1c2ccc(cc2Oc2c1ccc(c2I)N)N,Psi4-recomputed PQR,8.112,472.2757500000001,45.604945,-141.54019
CC[C@H]1/C(=C/c2[nH]c(c(c2C)CCC(=O)O)/C=C/2\N=C(C(=C2CCC(=O)O)C)/C=C/2\NC(=O)C(=C2C)CC)/NC(=O)[C@@H]1C,Psi4-recomputed PQR,6.2170000000000005,588.6938999999983,69.651369,-984.0844
COc1ccc2c(c1)c(CC(=O)NCCc1ccccc1)c(n2C(=O)c1ccc(cc1)Cl)C,Psi4-recomputed PQR,7.706,460.9520000000001,50.741947,154.07847
COC1=C(O)C(=O)[OH+]c2c1cccc2O,Psi4-recomputed PQR,8.081,209.17545999999984,20.809762,-626.43907
C[C@@H](Cc1ccc(cc1)I)N,Psi4-recomputed PQR,8.567,261.10274999999996,22.62372,101.57178
CCCOc1ccc(cc1)c1csc(c1CC(=O)NC(=N)N)c1ccccc1Cl,Psi4-recomputed PQR,11.205,427.9469800000003,47.802596,-138.3782
O=C(Nc1cc(cc(c1)c1csc(=O)[nH]1)NS(=O)(=O)c1cccs1)CCC1CCCCC1,Psi4-recomputed PQR,10.294,491.64660000000026,53.043354,-511.9523
CCC(CC(=O)SC1(C)CC1)(C)C,Psi4-recomputed PQR,11.756,200.34089999999975,23.778057,-242.45346
C[C@@H]1CC[C@@H]1C(=S)C1CCCCC1,Psi4-recomputed PQR,10.577,196.3521999999998,24.283703,4.92669
Cc1cc(N)[n+]2c(n1)nc[nH]2,Psi4-recomputed PQR,8.605,150.16121999999993,16.028091,332.8622
O=C(Cc1ccccc1)Nc1ccc2c(c1)c([nH]n2)c1cccc(c1)S(=O)(=O)N,Psi4-recomputed PQR,7.167,406.45762000000025,45.940552,-34.25297
OCC(=O)[C@H]1CC[C@@H]2[C@]31C[C@@H](O[C@H]3O)[C@H]1[C@H]2CC[C@H]2[C@]1(C)CCC(=O)C2,Psi4-recomputed PQR,10.369,362.45990000000035,38.584634,-1031.13109
CCCCC[S@@](=O)[C@H]1CC1(C)C,Psi4-recomputed PQR,12.764,188.3301999999998,22.568363,-194.55547
N[N+]1C(=NC2=C(C1=O)CCCC2)CCCCN1CCN(CC1)c1ccc2c(n1)cccc2,Psi4-recomputed PQR,7.827,432.5611800000003,51.608557,143.46742
CC(C[N@H+](CC(C)(C)C)O)C,Psi4-recomputed PQR,14.486999999999998,160.2771,18.84602,-260.41379
Fc1cccc(c1)[C@@H]1CCCN1Cc1ccc(cc1)Oc1ccc(cc1F)C(=O)N,Psi4-recomputed PQR,11.602,408.4404864000001,44.19753,-433.67707
O[C@H]1CC[C@]2([C@H](C1(C)C)CC[C@]1([C@@H]2Cc2c(O)cc3c(c2O1)COC3=O)C)C,Psi4-recomputed PQR,8.506,386.4813000000003,42.79243,-944.83801
FC(C1=C(OCCOC1(F)F)C(C(F)(F)F)(F)F)(F)F,Psi4-recomputed PQR,12.674,322.10019199999994,16.472363,-2425.95104
OC[C@H]1O[C@H]([C@@H]([C@@H]1O)O)c1cccc(c1)C(=O)N,Psi4-recomputed PQR,12.507,253.25119999999973,24.95207,-834.34453
OC[C@H]1C[C@H]([C@@H]([C@H]1O)O)N1CN[C@H]2[C@H]1[NH2+]CNC2=O,Psi4-recomputed PQR,8.807,273.3088400000002,25.724494,-488.79908
c1cc(nc(n1)Nc1ccc2c(c1)nc[nH]2)Nc1[nH]nc(c1)C1CC1,Psi4-recomputed PQR,8.029,332.3625400000001,39.92514,689.44631
O=C(Nc1scc(n1)C)CSc1ccc(nn1)c1ccccc1,Psi4-recomputed PQR,7.034,342.43856000000005,38.835803,269.44228
CCCCCCCCCC[N+](CCCS(=O)(=O)O)(C)C,Psi4-recomputed PQR,7.311999999999999,308.50036000000046,33.991437,-588.24357
COC1=C([OH+]c2c(C1=O)c(O)c(c(c2CC=C(C)C)O)CC=C(C)C)c1ccc(c(c1)O)O,Psi4-recomputed PQR,10.706,453.50426000000016,50.937388,-1048.32745
OCC(=C)[C@@]12O[C@H]2[C@]2(C(=CC1=O)CC[C@H]([C@H]2C)O)C,Psi4-recomputed PQR,12.486,264.3168999999999,28.571527,-545.00622
OC[C@H]1O[C@@H]2[C@H]([C@@H]1O)Oc1[n+]2cc(C)c(=O)[nH]1,Psi4-recomputed PQR,9.129,241.22061999999977,22.690729,-705.86265
CC(CC[N@@H+](C(C)(C)C)O)C,Psi4-recomputed PQR,14.422,160.2771,18.87565,-265.70029
COC1=CC(=O)[OH+]c2c1c(C)cc(c2c1c(O)cc(c2c1[OH+]C(=O)C=C2OC)C)OC,Psi4-recomputed PQR,8.166,426.4159800000001,45.31696,-1097.07704
OC(=O)C(O/N=C/c1ccc(cc1)Cl)(C)C,Psi4-recomputed PQR,11.613,241.67087999999976,25.008484,-348.07771
C[C@@H](CC)CCC=C,Psi4-recomputed PQR,10.907,112.21264000000008,15.184399,-80.85455
CC(=C)C(=O)OCCO,Psi4-recomputed PQR,10.192,130.14180000000002,13.113687,-527.07481
CCC(=O)OC(=O)CC1CCCC1,Psi4-recomputed PQR,14.222,184.23223999999985,19.716667,-660.48469
NC1=Cc2ccccc2[NH+]C1=S,Psi4-recomputed PQR,6.741,176.2382199999999,22.429947,220.31364
N#CC1=C[C@@]2(C)[C@H](C(C1=O)(C)C)CC[C@@]1(C2=CC(=O)[C@H]2[C@@]1(C)CC[C@@]1([C@H]2CC(C)(C)CC1)C(=O)OC)C,Psi4-recomputed PQR,8.878,505.6881200000004,58.161838,-705.8818
CCCCCc1ccc(cc1)C(=O)N(C1CCN(CC1)CCC(C)C)Cc1ccc(cc1)N(c1ccncc1)C,Psi4-recomputed PQR,11.169,540.781819999999,66.472235,-56.8319
Clc1ccc(cc1)[C@]1(O)CCCCC[C@H]1n1ncnc1,Psi4-recomputed PQR,9.338,291.77592000000016,31.31811,13.63164
O[NH+]c1cc(cc2c1sc(nc2=O)N1CCC2(CC1)OC[C@@H](O2)C)C(F)(F)F,Psi4-recomputed PQR,10.861,417.40272960000016,38.996646,-1065.59183
C=CCNc1ncnc2c1ncn2[C@@H]1O[C@@H]([C@H]([C@H]1O)O)CO,Psi4-recomputed PQR,11.401,307.3051800000001,31.174446,-401.33806
O=C1N(CC2CCCCC2)C(=O)[C@@H]2[C@]1(C2)c1ccc(cc1)N,Psi4-recomputed PQR,8.583,298.3794800000002,34.552035,-229.67285
OC[C@H]1O[C@H](C[P@](=O)(O[P@@](=O)(OC[C@H]2O[C@H]([C@@H]([C@@H]2O)O)[N+]2C=CC(=O)[NH+]C2=O)O)O)[C@@H]([C@H]([C@H]1O)O)O,Psi4-recomputed PQR,8.442,564.3289619999988,50.477802,-3466.46041
O=C1C=C(c2c([OH+]1)cc(cc2)OCc1ccccc1)C(F)(F)F,Psi4-recomputed PQR,7.882,321.2705896,32.214717,-858.34417
OCc1cccc(n1)CO,Psi4-recomputed PQR,12.619,139.1518599999999,14.656153,-268.03651
NC(=N)c1ccc(cc1)C[P@](=O)(Oc1ccccc1)O,Psi4-recomputed PQR,8.431000000000001,290.2543,0.0,-518.52375
CCOc1ccc2c(c1)[nH]c(n2)SCCN1CCOCC1,Psi4-recomputed PQR,10.778,307.4111400000002,34.909095,-123.94419
OC[C@H]1O[C@@H](Oc2cc(O)cc(c2)c2oc3c(c2)ccc(c3)O)[C@@H]([C@H]([C@@H]1O)O)O,Psi4-recomputed PQR,7.906,404.3674000000001,41.199121,-1337.61071
O[C@H]1C[C@H](O[C@@H]1COP(=O)(O)O)[N+]1C=C(I)C(=O)[NH+]C1=O,Psi4-recomputed PQR,8.013,434.0784110000002,33.284704,-1646.40055
C[N@H+](C(C)(C)C)O,Psi4-recomputed PQR,14.445,104.17076000000009,11.797135,-177.27136
OCC(=O)[C@@]1(O)[C@H](C)C[C@@H]2[C@]1(C)C[C@H](O)[C@]1([C@H]2C[C@@H](C2=CC(=O)C=C[C@]12C)F)F,Psi4-recomputed PQR,9.344,410.4515264000002,41.050538,-1269.3149
O=C1CCCCC=C1,Psi4-recomputed PQR,9.993,110.15370000000006,13.132792,-149.28569
O=c1[nH]c2cc(c(cc2n(c1=O)CP(=O)(O)O)N1CCOCC1)C(F)(F)F,Psi4-recomputed PQR,10.817,409.2543706000002,37.088425,-1786.42659
CCN(c1ccc(c(c1)C)N)CC,Psi4-recomputed PQR,7.958,178.27401999999984,22.832799,13.65973
OC[C@H]([C@H]1OC(=O)C(=C1O)OS(=O)(=O)O)O,Psi4-recomputed PQR,12.112,256.1873199999999,19.288763,-1464.24221
OC(=O)CNCP(=O)(O)O,Psi4-recomputed PQR,9.861,169.07308099999997,14.762955,-1174.68752
Cc1ncc([nH]1)CCN,Psi4-recomputed PQR,12.608,125.17164000000004,14.340636,70.86885
CCN1CCN(CC1)c1ccc(cn1)C(NC(=O)[C@H]1C[C@@H]2[NH2+][C@@H]3CCCC[C@H]3C(=O)[C@H]2C[C@H]1F)(C)C,Psi4-recomputed PQR,7.222,500.6717232000004,56.296327,-204.32335
CCCC[C@@H]1C[C@@H]2[C@H](C[C@H]1OCCOC1CCCCC1)[NH2+]C[C@@H](C2=O)C(=O)OC,Psi4-recomputed PQR,11.164,410.5674000000004,44.655385,-674.47322
COc1cc2C=C(C(=O)[OH+]c2c(c1O)OC)C1=Cc2cc(O)c(cc2[OH+]C1=O)O,Psi4-recomputed PQR,7.1080000000000005,400.33564,43.002006,-1131.38925
CNC(=O)[C@@H](NC(=O)[C@@H]([C@@H](C(=O)NO)CSc1cccs1)CC(C)C)Cc1ccccc1,Psi4-recomputed PQR,7.795999999999999,477.63994000000025,50.916832,-506.40584
C=C[C@@H]1CNCC[C@H]1CCCc1ccnc2c1cc(OC)cc2,Psi4-recomputed PQR,8.011999999999999,310.4332400000003,38.062857,2.6516200000000003
O=C1N[C@@H](N)[N@H+]([C@H]2[C@H]1NCN2)C,Psi4-recomputed PQR,8.712,172.2082599999999,16.508513,98.06058
CC(CC(=S)C1CC(C1)(C)C)C,Psi4-recomputed PQR,10.645,184.34149999999977,22.941996,-40.69825
O=C1C=C([OH+]c2c1cccc2)c1ccc2c(c1)OCO2,Psi4-recomputed PQR,11.176,267.25614000000013,30.74388,-294.71021
CCCCCCC[C@H]1[NH2+][C@@H]2CCCC[C@@H]2C(=O)[C@@H]1O,Psi4-recomputed PQR,10.81,268.41490000000016,31.036935,-312.92067
CC[C@@H](CC/C=C/C=C(/[C@H](C/C=C/C=C/C(=O)O[C@H]1[C@H](O)[C@@H](CO)O[C@]2([C@@H]1O)OCc1c2c(O)cc(c1)O)O)\C)C,Psi4-recomputed PQR,8.402,574.6591799999981,64.137984,-1675.77889
CO[C@H]1N([C@H]2C[C@@H]([C@H](O2)CO)O)C(=O)NC(=O)[C@@]1(Cl)CC,Psi4-recomputed PQR,12.765,322.7420600000002,29.186178,-1218.48494
OC[C@]1(C)[C@H](O)CC[C@@]2([C@@H]1CCC(=C)[C@H]2/C=C/C1=CCOC1=O)C,Psi4-recomputed PQR,8.798,332.43392000000034,37.867261,-653.50159
C=Cc1c(C)c(O)cc2c1c1ccc(c(c1CC2)C)O,Psi4-recomputed PQR,8.102,266.33432,32.785255,-222.83791
C=CCC1(C(=O)NC(=O)NC1=O)[C@H]1CCC=C1,Psi4-recomputed PQR,9.366,234.2511599999998,24.739142,-428.36286
COC(=O)COc1ccc(cc1)OCCNC[C@H](COc1ccccc1)O,Psi4-recomputed PQR,8.568999999999999,375.4156000000002,39.849874,-820.75419
OCC(NC(=O)c1c(I)c(C(=O)NC(CO)CO)c(c(c1I)NC(=O)[C@@H](O)C)I)CO,Psi4-recomputed PQR,7.712999999999999,777.0852899999998,55.363283,-1180.3161
CCc1nc(N)nc(c1c1ccccc1)N,Psi4-recomputed PQR,11.839,214.26635999999985,25.497227,156.36713
O[N@@H+]1C(C)(C)C/C(=N/Nc2ncnc3c2[nH]cn3)/CC1(C)C,Psi4-recomputed PQR,8.411999999999999,304.37078000000025,33.212678,315.44363
NC(=NCCCC1=[N+](C)C(=O)C2=CC=C[N+]2=C1)N,Psi4-recomputed PQR,7.899,247.2962799999997,28.018182,30.15445
CC(=C)[C@H]1CCC2=C(C1)[C@H](C)[C@@H]([C@H](C2)O)O,Psi4-recomputed PQR,9.744,222.32327999999973,25.63259,-408.3337
CCS(=O)(=O)NC1CCN(CC1)C(=O)COc1ccc(cc1Cl)Cl,Psi4-recomputed PQR,8.832,395.30130000000025,38.153658,-686.82841
CCCCC(=C)CC,Psi4-recomputed PQR,13.961000000000002,112.21264000000008,15.160101,-102.05833
O[C@H]1[C@H](OCc2ccccc2)OC[C@H]([C@@H]1O)O,Psi4-recomputed PQR,9.451,240.25243999999975,24.335211,-809.42941
CNc1nc2c(s1)cc(cc2)c1c(C)ccc(c1N)C(=O)c1c(c2ccccc2)n(n(c1=O)c1ccccc1)C,Psi4-recomputed PQR,7.504,545.6540799999987,65.147229,320.76937
O[C@H]1CC[C@]2([C@H]([C@]1(C)C(=O)O)CCc1c2cc2c(c1)[nH]c1c2cccc1)C,Psi4-recomputed PQR,8.0,363.4495000000002,42.861806,-460.26156
C[N@@H+]1C[C@H](O)C(=O)C[C@@H]1C(=O)O,Psi4-recomputed PQR,7.273,174.17447999999993,16.304028,-569.47223
O=C=C1C2=NC=CCC(=C2c2c1c(Cl)c(cc2)Cl)C#CN1C=C[C@]2(C=C1)NC[NH2+]Oc1c2cccc1,Psi4-recomputed PQR,6.553,514.3820599999999,55.37741,3899.38571
O=C(Nc1ccc(cn1)c1cnccn1)Cc1cnc(c(c1)C)c1ccnc(c1)C,Psi4-recomputed PQR,11.043,396.4445000000001,47.002367,323.65443
NCc1ccc(cc1)C[C@H](C(=O)O)C[P@](=O)([C@H](CCc1ccccc1)N)O,Psi4-recomputed PQR,8.692,390.41314100000034,44.017249,-758.37749
OC(=O)[C@@H]1CC(=S)[C@H]2[C@H]([NH2+]1)CCCC2,Psi4-recomputed PQR,9.54,214.30453999999995,23.84649,-102.7508
O=C1[NH+]C(=O)[NH+]C(=C1)C(=O)N[C@@H](C(=O)N1CCC[C@H]1C(=O)N)Cc1[nH]cnc1,Psi4-recomputed PQR,8.706,389.36596000000014,37.92619,-701.49952
OCC(=O)[C@H]1CC[C@@H]2[C@]1(C)C[C@H](O)[C@H]1[C@H]2CCC2=CC(=O)C[C@@H]([C@]12C)O,Psi4-recomputed PQR,12.764,362.45990000000035,39.317771,-990.82182
O=C1C[C@@H]([NH2+][C@H]2[C@@H]1CCC[C@@H]2O)C(=O)O,Psi4-recomputed PQR,7.323,214.23833999999997,20.893438,-524.07026
CCCO[C@@H]1[C@H](O)[C@H](O[C@H]1n1cc(C)c(=O)[nH]c1=O)COP(=O)(O)O,Psi4-recomputed PQR,8.755,380.2876,37.59923,-1964.79178
O[C@@H]1[C@H](O)[C@H](O[C@H]1[N+]1C=C(C(=O)[NH+]C1=O)c1ccccc1)CO[P@@](=O)(OP(=O)(O)O)O,Psi4-recomputed PQR,8.103,480.2571420000002,46.154334,-2639.84857
CC[C@H](/C=C(/C=C/C(=O)C1=C(O)C(=C[N+](C1=O)O)c1ccc(cc1)O)\C)C,Psi4-recomputed PQR,7.757,369.4110200000002,42.696086,-602.31353
CCC[N@H+](C(C)C)O,Psi4-recomputed PQR,14.498,118.19734000000008,13.66271,-197.20148
Cc1ccc(cc1)[As](c1ccc(cc1)C)c1ccc(cc1)C,Psi4-recomputed PQR,7.971,348.31304,38.472478,334.33471
COC[C@@H]1OC[C@@H]([C@H]([C@@H]1OC(=O)C)OCC(=O)OC)OCC(=O)OC,Psi4-recomputed PQR,13.655,364.3450600000003,32.843437,-1774.43047
CCN(c1ccc2c(c1)[OH+]C(=O)C(=C2C)c1ccc(cc1)N1C(=O)C=CC1=O)CC,Psi4-recomputed PQR,6.78,403.4504200000001,48.017324,-348.63339
COc1cc(Cl)c(cc1N)OC,Psi4-recomputed PQR,8.043000000000001,187.62349999999984,19.176897,-261.12972
C[N@H+](C1CC1)O,Psi4-recomputed PQR,14.402,88.12830000000005,9.590917,-6.21423
O=c1c2c(NCCCN3CCN(CC3)CCCNc3ccc4[C@H]5c3c(=O)c3c([n+]5nn4)cccc3)ccc3[C@@H]2[n+](c2c1cccc2)nn3,Psi4-recomputed PQR,9.593,640.7368,77.07017,644.1663
CSCC/C=N/NC(=O)c1ccncc1,Psi4-recomputed PQR,7.701,223.29471999999976,25.000539,104.04852
CCC(=O)N1CCOc2c(C1)cc(cc2OC[C@@H]1CCCN(C1)C)c1ccc(c(c1)OC)OC,Psi4-recomputed PQR,11.145,468.5851400000005,53.82935,-677.21373
CS[C@H]1C[C@@H]1C,Psi4-recomputed PQR,11.708,102.19790000000005,12.3733,33.33665
OC(=O)C1CC1,Psi4-recomputed PQR,14.816,86.08924000000003,8.510914,-318.5229
CC(C[C@H](CC(=O)O)NCc1c(cnc(c1O)C)COP(=O)(O)O)C,Psi4-recomputed PQR,8.094000000000001,376.3419610000004,38.187155,-1676.45312
N#Cc1cc(cc(c1)Cl)OC1=C(C)C=C[N+](C1=O)Cc1[nH]nc2c1cccn2,Psi4-recomputed PQR,11.264,391.81046000000015,43.128955,281.73544
NCC(=O)N[C@H](C(=O)N[C@@H]([C@H](CC)C)C(=O)O)C,Psi4-recomputed PQR,10.4,259.3021399999998,25.920132,-856.53491
CCNC(=O)c1sc2c(c1)c(nc(n2)N)c1ccc(cc1Cl)Cl,Psi4-recomputed PQR,7.751,367.253,0.0,45.10084
OC(=O)C[C@@H]1[C@H](NC[C@@H]1C1=C([NH+]C(=O)C=C1)C(=O)O)C(=O)O,Psi4-recomputed PQR,8.157,310.2594600000001,28.600135,-1209.64749
n1ccc(nc1)c1cnc(nc1c1ccco1)Nc1cccnc1,Psi4-recomputed PQR,7.664,316.31678000000005,36.661574,485.77362
CC(CN(S(=O)(=O)c1ccc(cc1)C(=O)O)C[C@H]([C@H](Cc1ccccc1)NC(=O)O[C@H]1CO[C@@H]2[C@H]1CCO2)O)C,Psi4-recomputed PQR,8.048,576.6584399999983,58.456685,-1520.39388
OC[C@H]1O[C@H](C[C@@H]1O)N1CN[C@@H]2[C@H]1[N@@H+](C)CNC2=N,Psi4-recomputed PQR,8.409,272.3240800000002,26.789546,-194.47478
CC/C(=C\[C@@H]1C[C@@H]1C)/C,Psi4-recomputed PQR,10.013,124.22334000000006,16.84794,-4.2540700000000005
CCNC(=O)CNC(=O)/C(=C/c1ccccc1)/NC(=O)[C@@H]1CCCN1C(=O)OC(C)(C)C,Psi4-recomputed PQR,8.868,444.5239800000003,48.314909,-894.59039
CN1C(=O)[C@H]2SS[C@@H]1C(=O)N2C,Psi4-recomputed PQR,6.832000000000001,204.26991999999984,20.231374,-245.5062
CC[C@H](PC1CCC1)C,Psi4-recomputed PQR,13.135,144.1943,19.24035,-77.87395
ClCC(=O)[C@H]1CC[C@@H]2[C@]1(C)CC[C@H]1[C@H]2CCC2=CC(=O)CC[C@]12C,Psi4-recomputed PQR,9.771,348.90676000000036,39.53065,-492.69858
O=C(OC(=O)[C@H]1CCC1(C)C)CCCC(C)(C)C,Psi4-recomputed PQR,10.81,254.36513999999968,28.840967,-732.01086
CN1Cc2c(ncn2c2c(C1=O)cccc2)c1noc(n1)C1CC1,Psi4-recomputed PQR,11.329,321.33330000000007,35.914584,310.94115
ClCC(=C)C1=NC[C@H]2N3C(=C1C#CC#CC(=O)N1C=COC=C1)S[C@@H]1CCCC[C@H]1[C@@H]3NN2,Psi4-recomputed PQR,6.909,481.9976599999999,54.617822,3148.48426
CO[P@](=S)(O[C@H]1CC[C@]2(C(=CC[C@@H]3[C@@H]2CC[C@]2([C@H]3CCC2=O)C)C1)C)O,Psi4-recomputed PQR,8.767,398.4965,47.40073,-1089.92991
F[Ti](Cl)(Cl)F,Psi4-recomputed PQR,12.259,156.7698064,8.435525,-1068.87527
C#Cc1ccccc1C=O,Psi4-recomputed PQR,8.864,130.14334,16.044647,212.63143
O=C1NC(=O)C(=O)N1,Psi4-recomputed PQR,9.832,114.05958,9.303224,-442.47235
CC[C@@](c1ccccc1)(COC(=O)c1cc(OC)c(c(c1)OC)OC)NC,Psi4-recomputed PQR,8.437,373.44278000000025,41.316008,-649.44196
CCCCNC(=O)c1ccc(cc1O)Cl,Psi4-recomputed PQR,8.732000000000001,227.6873599999998,24.062668,-367.51192
O=C(N[C@H](C(=O)N)C)CNC(=O)[C@@H](NC(=O)[C@H](CC(=O)N)N)C,Psi4-recomputed PQR,10.446,330.34028000000023,31.13427,-995.78694
OC(=O)C[C@H]([C@@H](C(=O)O)N)c1ccc(cc1)Cl,Psi4-recomputed PQR,12.341,257.6702799999998,24.34617,-726.29086
N#C[C@H]1[C@@H](N2C[C@H]3[C@H](C2)NCCO3)[C@@H](F)C[C@@H]2[C@H]1[N@H+](C[C@H](C2=O)C(=O)O)C1CC1,Psi4-recomputed PQR,10.865,407.45912320000025,41.379403,-361.15239
OC[C@H]1O[C@H]([C@@H]([C@@H]1O)O)n1ccc(=S)[nH]c1=O,Psi4-recomputed PQR,7.517,260.2669799999999,25.12026,-780.22794
COC1=C(C)C(=O)C(=C([OH+]1)C/C=C(/C/C=C/C(=C/[C@H](O)C)/C)\C)C,Psi4-recomputed PQR,9.109,333.44186000000036,38.800319,-597.17929
CC[C@@H](C(=O)S[C@@H]1C[C@H]1C)C,Psi4-recomputed PQR,11.626,172.2877399999999,20.207436,-196.32673
OC[C@@H]1C[C@H](C[C@H]1O)[N+]1C=C(C)C(=O)[NH+]C1=O,Psi4-recomputed PQR,9.042,240.25573999999972,24.335745,-772.44404
ClC(=O)[C@H]1CCCN1c1ccc(c2c1non2)S(=O)(=O)N(C)C,Psi4-recomputed PQR,7.1240000000000006,358.8006000000001,35.247984,-203.80174
COCCCN1CCC(CC1)NC(=O)c1cc(Cl)c(c2c1OCC2)N,Psi4-recomputed PQR,8.49,367.8703400000002,39.474627,-498.88317
CC1=CC(=O)[OH+]c2c1cc1CCOc1c2,Psi4-recomputed PQR,8.158,203.21393999999987,22.820206,-362.43638
CC1(C)C[C@H]1SC1CCC1,Psi4-recomputed PQR,11.685,156.28833999999986,19.253464,41.5985
N#C/C(=c\1/[nH][nH]c(c1C#N)N)/C=C/1\C=Nc2c1cccc2,Psi4-recomputed PQR,7.281,274.28010000000006,33.853041,789.63144
OCC(=O)O[C@@H]1C[C@@](C)(C=C)[C@@H](O)[C@@H]([C@]23[C@H]([C@]1(C)[C@H](C)CC2)C(=O)CC3)C,Psi4-recomputed PQR,10.604,378.5023600000004,41.212556,-851.54008
COCC1=C[N+]([C@H]2C[C@H]([C@@H](O2)CO)OC(=O)C)C(=O)[NH+]C1=O,Psi4-recomputed PQR,12.178,314.2912200000002,29.491598,-1268.87571
O=C=CC(=O)C(=O)C(=O)[C@H]1O[C@@H]2C(=C3Oc4cc(ccc4[C@@]4([C@@H]3C=C2)OC(=O)CC4=C)O[C@H]2OC(=C=O)C(=O)C(=O)C2=O)O1,Psi4-recomputed PQR,8.411,602.41246,64.678187,-2291.23926
ONC(=O)CC/C(=C/[C@H](C(=O)c1ccc(cc1)N(C)C)C)/C,Psi4-recomputed PQR,11.36,304.3840600000003,34.355146,-367.286
Clc1ccc(cc1)C(=O)c1cc(ccc1Cl)NC(=O)c1cc(I)cc(c1O)I,Psi4-recomputed PQR,7.431000000000001,638.0211799999997,52.851996,-129.08527
COc1cccc2c1C(=O)c1c([OH+]2)cc2c(c1O)[C@@H]1CCC[C@](O2)(O1)C,Psi4-recomputed PQR,8.316,355.3612600000001,37.992388,-890.3167
BrCC(=O)Nc1ccccc1Cn1cnc2c1ncnc2N,Psi4-recomputed PQR,8.488,361.19662000000005,34.085288,194.19988
OCCSc1c(F)c(NC2CCCCCCC2)c(c(c1F)F)S(=O)(=O)N,Psi4-recomputed PQR,7.574,412.4906296000003,38.773759,-1044.55348
COc1cc2[OH+]C3=C(C(=O)c2cc1OC)C(=O)c1c(C3=O)ccc2c1c(O)c1c(c2)C[C@@]2(N(C1=O)[C@@](C)(COC(=O)C(C)C)C(=O)O2)C,Psi4-recomputed PQR,7.0809999999999995,656.612199999999,71.296459,-1604.7821
CCS[C@@H]1C[C@H](C1)C,Psi4-recomputed PQR,11.706,130.25106000000002,16.007602,-47.72462
CN1[C@H]2C[C@@H](S[C@H]2[C@@H]2[C@H]1C(=O)[N+](NC2)Cc1cccc(c1)N)[S@](=O)C,Psi4-recomputed PQR,7.31,380.52806000000015,44.702714,152.72817
S=CNCCCC[S@](=O)C,Psi4-recomputed PQR,10.983,179.3035199999999,19.527281,-91.7924
O=C(c1c(sc2c1cccc2)c1ccc(cc1)OCCN1CCCC1)c1ccc(nc1)OCCN1CCCC1,Psi4-recomputed PQR,7.484,541.7035999999987,63.495602,-127.05015
CO[C@H]1CCC[C@H]2C1=C(N[C@H]2/C(=C\C)/C=O)C(=O)O,Psi4-recomputed PQR,11.299,265.30496000000005,28.32932,-599.87055
C[C@](C(=O)O)(CCSC)N,Psi4-recomputed PQR,11.666,163.2379199999999,16.615821,-434.21186
