id,smiles,domain,charge,multiplicity,basis,homo_ev,lumo_ev,gap,pqr_gap,pred_qm9_aligned_gap,cycle_error,final_confidence
pqr_0000,O=C1c2ccccc2N=C2CCC[N+]12,charged_or_radical,1,2,"6-31G(d,p)",-11.618980267701854,-9.824925037062776,1.7940552306390782,8.447999999999999,5.616362517550057,2.72922712734494,low_confidence
pqr_0001,CC[C@@H](C)/C=C(C)/C=C/C(=O)C1=C(O)C(c2ccc(O)cc2)=C[N+](O)C1=O,charged_or_radical,1,2,"6-31G(d,p)",-9.15861222049448,-8.66081958724204,0.4977926332524398,7.757,5.660152036659913,3.4053799456650644,low_confidence
pqr_0002,COc1cc(-c2[oH+]c3cc(O)cc(O)c3c(=O)c2OC)ccc1O,charged_or_radical,1,1,"6-31G(d,p)",-8.779497046195685,-5.3937493433155055,3.3857477028801792,7.678000000000001,5.533829746129358,3.0110322465448327,low_confidence
pqr_0003,COc1c2ccoc2cc2[oH+]c(=O)ccc12,charged_or_radical,1,1,"6-31G(d,p)",-10.04161927423113,-6.465531357186788,3.5760879170443416,8.003,5.39738606605211,2.704666868492991,low_confidence
pqr_0004,O=C1C2=Nc3ccccc3C(=O)[N+]2c2ccccc21,charged_or_radical,1,2,"6-31G(d,p)",-10.919968895184114,-9.866946155881658,1.0530227393024554,10.656,5.388876092834163,0.1733548837441958,low_confidence
pqr_0005,CC(C)=CCc1c(O)c(C(=O)CC(C)C)c(O)c2c(-c3ccccc3)cc(=O)[oH+]c12,charged_or_radical,1,1,"6-31G(d,p)",-9.394788178813734,-5.9402758240671165,3.454512354746617,7.980999999999999,5.56974114717196,3.3459417993419285,low_confidence
pqr_0006,COc1cc2nccc(Oc3ccc(NC(=O)C4=CC=C[N+](Cc5ccccc5)C4=O)nc3)c2cc1OC,charged_or_radical,1,2,"6-31G(d,p)",-8.673681961337719,-8.276343537914777,0.3973384234229438,10.251,5.557859156475567,0.730501578412774,low_confidence
pqr_0007,O=C(O)c1ccc2[oH+]c3ccc(OCCO)cc3c(=O)c2c1,charged_or_radical,1,1,"6-31G(d,p)",-9.672014944585476,-6.128112287370592,3.543902657214884,8.003,5.579716939020444,2.874383726306611,low_confidence
pqr_0008,COc1cc(O)cc2cc3[oH+]c(C)cc(=O)c3c(O)c12,charged_or_radical,1,1,"6-31G(d,p)",-8.787493871871426,-5.533286662839201,3.254207209032226,10.937,5.37192864219395,0.2324354699612829,low_confidence
pqr_0009,O=C1[NH+]C=C(c2ccncc2)C=C1NC(=O)c1ccccc1,charged_or_radical,1,2,"6-31G(d,p)",-9.878440235550697,-9.154224099938222,0.7242161356124733,10.868,5.44553778591561,0.0102945721191076,low_confidence
pqr_0010,COc1c(O)cc2[oH+]c3cc(O)c(CC=C(C)C)c(O)c3c(=O)c2c1CC=C(C)C,charged_or_radical,1,1,"6-31G(d,p)",-7.706103044564006,-4.901197399472814,2.8049056450911927,7.901000000000001,5.664419080834104,3.118849131701835,low_confidence
pqr_0011,COc1c(O)c(=O)[oH+]c2c(O)cccc12,charged_or_radical,1,1,"6-31G(d,p)",-10.058007514981654,-6.396962206124559,3.6610453088570942,8.081,5.656601169428482,2.443040909004212,low_confidence
pqr_0012,CC1=C(Oc2cc(Cl)cc(C#N)c2)C(=O)[N+](Cc2[nH]nc3ncccc23)C=C1,charged_or_radical,1,2,def2-SVP,-9.87906680994246,-9.15521533588351,0.723851474058952,11.264,5.602343039903628,0.2653668508855542,low_confidence
pqr_0013,NC1=Cc2ccccc2[NH+]C1=S,charged_or_radical,1,2,def2-SVP,-10.477859515878526,-9.012772372105449,1.4650871437730784,6.741,5.334863351141454,4.011879596784739,low_confidence
pqr_0014,COc1ccc(-c2cc(=O)c3c(OC)cc(OC)c(OC)c3[oH+]2)cc1,charged_or_radical,1,1,"6-31G(d,p)",-9.051366451740314,-5.295865897925217,3.755500553815098,8.299,5.632548146583334,2.2974125102976792,low_confidence
pqr_0015,O=C1[NH+]c2ccc([N+](=O)[O-])cc2[NH+]C1=O,charged_or_radical,2,3,"6-31G(d,p)",-16.549943344744253,-15.606990250670464,0.9429530940737894,7.755999999999999,5.517466457664355,3.5187520218031567,low_confidence
pqr_0016,O=c1ccc2ccc(OS(=O)(=O)O)cc2[oH+]1,charged_or_radical,1,1,def2-SVP,-11.272935553504244,-7.2728950090418785,4.000040544462368,7.95,5.538988094429859,2.7700739190402848,low_confidence
pqr_0017,COC1=C(C)C(=O)C2=CC(=O)[N+](C)C=C2C1=O,charged_or_radical,1,2,"6-31G(d,p)",-10.944591930256127,-10.118273352850853,0.8263185774052741,7.955,5.4802480889612095,3.455980573169932,low_confidence
pqr_0018,COc1ccc(-c2[oH+]c3cc(OC)c(O)c(O)c3c(=O)c2O)cc1,charged_or_radical,1,1,"6-31G(d,p)",-9.059300757435604,-5.363161618856023,3.696139138579579,7.94,5.536994838182665,2.784606383194705,low_confidence
pqr_0019,O=c1cc(-c2ccc3c(c2)OCO3)[oH+]c2ccccc12,charged_or_radical,1,1,"6-31G(d,p)",-9.32007237162548,-6.021333200046748,3.2987391715787324,11.176,5.381434270105053,0.402698359548582,low_confidence
pqr_0020,O=C1c2ccccc2N=C[N+]1c1nn[nH]n1,charged_or_radical,1,2,"6-31G(d,p)",-11.892110965692252,-10.312664475168262,1.5794464905239902,7.980999999999999,5.562486747316136,2.835389144012267,low_confidence
pqr_0021,COc1cc(O)c2c(=O)c(O)c(-c3ccc(OC)c(O)c3)[oH+]c2c1,charged_or_radical,1,1,"6-31G(d,p)",-8.917177560342624,-5.641826611772372,3.275350948570253,8.434,5.541854596708955,2.306827484768778,low_confidence
pqr_0022,COc1ccc2cc(C(C)=O)c(=O)[oH+]c2c1,charged_or_radical,1,1,"6-31G(d,p)",-10.186158637562432,-6.906387100492674,3.2797715370697578,11.064,5.356678625998821,0.2967112613457203,low_confidence
pqr_0023,COc1cc(-c2[oH+]c3cc(OC)c(OC)c(O)c3c(=O)c2OC)ccc1O,charged_or_radical,1,1,"6-31G(d,p)",-8.621321609967247,-5.229673877087936,3.391647732879312,7.697,5.671662751455109,2.951141322860999,low_confidence
pqr_0024,Cc1cc(N)[n+]2[nH]cnc2n1,charged_or_radical,1,1,"6-31G(d,p)",-10.933770069103875,-5.818856006812296,5.114914062291579,8.605,5.613834126686975,2.354624017709977,low_confidence
pqr_0025,COc1cc([C@H]2Oc3ccc(-c4cc(=O)c5c(O)cc(O)cc5[oH+]4)cc3O[C@@H]2CO)ccc1O,charged_or_radical,1,1,"6-31G(d,p)",-7.367097407823601,-5.629943015933126,1.7371543918904755,7.960999999999999,5.568482039231952,2.9582127300529395,low_confidence
pqr_0026,O=c1[oH+]c2ccc3ccccc3c2cc1-c1ccccc1,charged_or_radical,1,1,"6-31G(d,p)",-9.334264572395536,-6.429886951960043,2.9043776204354934,7.698,5.297728523514244,3.121423926988351,low_confidence
pqr_0027,O=c1c(O)c(-c2ccc(O)cc2)[oH+]c2cc(O)cc(O)c12,charged_or_radical,1,1,"6-31G(d,p)",-9.301333524980604,-5.521311292570528,3.7800222324100776,7.501,5.477359684089931,3.25726434596527,low_confidence
pqr_0028,O=C1C2=C(NCCCN3CCN(CCCNC4=C5C(=O)c6ccccc6[N+]6=NN=C(C=C4)[C@@H]56)CC3)C=CC3=NN=[N+](c4ccccc41)[C@@H]32,charged_or_radical,2,1,"6-31G(d,p)",-9.883598391155177,-9.480469970938492,0.4031284202166826,9.593,5.57829187890904,1.7799404315301146,low_confidence
pqr_0029,Cc1nccc2c1C=CC(=O)[NH+]2,charged_or_radical,1,2,"6-31G(d,p)",-11.735030755091424,-10.45234232210372,1.2826884329877046,11.416,5.455395247052612,0.258379358667069,low_confidence
pqr_0030,COc1c(OC)c(O)c2c(=O)cc(-c3ccc(O)cc3)[oH+]c2c1OC,charged_or_radical,1,1,"6-31G(d,p)",-9.098649198927523,-5.574078610018265,3.5245705889092585,7.836,5.5370367661041655,2.818778289164017,low_confidence
pqr_0031,COc1cc2ccc(=O)[oH+]c2c(OC)c1O,charged_or_radical,1,1,"6-31G(d,p)",-9.926841902353816,-6.39661186457003,3.5302300377837867,10.719,5.56683510407941,0.2563248276554066,low_confidence
pqr_0032,CC(=O)C[C@H](c1ccco1)c1c(O)c2ccccc2[oH+]c1=O,charged_or_radical,1,1,"6-31G(d,p)",-8.010603520022501,-6.447852120326465,1.5627513996960354,7.755000000000001,5.545507551389881,3.32121559492842,low_confidence
pqr_0033,CCN(CC)c1ccc2c(C)c(-c3ccc(N4C(=O)C=CC4=O)cc3)c(=O)[oH+]c2c1,charged_or_radical,1,1,"6-31G(d,p)",-8.69082580088264,-5.752907844275872,2.937917956606769,6.78,5.580605362382765,4.142221185771416,low_confidence
pqr_0034,Cc1cc(=O)[oH+]c2cc3c(cc12)CCO3,charged_or_radical,1,1,"6-31G(d,p)",-10.098240215480644,-6.300842601838903,3.79739761364174,8.158,5.608822079644523,2.7165847909860688,low_confidence
pqr_0035,O=C=Nc1c(C[NH2+]O)ccc(Cl)c1Cl,charged_or_radical,1,1,def2-SVP,-10.581303169677888,-5.49644549964328,5.084857670034608,8.028,5.485319278182298,3.3545120217997084,low_confidence
pqr_0036,O=C(O)Cc1cc(=O)[oH+]c2cc(O)ccc12,charged_or_radical,1,1,"6-31G(d,p)",-10.448245894918209,-6.625965209506248,3.822280685411961,8.254999999999999,5.581990444362797,2.817478055521093,low_confidence
pqr_0037,C[N+]1C(=O)C2=C([NH+]C(=O)C(C=O)=N2)[N+](C)C1=O,charged_or_radical,3,4,"6-31G(d,p)",-20.584929490465317,-19.708711918072776,0.8762175723925377,11.233,5.672888432117427,0.2126329757851657,low_confidence
pqr_0038,COc1cc(O)c2c(=O)c(OC)c(-c3ccccc3)[oH+]c2c1,charged_or_radical,1,1,"6-31G(d,p)",-9.640103729904874,-5.723212532048227,3.916891197856648,7.956,5.51994096976847,2.7644503172258137,low_confidence
pqr_0039,Nc1[oH+]c2ccccc2c(=O)c1C=O,charged_or_radical,1,1,"6-31G(d,p)",-10.389630636857593,-6.260733548152524,4.128897088705069,11.890999999999998,5.196812044137737,0.9994305708525636,low_confidence
pqr_0040,Cc1ccccc1-c1c[oH+]c2cc(OCC(=O)O)cc(Cl)c2c1=O,charged_or_radical,1,1,def2-SVP,-9.527494120769935,-6.237300711534027,3.290193409235908,8.306000000000001,5.544597094336559,2.770235468953372,low_confidence
pqr_0041,O=C1[NH+]C=C(Cc2ccccc2)C(=O)[NH+]1,charged_or_radical,2,3,"6-31G(d,p)",-15.606068895361584,-14.355135153139145,1.2509337422224387,8.967,5.674789980873024,2.164748456338595,low_confidence
pqr_0042,O=c1[oH+]c(-c2ccc(O)c(O)c2)cc2cc(O)cc(O)c12,charged_or_radical,1,1,"6-31G(d,p)",-9.134135766675543,-5.724785351809291,3.4093504148662515,11.819,5.440616608638589,0.9411512385940012,low_confidence
pqr_0043,O=C1C=CC(Cc2ccc(Cl)c(Oc3ccccc3)c2F)=N[NH+]1,charged_or_radical,1,2,def2-SVP,-9.891539952946546,-9.31490889684476,0.5766310561017853,11.324000000000002,5.527125130771889,0.3767882410392218,low_confidence
pqr_0044,O=C(O)C1=CC(=O)[N+](O)C=C1,charged_or_radical,1,2,"6-31G(d,p)",-12.25393866831652,-11.16683605665739,1.0871026116591298,8.056000000000001,5.649603397759829,3.443353858143704,low_confidence
pqr_0045,CC(C)c1oc2cc3[oH+]c(=O)ccc3cc2c1O,charged_or_radical,1,1,"6-31G(d,p)",-9.1866261852991,-6.507143497927921,2.679482687371178,11.534,5.569299481544228,0.905789961063217,low_confidence
pqr_0046,CCN(C)c1cc(=O)c2c(ccc3ccccc32)[oH+]1,charged_or_radical,1,1,"6-31G(d,p)",-9.349644238666334,-5.58220229229697,3.767441946369364,8.081999999999999,5.436809506097251,2.891377714530668,low_confidence
pqr_0047,CNc1nc(Br)c[n+]2cc(C#N)[nH]c12,charged_or_radical,1,1,def2-SVP,-10.55787016036916,-6.677776606202109,3.8800935541670527,7.829000000000001,5.604637399056903,2.854860781812942,low_confidence
pqr_0048,O=C=C1C2=NC=CCC(C#CN3C=CC4(C=C3)NC[NH2+]Oc3ccccc34)=C2c2ccc(Cl)c(Cl)c21,charged_or_radical,1,1,def2-SVP,-7.571104445698918,-4.7312546303119065,2.8398498153870104,6.553,5.4553465916112565,4.348653368865517,low_confidence
pqr_0049,CC(C)=CCc1c(O)cc(O)c2c(=O)cc(-c3ccc(O)cc3)[oH+]c12,charged_or_radical,1,1,"6-31G(d,p)",-9.340006083501285,-5.568192019479429,3.771814064021853,8.442,5.518451181182269,2.476337880020901,low_confidence
pqr_0050,COc1ccc(-c2[oH+]c3c(OC)c(OC)ccc3c(=O)c2OC)cc1O,charged_or_radical,1,1,"6-31G(d,p)",-8.724046194588901,-5.408130422683324,3.3159157719055763,7.714,5.744541641693319,2.8734193262473315,low_confidence
pqr_0051,CCc1cc(OC)c2c(c1)c(=O)[oH+]c1c2cc(OC)c2c(O)ccc([C@H]3O[C@H]([C@@H](C)O)[C@H](O)[C@H]3O)c21,charged_or_radical,1,1,"6-31G(d,p)",-8.465388154208235,-5.602174205557281,2.863213948650953,7.018999999999999,5.926199511528707,3.687188452479293,low_confidence
pqr_0052,Nc1[nH]c(=O)c2cc(CNc3ccc(C(=O)N[C@@H](CCC(=O)O)C(=O)O)cc3)ccc2[nH+]1,charged_or_radical,1,1,"6-31G(d,p)",-7.82987874333345,-5.720537707361794,2.109341035971656,7.699000000000001,5.838493791595181,3.2015373870809656,low_confidence
pqr_0053,COc1ccc(-c2c[oH+]c3cc4c(c(O)c3c2=O)C=CC(C)(C)O4)cc1,charged_or_radical,1,1,"6-31G(d,p)",-8.537401985532568,-5.431954618997079,3.1054473665354894,8.0,5.682413890878574,2.851386625376588,low_confidence
pqr_0054,CCCOc1[oH+]c(=O)c2cc(NC(=O)Nc3ccccc3)ccc2c1Cl,charged_or_radical,1,1,def2-SVP,-8.157380528562374,-6.211200152944786,1.9461803756175884,10.577,5.7487417392084215,0.2137449081331937,low_confidence
pqr_0055,CC(C)CC[N+]1C(=O)/C(=C2/Nc3ccc(NS(C)(=O)=O)cc3S(=O)(=O)N2)C(=O)[C@H]2CCCN21,charged_or_radical,1,2,def2-SVP,-9.436064781169703,-8.8890648965635,0.5469998846062025,7.590999999999999,5.776252518742502,3.5986133014082267,low_confidence
pqr_0056,CC[C@H](C)C1=C(O)[N+]2(O)Oc3ccc(C4=C(O)C(=O)C(c5ccc(O)cc5)=C(O)C4=O)cc3O[C@@]2([C@@H](C)CC)C(=O)N1O,charged_or_radical,1,1,"6-31G(d,p)",-7.798736953005309,-5.411720577409839,2.38701637559547,9.973,5.775478357292621,1.0560913137188894,low_confidence
pqr_0057,Nc1[nH]c(=O)c2c([nH+]1)NCC(CNc1ccc(C(=O)N[C@H](CCC(=O)O)C(=O)O)cc1)=N2,charged_or_radical,1,1,"6-31G(d,p)",-7.741025822647634,-5.84926837531486,1.8917574473327743,7.935,5.89676834752739,3.0396731123840883,low_confidence
pqr_0058,N#Cc1ccccc1C[N+]1C(=O)c2ccccc2N=C1N1CCC[C@@H](N)C1,charged_or_radical,1,2,"6-31G(d,p)",-9.534972069335993,-8.396585044403661,1.1383870249323311,11.19,5.911995740553824,0.2526793128382163,low_confidence
pqr_0059,CO[C@H]1C[C@H]2[C@@H](C[C@@H]1Cc1cccc(Cl)c1F)C(=O)[C@@H](C(=O)O)C[N@@H+]2[C@H](CO)C(C)C,charged_or_radical,1,1,def2-SVP,-9.21324271327028,-4.423101522962405,4.790141190307876,11.075,5.803759640245376,0.0082073118934413,low_confidence
pqr_0060,O=C1[NH+]C(c2ccc(NCC3CCNCC3)cc2Cl)=Nc2c1oc1ccc(Br)cc21,charged_or_radical,1,2,def2-SVP,-8.86669696288449,-8.39834335730143,0.4683536055830598,7.692,5.812674129519237,3.337310904338569,low_confidence
pqr_0061,COc1cc2c(c3[oH+]c4c(O)cccc4c(=O)c13)C[C@H]([C@@]1(C)CO1)O2,charged_or_radical,1,1,"6-31G(d,p)",-9.597864062696315,-5.693159525248777,3.904704537447539,8.227,5.8595299899314375,2.6374512837565387,low_confidence
pqr_0062,COc1c(-c2ccc(O)c(O)c2)[oH+]c2c(CC=C(C)C)c(O)c(CC=C(C)C)c(O)c2c1=O,charged_or_radical,1,1,"6-31G(d,p)",-8.393158556878857,-5.227050408019428,3.166108148859429,10.706,5.738752052296754,0.2992642427839573,low_confidence
pqr_0063,CC1=CC(C)=NC(=S)[NH+]1,charged_or_radical,1,2,def2-SVP,-11.843236260061758,-9.996271734315362,1.846964525746394,7.095,5.88733952608842,4.522690339710297,low_confidence
pqr_0064,C=C(C)[C@@H](O)Cc1c(O)c(CC=C(C)C)c2[oH+]cc(-c3ccc(O)c(O)c3)c(=O)c2c1O,charged_or_radical,1,1,"6-31G(d,p)",-8.351397767551065,-5.54926048790692,2.8021372796441466,8.691,5.701462753442977,2.534239195923801,low_confidence
pqr_0065,COc1cc2[oH+]c3c(c(=O)c2cc1OC)C(=O)c1c(ccc2cc4c(c(O)c12)C(=O)N1[C@@](C)(C4)OC(=O)[C@]1(C)COC(=O)C(C)C)C3=O,charged_or_radical,1,1,"6-31G(d,p)",-8.035973689091552,-7.356621581531963,0.6793521075595891,7.081,5.783257287781106,3.8043134098741422,low_confidence
pqr_0066,COc1cc(O)c(CC=C(C)C)c2[oH+]c(-c3ccc(O)cc3)c(O)c(=O)c12,charged_or_radical,1,1,"6-31G(d,p)",-9.047895074043009,-5.208472470120965,3.839422603922044,8.05,5.723107953877342,2.9119260435190366,low_confidence
pqr_0067,Cc1cc(C)cc(-[n+]2c3c(nc4cc(C)c(C)cc42)C(=O)[N+](C)C(=O)N3)c1,charged_or_radical,2,2,"6-31G(d,p)",-13.412499563658784,-12.917185110429353,0.4953144532294305,7.366,5.849438073352926,3.725896900922841,low_confidence
pqr_0068,CC1(C)C=C([N+]2C=CC=CC2=O)c2cc(C#N)ccc2O1,charged_or_radical,1,2,"6-31G(d,p)",-10.134792854819436,-9.170827839387064,0.9639650154323722,8.087,5.694522994724131,2.9200298903359254,low_confidence
pqr_0069,O=C1[NH+]C(=O)C([N+](=O)[O-])=C(C(=O)O)[NH+]1,charged_or_radical,2,3,"6-31G(d,p)",-17.773192590348213,-16.57254014520047,1.2006524451477412,11.954,5.772606225705118,0.4950440254613415,low_confidence
pqr_0070,O=c1cc(C(F)(F)F)c2ccc(OCc3ccccc3)cc2[oH+]1,charged_or_radical,1,1,"6-31G(d,p)",-9.393541382879082,-6.977622087971541,2.4159192949075408,7.882,5.726110489092432,2.97787085130938,low_confidence
pqr_0071,Nc1[nH]c(=O)c2nc(CCCc3ccc(C(=O)N[C@@H](CCC(=O)O)C(=O)O)cc3)cnc2[nH+]1,charged_or_radical,1,1,"6-31G(d,p)",-9.121605165675216,-6.0303987781469175,3.0912063875282976,8.404,5.917925385935153,2.538488921533027,low_confidence
pqr_0072,Cc1c[nH]c2c(NCc3ccncc3)ncc[n+]12,charged_or_radical,1,1,"6-31G(d,p)",-9.19233618753908,-5.858001909562727,3.3343342779763523,10.942,5.69120885425623,0.3457247263572292,low_confidence
pqr_0073,Cc1ccc2[nH]c(-c3ccc(C(=O)O)cc3)c(CC(=O)N(C)C)[n+]2c1,charged_or_radical,1,1,"6-31G(d,p)",-9.092979801750332,-5.294784297633288,3.798195504117043,7.908,5.809683583987481,3.12928608880455,low_confidence
pqr_0074,O=c1c(O)c(CCCCCO)[oH+]c2ccccc12,charged_or_radical,1,1,"6-31G(d,p)",-10.392228602053882,-6.008742746511786,4.383485855542095,8.285,5.866248045905811,2.588025930704076,low_confidence
pqr_0075,COc1ccc2[nH]cc(CCNC(=O)c3cc(=O)cc[oH+]3)c2c1,charged_or_radical,1,1,"6-31G(d,p)",-8.002108866392105,-6.707206919445467,1.294901946946638,7.758,5.7339555058825615,3.147527812524639,low_confidence
pqr_0076,COc1cc2c(c3[oH+]c(C(=O)O)cc(=O)c13)C=CC(C)(C)O2,charged_or_radical,1,1,"6-31G(d,p)",-9.5238181977238,-6.839191592490487,2.684626605233314,7.683,5.875720077670652,3.3377078077984024,low_confidence
pqr_0077,C\C=C(C)/C=C(C)/C=C(C)/C=C/C=C/C=C/c1[oH+]c(=O)cc(OC)c1C,charged_or_radical,1,1,"6-31G(d,p)",-7.432823094548756,-5.871246649569641,1.5615764449791152,7.361999999999999,5.7854509959901,3.503645014812398,low_confidence
pqr_0078,O=c1[oH+]c2ccccc2c(O)c1Cc1c(O)c2ccccc2[oH+]c1=O,charged_or_radical,2,1,"6-31G(d,p)",-12.689718280804534,-8.628070156328793,4.061648124475743,8.398,5.68000397782989,2.371899552355927,low_confidence
pqr_0079,C/C(=N\NC(=N)[NH+]O)c1ccc(NC(=O)Nc2ccc(/C(C)=N/N/C(N)=N/O)cc2)cc1,charged_or_radical,1,2,"6-31G(d,p)",-7.525801469934609,-7.216031100778506,0.3097703691561022,11.11,5.747817205986359,0.2893245908270572,low_confidence
pqr_0080,CC1(C)C[C@H]1c1cc2cc3ccoc3cc2[oH+]c1=O,charged_or_radical,1,1,"6-31G(d,p)",-9.845614586007674,-6.313220740102056,3.532393845905617,7.972,5.786101419053611,2.955327909080244,low_confidence
pqr_0081,COc1ccc(C2=Cc3c(OC)cc(OC)cc3[N+](CCc3nn[nH]n3)C2=O)cc1,charged_or_radical,1,2,"6-31G(d,p)",-9.294491632588482,-8.047414146246703,1.2470774863417795,11.193,5.797540901513824,0.2864792375076046,low_confidence
pqr_0082,CC[C@@]1(O)C(=O)OCC2=C1C=C1c3nc4cc5c(cc4cc3C[N+]1C2=O)OCO5,charged_or_radical,1,2,"6-31G(d,p)",-9.867081652807736,-8.708112181759573,1.1589694710481626,7.416,5.88901641555581,3.5748517894181475,low_confidence
pqr_0083,Nc1c(N2CCc3ccc(CNC(=O)C4=Nc5sc6c(c5C(=O)[NH+]4)CCS(=O)(=O)C6)cc3C2)c(=O)c1=O,charged_or_radical,1,2,def2-SVP,-9.080925547851525,-8.815622061194563,0.2653034866569608,6.405999999999999,5.852083881906399,4.695869656392876,low_confidence
pqr_0084,CCO[C@@H](O)c1c[nH][n+]2ccccc12,charged_or_radical,1,1,"6-31G(d,p)",-10.336882173538738,-5.71335571456693,4.623526458971808,7.922000000000001,5.884058525744396,2.864298284914071,low_confidence
pqr_0085,COc1cc2cc(-c3cc4cc(O)c(O)cc4[oH+]c3=O)c(=O)[oH+]c2c(OC)c1O,charged_or_radical,2,1,"6-31G(d,p)",-11.780157533945967,-8.773228275757244,3.006929258188723,7.1080000000000005,5.709972102069801,3.612158366422525,low_confidence
pqr_0086,CCN(CC)Cc1cc(-c2c[oH+]c3ccc(OC)cc3c2=O)ccc1O,charged_or_radical,1,1,"6-31G(d,p)",-7.73514685412677,-5.926985475324234,1.8081613788025368,7.895999999999999,5.789089919780729,2.955010308679979,low_confidence
pqr_0087,COc1c(-c2ccc3cc(NS(C)(=O)=O)ccc3c2)cc([N+]2C=CC(=O)[NH+]C2=O)cc1C(C)(C)C,charged_or_radical,2,3,def2-SVP,-12.56704191396484,-11.983770763632808,0.5832711503320336,10.763000000000002,5.890900314933081,0.2363404410604985,low_confidence
pqr_0088,C[C@@H]1O[C@@H](Oc2c(-c3ccc(O)c(O)c3)[oH+]c3cc(O)cc(O)c3c2=O)[C@H](O)[C@H](O)[C@H]1O,charged_or_radical,1,1,"6-31G(d,p)",-8.92017302668727,-5.323198758800978,3.596974267886292,8.144,5.826405009606647,2.906333048678924,low_confidence
pqr_0089,C#CCCC[n+]1cnc(N)c2[nH]c(Sc3ccc(C)cc3C)nc21,charged_or_radical,1,1,def2-SVP,-9.27616711367682,-5.795772758070237,3.480394355606584,8.866,5.818343783558214,1.7256355860431205,low_confidence
pqr_0090,N=C(N)[NH+]OCCNC(=O)Cc1c(Cl)ccc(NCC(F)(F)c2ccccc2)c1F,charged_or_radical,1,2,def2-SVP,-9.489409641186862,-8.91687760232682,0.5725320388600411,8.041,5.837560495276935,2.9120665449046257,low_confidence
pqr_0091,COc1cc(C)c2c(OC)cc(=O)[oH+]c2c1-c1c(O)cc(C)c2c(OC)cc(=O)[oH+]c12,charged_or_radical,2,1,"6-31G(d,p)",-12.615269088631912,-8.630062387236753,3.985206701395159,8.166,5.814936787079924,2.4714721073198405,low_confidence
pqr_0092,O=C(O)[C@@H]1CC(=O)[C@H]2CC[C@@H](Cl)C[C@@H]2[NH2+]1,charged_or_radical,1,1,def2-SVP,-10.962092522208108,-5.442275766230283,5.519816755977824,10.866,5.814895923281913,1.5441537758920738,low_confidence
pqr_0093,CC(=O)Cc1cc(=O)c2c(C)cc(O)c([C@@H]3O[C@H](CO)[C@@H](O)[C@H](O)[C@H]3OC(=O)/C=C/c3ccc(O)cc3)c2[oH+]1,charged_or_radical,1,1,"6-31G(d,p)",-7.939368586769133,-5.536050602863584,2.403317983905549,11.390999999999998,5.853569011085267,0.4467868749682484,low_confidence
pqr_0094,CC[C@@]1(O)CC(=O)OCC2=C1C=C1c3nc4cc(F)c(F)cc4cc3C[N+]1C2=O,charged_or_radical,1,2,"6-31G(d,p)",-9.949904170649182,-8.979527951307015,0.9703762193421686,7.336,5.840204135704723,3.7169501871533495,low_confidence
pqr_0095,Cc1cccc(-c2[nH]c(N(C)c3cccc(C#N)c3)nc2-c2ccc3nc[nH][n+]3c2)n1,charged_or_radical,1,1,"6-31G(d,p)",-7.822813778074552,-5.217093872436982,2.605719905637569,9.247,5.686959733481227,1.487938192411086,low_confidence
pqr_0096,C[C@H]1[C@H](C)Oc2c3c(c4c(-c5ccccc5)cc(=O)[oH+]c4c2[C@H]1O)OC(C)(C)C=C3,charged_or_radical,1,1,"6-31G(d,p)",-9.087291952887584,-5.757387749967991,3.32990420291959,8.052,5.878942392194729,3.0676206411686096,low_confidence
pqr_0097,O=C1c2ccccc2N=C2CCCCC[N+]12,charged_or_radical,1,2,"6-31G(d,p)",-11.437139917065796,-9.753114923466224,1.684024993599571,8.396999999999998,5.75436552471715,3.0066072234438934,low_confidence
pqr_0099,COc1cccc2[oH+]c3cc4c(c(O)c3c(=O)c12)[C@@H]1CCC[C@](C)(O4)O1,charged_or_radical,1,1,"6-31G(d,p)",-9.18558346188764,-5.144506902198366,4.041076559689276,8.316,5.880859775488414,2.6504708086501747,low_confidence
pqr_0100,CC(C)=CCc1c(O)cc(O)c2c(=O)c(O[C@@H]3O[C@H](C)[C@H](O)[C@H](O)[C@@H]3O)c(-c3ccc(O)cc3)[oH+]c12,charged_or_radical,1,1,"6-31G(d,p)",-8.861897722748347,-5.297743879718469,3.564153843029879,8.134,5.9418981780776985,2.7475018239961777,low_confidence
pqr_0101,CN1[C@@H]2C(=O)[N+](Cc3cccc(N)c3)NC[C@@H]2[C@@H]2S[C@@H]([S@@](C)=O)C[C@@H]21,charged_or_radical,1,2,def2-SVP,-8.565009750669171,-8.144511594682264,0.4204981559869064,7.31,6.060953883951914,3.772795280171944,low_confidence
pqr_0102,CCCCCCCC[C@H]1CCC(=O)[C@H]2[NH2+][C@H](C)[C@H](OC)C(=O)[C@@H]12,charged_or_radical,1,1,"6-31G(d,p)",-9.773219284317385,-5.277426106178642,4.495793178138742,10.525,5.980137770811849,1.7251579778762878,low_confidence
pqr_0103,COc1cc2c3cc1Oc1c(OC)c(OC)cc4c1[C@H](Cc1ccc(O)c(c1)-c1cc(ccc1OC)C[C@@H]3N(C)CC2)[N@+](C)(O)CC4,charged_or_radical,1,1,"6-31G(d,p)",-7.781310235817879,-3.0926384946404832,4.688671741177396,8.112,6.033740239428171,2.715649665739148,low_confidence
pqr_0104,O=CC1=C[N+]([C@H]2C[C@H](O)[C@@H](COP(=O)(O)O)O2)C(=O)[NH+]C1=O,charged_or_radical,2,3,def2-SVP,-14.48450385646186,-13.835742149676186,0.648761706785675,9.18,6.079706446035305,2.5151566343581138,low_confidence
pqr_0105,CC(=O)N[C@H]1[C@@H](O[P@](=O)(O)O[P@@](=O)(O)OC[C@@H]2O[C@@H]([N+]3C=CC(=O)[NH+]C3=O)[C@@H](O)[C@H]2O)O[C@H](C(=O)O)[C@@H](O)[C@@H]1/N=C/c1c(COP(=O)(O)O)cnc(C)c1O,charged_or_radical,2,3,def2-SVP,-12.443938421551756,-11.965524963518206,0.4784134580335495,7.439000000000001,6.1555788566035625,3.645517689298248,low_confidence
pqr_0106,N[C@H]1N[C@@H]2C(=O)NC[N@@H+](Cc3ccccc3)[C@@H]2N1,charged_or_radical,1,1,"6-31G(d,p)",-9.359560541919803,-4.237714483016663,5.121846058903142,8.44,6.0265643652299925,2.481681605876373,low_confidence
pqr_0107,COc1ccc2[oH+]c3cc(O[C@@H]4O[C@H](CO)[C@@H](O)[C@H](O)[C@H]4O)cc(O)c3c(=O)c2c1,charged_or_radical,1,1,"6-31G(d,p)",-8.826540376415135,-5.3543707350132514,3.4721696414018832,7.944000000000001,5.933434988533833,2.938264514189936,low_confidence
pqr_0108,O=C1[NH+]C(=O)[N+]([C@@H]2O[C@H](CO[P@](=O)(O)OP(=O)(O)O)[C@@H](O)[C@H]2O)C=C1c1ccccc1,charged_or_radical,2,3,def2-SVP,-13.873196732670513,-13.275130969031933,0.5980657636385802,8.103,5.9932373616735335,2.6343281855068152,low_confidence
pqr_0109,O=C1[NH+]C(=O)[N+]([C@H]2CCC[S@@]2=O)C=C1F,charged_or_radical,2,3,def2-SVP,-16.517600167931608,-15.070397966695058,1.447202201236552,11.197,6.093611118731835,0.4696929220861641,low_confidence
pqr_0110,N[N+]1C(=O)C2=C(CCCC2)N=C1CCCCN1CCN(c2ccc3ccccc3n2)CC1,charged_or_radical,1,2,"6-31G(d,p)",-8.795763935607459,-7.950739154429878,0.8450247811775806,7.827,5.979782909437697,3.2738714618508205,low_confidence
pqr_0111,CCO[P@](S)(N[C@H](C)CC)Oc1cc(C)ccc1[N+](=O)[O-],charged_or_radical,0,2,def2-SVP,-2.94883477741282,-2.2089163479397325,0.7399184294730871,12.125,6.084695296894184,0.9627754150931248,low_confidence
pqr_0112,CC(=O)O[C@H]1C[C@H]([N+]2C=C(C)C(=O)[NH+]C2=O)O[C@@H]1CO[P@@](=O)(O)O[P@@](=O)(O)Oc1ccccc1,charged_or_radical,2,3,def2-SVP,-12.657023820198626,-12.268934401331167,0.3880894188674593,10.557,6.046739398746653,0.3754967181824167,low_confidence
pqr_0113,COC(=O)[C@H]1[C@@H](C[C@H]2CC[C@H](S(=O)(=O)CCO)CC2)C(=O)[C@H]2CC[C@@H](F)C[C@H]2[N@@H+]1C1CCCCC1,charged_or_radical,1,1,def2-SVP,-9.238453431542672,-4.956734984724802,4.28171844681787,7.682,5.937409152901061,4.643539087752382,low_confidence
pqr_0114,CC(C)=C[C@H](O)C/C(C)=C/CC/C(C)=C/C[C@H]1C(=O)[C@H]2CCCC[C@@H]2[N@@H+](O)[C@@H]1C,charged_or_radical,1,1,"6-31G(d,p)",-7.779857357021759,-4.216883924052187,3.5629734329695726,11.179,6.006574573150031,0.6549157139696202,low_confidence
pqr_0115,C[N@H+]1CCC(=O)[C@H](C#N)C1,charged_or_radical,1,1,"6-31G(d,p)",-11.28802156956365,-5.51666402645832,5.771357543105331,8.439,6.093203002032212,3.935806598515845,low_confidence
pqr_0116,CC(C)/N=C(N)/N=C(\N)[NH+]OCCCOc1cc(Cl)c(Cl)cc1Cl,charged_or_radical,1,2,def2-SVP,-8.874650859227453,-8.567092677288949,0.3075581819385045,8.161,5.988719196531562,2.7271248464506286,low_confidence
pqr_0117,CCN1CCN(c2ccc(C(C)(C)NC(=O)[C@H]3C[C@@H]4[NH2+][C@@H]5CCCC[C@H]5C(=O)[C@H]4C[C@H]3F)cn2)CC1,charged_or_radical,1,1,"6-31G(d,p)",-6.76758178754146,-4.662914223672836,2.1046675638686247,7.222,6.039360405806302,3.806293869543625,low_confidence
pqr_0118,CC1=C[N+]([C@H]2C[C@H](O)[C@@H](CO)O2)C(=O)[N+](Cc2ccccc2)C1=O,charged_or_radical,2,3,"6-31G(d,p)",-13.27715212129375,-12.77337864630218,0.5037734749915689,9.03,6.14898113489752,1.718415240980926,low_confidence
pqr_0119,CCOC(=O)N1CCN(C(=O)[C@H](Cc2cccc(/C=N/[NH+]O)c2)NS(=O)(=O)c2c(C(C)C)cc(C(C)C)cc2C(C)C)CC1,charged_or_radical,1,2,def2-SVP,-8.987938396622782,-8.703138471296228,0.2847999253265541,8.537,6.073556302292365,2.480703152959439,low_confidence
pqr_0120,CN1[C@@H]2CC[C@H]1CN([C@@H]1C[C@@H]3[C@H](C[C@@H]1F)C(=O)[C@H](C(=O)O)C[N@H+]3C1CC1)C2,charged_or_radical,1,1,"6-31G(d,p)",-7.942513577901144,-4.940174657111255,3.0023389207898883,11.124,6.170774234334771,1.056547253845732,low_confidence
pqr_0121,C[C@H]1COC2(CCN(c3nc(=O)c4cc(C(F)(F)F)cc([NH+]O)c4s3)CC2)O1,charged_or_radical,1,2,def2-SVP,-9.993134868338236,-9.406856690171075,0.5862781781671581,10.861,6.163204225312474,0.07381714809142,low_confidence
pqr_0122,O=C1[NH+]C(=O)C2=C(CCC2)[NH+]1,charged_or_radical,2,3,"6-31G(d,p)",-17.822300288105744,-16.456470634084738,1.365829654021006,9.047,6.188679369054766,2.561119255767686,low_confidence
pqr_0123,CN(C=O)C1=C(N)[N+](C)C(=O)[NH+]C1=O,charged_or_radical,2,3,"6-31G(d,p)",-16.194535490854374,-15.176483815472007,1.0180516753823678,8.924,6.038601704741455,2.6101808106479147,low_confidence
pqr_0124,CCCC[C@@H]1C[C@H]2C(=O)[C@@H](C(=O)OC)C[NH2+][C@H]2C[C@H]1OCCOC1CCCCC1,charged_or_radical,1,1,"6-31G(d,p)",-8.69049311765351,-4.61556080721609,4.07493231043742,11.164,6.140576116855742,1.0309638355415256,low_confidence
pqr_0125,C[N+](C)(C)[C@@H](Cc1c[nH]c2ccccc12)C(=O)O,charged_or_radical,1,1,"6-31G(d,p)",-8.03758996176875,-4.650842316757834,3.3867476450109177,8.327,5.967503311826844,2.716808533071015,low_confidence
pqr_0126,CC(=O)N[C@H]1[C@@H](O[P@@](=O)(O)O[P@@](=O)(O)OC[C@H]2O[C@@H]([N+]3C=C(c4ccc(C=O)s4)C(=O)[NH+]C3=O)[C@H](O)[C@@H]2O)O[C@H](CO)[C@H](O)[C@@H]1O,charged_or_radical,2,3,def2-SVP,-12.363238116616142,-11.46324619783467,0.899991918781473,7.716999999999999,6.03681487660004,3.275435128965228,low_confidence
pqr_0127,CCCC[C@H](SC1=Nc2ccccc2C(=O)[N+]1c1cccc(Cl)c1)C(=O)N1CCC[C@]2(CCCNC2)C1,charged_or_radical,1,2,def2-SVP,-9.248248957965307,-8.578344903767228,0.669904054198082,7.619999999999999,6.035468817959571,3.4896514010805486,low_confidence
pqr_0128,CCN1C[C@H](C)N2[C@@H]3[C@@H](C(=O)[N+](Cc4ccc(F)c(Cl)c4)N[C@@H]3N3CCN(C)S3(=O)=O)[C@@H](O)[C@H]2C1=O,charged_or_radical,1,2,def2-SVP,-9.556310694457265,-8.88233825460981,0.6739724398474539,10.756,6.076140839431515,0.2830466539856786,low_confidence
pqr_0129,CN1c2c([nH+]c(N)[nH]c2=O)NC[C@@H]1CNc1ccc(C(=O)N[C@@H](CCC(=O)N[C@@H](CCC(=O)O)C(=O)O)C(=O)O)cc1,charged_or_radical,1,1,"6-31G(d,p)",-7.720520001104766,-5.220259478098434,2.500260523006332,7.956,6.0838869918269785,3.1554309444695896,low_confidence
pqr_0130,CCc1cc(=O)[oH+]c2cc(O[C@@H]3SC[C@@H](O)[C@H](O)[C@H]3O)ccc12,charged_or_radical,1,1,def2-SVP,-8.949056947247167,-6.656083565566919,2.292973381680248,7.880000000000001,5.9673433041114485,2.8648489262138224,low_confidence
pqr_0131,COc1[oH+]c(C/C=C(\C)C/C=C/C(C)=C/[C@@H](C)O)c(C)c(=O)c1C,charged_or_radical,1,1,"6-31G(d,p)",-8.214994669665113,-5.55427577951911,2.660718890146003,9.109,6.136978233713055,1.8442287414625105,low_confidence
pqr_0132,C[C@H]1O[C@H](O[P@](=O)(O)O[P@](=O)(O)OC[C@H]2O[C@@H]([N+]3C=CC(=O)[NH+]C3=O)[C@H](O)[C@@H]2O)[C@H](O)[C@@H](O)C1=O,charged_or_radical,2,3,def2-SVP,-13.172406945860004,-12.744350824173804,0.4280561216861989,8.176,5.932143759277963,3.604987539923002,low_confidence
pqr_0133,C[C@H]1C[C@@H]2C[C@@H]3C(=O)NC(=O)N[C@H]3[N@@H+](C[C@@H](O)[C@@H](O)[C@H](O)COP(=O)(O)O)[C@@H]2CC1=O,charged_or_radical,1,1,def2-SVP,-9.48806820892274,-4.932549324645021,4.55551888427772,7.335999999999999,5.972199206394379,4.7727148482875785,low_confidence
pqr_0134,C[N+]1C(=O)c2c(ncc(C#N)c2N)[N+](C)C1=O,charged_or_radical,2,3,"6-31G(d,p)",-16.19385492302554,-14.696356508609554,1.4974984144159855,8.395000000000001,5.994680202402847,2.738699181982655,low_confidence
pqr_0135,C[N+]1=C(CCCN=C(N)N)C=[N+]2C=CC=C2C1=O,charged_or_radical,2,1,"6-31G(d,p)",-12.760772181215684,-12.198500231171652,0.562271950044033,7.899,6.04853183868687,3.6679652383166497,low_confidence
pqr_0136,COc1ccc2c(c1)C(=O)[N+](C)C(c1ccc(OC[C@H](O)CNC(C)(C)C)cc1)=N2,charged_or_radical,1,2,"6-31G(d,p)",-8.381913603895747,-7.805927108286434,0.5759864956093119,7.918,6.0575642906473846,2.8622862256635075,low_confidence
pqr_0137,CC1(C)CC(=NNC2=NC=NC3=NC=N[C@@H]32)CC(C)(C)[NH+]1O,charged_or_radical,1,1,"6-31G(d,p)",-8.605074062875424,-4.691737658206482,3.9133364046689416,10.835,6.196379838622546,1.0409661675046935,low_confidence
pqr_0138,COc1ccc(CN(CC[N+](C)(C)O)c2ccccn2)cc1,charged_or_radical,1,1,"6-31G(d,p)",-8.351542895538696,-3.530005805584014,4.821537089954682,8.495,5.9525368449084,2.075124720532917,low_confidence
pqr_0139,C[N+]1C=CC2=C(C(=O)OC2(C)C)C1=O,charged_or_radical,1,2,"6-31G(d,p)",-11.73303208124677,-10.54709950435035,1.185932576896422,8.279,5.980807725768064,3.146139119412128,low_confidence
pqr_0140,CC(C)c1cc2c(cc1-c1ccnn1C)C(=O)[N+](NS(C)(=O)=O)C(=O)[NH+]2,charged_or_radical,2,3,def2-SVP,-14.086906564996434,-13.347583813539734,0.7393227514566995,8.237,5.948062062909687,2.813538149819358,low_confidence
pqr_0141,CC1(C)CC(=NNc2ncnc3nc[nH]c23)CC(C)(C)[NH+]1O,charged_or_radical,1,1,"6-31G(d,p)",-8.29737996495372,-4.277847812265134,4.019532152688586,8.411999999999999,6.108072251572953,2.7875914902062107,low_confidence
pqr_0142,O=C(O)[C@H]1O[C@@H]([N+](O)c2ccc3ccccc3c2)[C@H](O)[C@@H](O)[C@@H]1O,charged_or_radical,1,2,"6-31G(d,p)",-9.621120396231174,-9.103426923683774,0.5176934725473984,8.311,6.064034470119438,2.5010313722530526,low_confidence
pqr_0143,CCn1c(C2=C(N)[NH+]O[NH+]2)nc2c(C#CC(C)(C)O)nc(O[C@@H](CCN)c3ccccc3)cc21,charged_or_radical,2,3,"6-31G(d,p)",-11.334704771121215,-10.6720638129074,0.6626409582138163,10.24,6.152360475395543,0.5528179683821968,low_confidence
pqr_0144,CCCOCC[N+]1C(=O)C(NCCN2CCOCC2)=Nc2ccc(-c3ccc(OC)nc3)nc21,charged_or_radical,1,2,"6-31G(d,p)",-8.792876226991467,-7.849356315947438,0.9435199110440278,7.015000000000001,6.081483267729198,3.802620495930155,low_confidence
pqr_0145,Cn1ccnc1[C@H](NC[C@H]1O[C@@H]([N+]2C=CC(=O)[NH+]C2=O)C[C@@H]1O)c1ccccc1,charged_or_radical,2,3,"6-31G(d,p)",-12.961998193225334,-12.336216405607196,0.6257817876181376,12.259,6.164803462843702,1.382493337331132,low_confidence
pqr_0146,CN(C=O)C1=C(N)[N+](C)C(=O)[N+](C)C1=O,charged_or_radical,2,3,"6-31G(d,p)",-16.167453865174522,-14.83757659950196,1.3298772656725617,8.64,6.09055476032928,2.9666320605981262,low_confidence
pqr_0147,NC(=O)[C@@H]1CCCN1C(=O)[C@@H](Cc1cnc[nH]1)NC(=O)C1=CC(=O)[NH+]C(=O)[NH+]1,charged_or_radical,2,3,"6-31G(d,p)",-13.004395503969738,-12.63989765379426,0.3644978501754773,8.706,6.1104478162934015,2.355693012345739,low_confidence
pqr_0148,CO[C@H]1C[N@@H+]2[C@H]3[C@H](CC(C)C)NCC[C@H]3C(=O)[C@H]2CC1=O,charged_or_radical,1,1,"6-31G(d,p)",-9.775701004829507,-5.260771820124089,4.51492918470542,6.6000000000000005,5.978039991821863,5.314658372788098,low_confidence
pqr_0149,O=c1c(O[C@@H]2O[C@H](CO)[C@H](O)[C@H](O)[C@H]2O)c(-c2ccc(O)c(O)c2)[oH+]c2cc(O[C@@H]3O[C@H](CO)[C@@H](O)[C@H](O)[C@H]3O)cc(O)c12,charged_or_radical,1,1,"6-31G(d,p)",-8.642468618102663,-5.5387466262976615,3.1037219918050023,8.225999999999999,6.072062969806634,2.811216609790021,low_confidence
pqr_0150,NC1=NC(=O)[N+]([C@H]2C[C@H](O)[C@@H](CO)O2)C=C1Cl,charged_or_radical,1,2,def2-SVP,-10.967704365416813,-10.273445443646198,0.6942589217706141,8.8,6.426720439295517,2.6809382384937948,low_confidence
pqr_0151,CC1=C[N+]([C@H]2C[C@H](O)[C@@H](CO[P@@](C)(=O)O[P@@](=O)(O)OP(=O)(O)O)O2)C(=O)[NH+]C1=O,charged_or_radical,2,3,def2-SVP,-13.801411734511692,-13.251282704260344,0.5501290302513476,7.893999999999999,6.318284096112258,3.910651345211561,low_confidence
pqr_0152,O=C1[C@H](I)C[NH2+]C[C@H]1I,charged_or_radical,1,1,def2-SVP,-10.608950734136243,-6.317472034469719,4.291478699666525,10.751,6.26534076372996,1.913385499483077,low_confidence
pqr_0153,NC1=CC(=O)[N+]([C@@H]2C[C@H](O)[C@@H](CO)O2)C=C1,charged_or_radical,1,2,"6-31G(d,p)",-10.14687090596877,-9.358644324774662,0.7882265811941079,8.894,6.3678642249813056,2.63357890980115,low_confidence
pqr_0154,O=C(O)CC1=C[N+]([C@@H]2O[C@H](CO)[C@@H](O)[C@H]2O)C(=O)[NH+]C1=O,charged_or_radical,2,3,"6-31G(d,p)",-14.729832044667011,-14.026187420991365,0.7036446236756463,9.129,6.464575443140204,2.458724565872176,low_confidence
pqr_0155,C[NH+]1CCC(=N[C@H]2CC[C@H](NC(=O)[C@H]3CC[C@@H](/N=C4\CC[N@@H+](C)[C@@H]5CC[C@@H]([N+](=O)[O-])C[C@@H]45)CC3)CC2)CC1,charged_or_radical,2,1,"6-31G(d,p)",-10.194859523844542,-6.251702700472148,3.943156823372394,8.434,6.4618681496422425,3.794885425814124,low_confidence
pqr_0156,CC1=C[N+]([C@H]2CO[C@@H](CO)O2)C(=O)[NH+]C1=O,charged_or_radical,2,3,"6-31G(d,p)",-15.7030522836499,-14.823081484235695,0.8799707994142018,9.073,6.50301299648358,2.336888235464283,low_confidence
pqr_0157,CCCCCCN(CCO)c1cc(N2CCCCC2)nc2nc[nH][n+]12,charged_or_radical,1,1,"6-31G(d,p)",-9.22423850164476,-5.31165235672611,3.91258614491865,8.187,6.361690735460327,2.918124026206955,low_confidence
pqr_0158,O=C1CC[C@H]2CCC[NH2+][C@@H]2[C@@H]1Br,charged_or_radical,1,1,def2-SVP,-10.539515594186062,-5.3526359964211245,5.186879597764937,10.0,6.312620827412317,2.569181388156096,low_confidence
pqr_0159,CC1=C[N+]([C@@H]2C=C[C@@]3(CO)C[C@@H]23)C(=O)[NH+]C1=O,charged_or_radical,2,3,"6-31G(d,p)",-15.26833825852122,-14.482557590363196,0.7857806681580256,9.007,6.320198195053019,2.5155054855856367,low_confidence
pqr_0160,O=C1C=C[N+]([C@@H]2O[C@H](CO[P@@](=O)(O)O[P@](=O)(O)C[C@H]3O[C@H](CO)[C@H](O)[C@H](O)[C@H]3O)[C@@H](O)[C@H]2O)C(=O)[NH+]1,charged_or_radical,2,3,def2-SVP,-12.796313359951222,-12.23220982227947,0.5641035376717509,8.442,6.334071681562609,3.415098340596254,low_confidence
pqr_0161,CN[C@@H]1CCCN([C@H]2[C@H](OC)[C@@H]3[C@H](C[C@@H]2F)C(=O)[C@@H](C(=O)O)C[N@H+]3C2CC2)C1,charged_or_radical,1,1,"6-31G(d,p)",-7.754111565700564,-4.795411907664924,2.95869965803564,10.885000000000002,6.211464224998939,1.195648944248477,low_confidence
pqr_0162,CCCCCCC[C@H]1[NH2+][C@@H]2CCCC[C@@H]2C(=O)[C@@H]1O,charged_or_radical,1,1,"6-31G(d,p)",-10.346623494532082,-4.889697460238735,5.456926034293347,10.81,6.310549510794912,1.8808076618398035,low_confidence
pqr_0163,CN[C@H]1[C@H](C)[C@H]2[C@@H](C[C@@H]1F)C(=O)[C@H](C(=O)O)C[N@@H+]2[C@H]1C[C@H](N)[C@H](F)C[C@@H]1F,charged_or_radical,1,1,"6-31G(d,p)",-9.541753972883832,-4.6615164795903645,4.880237493293467,7.583,6.2431319751722,4.606160763570228,low_confidence
pqr_0164,CCOC[N+]1C(=O)[NH+]C(=O)C(C(C)C)=C1SC1CCCCC1,charged_or_radical,2,3,def2-SVP,-14.835713923112442,-13.940149682421712,0.8955642406907309,11.248,6.32421786192627,0.7079273210831527,low_confidence
pqr_0165,O=C1[NH+]C(=O)[N+]([C@H]2C[C@H](CO)[C@H](O)C2)C=C1I,charged_or_radical,2,3,def2-SVP,-14.828477908484832,-14.259554523325546,0.5689233851592863,7.962,6.344629758666889,4.055250929354688,low_confidence
pqr_0166,CC1=C[N+]([C@H]2O[C@H](COP(=O)(O)O)[C@@H](O)[C@@H]2O)C(=O)[NH+]C1=O,charged_or_radical,2,3,def2-SVP,-14.92800991496092,-14.274434362214013,0.653575552746909,9.057,6.276120089894362,2.65437657635162,low_confidence
pqr_0167,CCNC[C@H]1CCN([C@@H]2[C@H](F)[C@H]3[C@@H](C[C@@H]2F)C(=O)[C@H](C(=O)O)C[N@H+]3CC)C1,charged_or_radical,1,1,"6-31G(d,p)",-7.79710668261018,-4.868925585770301,2.928181096839879,8.006,6.232272844845829,3.9540387430213,low_confidence
pqr_0168,O=C1[C@H](I)C[NH2+]C[C@@H]1I,charged_or_radical,1,1,def2-SVP,-10.617629338324138,-6.27679715602187,4.340832182302268,10.751,6.26534076372996,1.913385499483077,low_confidence
pqr_0169,O=C1[NH+]C=C([C@@H]2O[C@H](CO)[C@@H](O)[C@H]2O)C(=O)[NH+]1,charged_or_radical,2,3,"6-31G(d,p)",-15.189683514841942,-14.271682830166966,0.9180006846749748,9.08,6.523487060133382,2.44258314958746,low_confidence
pqr_0170,CCOC[N+]1C=C(F)C(=O)[NH+]C1=O,charged_or_radical,2,3,"6-31G(d,p)",-17.08111739088836,-16.08902230721173,0.992095083676628,9.067,6.381266998302543,2.542572859860952,low_confidence
pqr_0171,C[C@H]1C[C@H](N)CN1[C@H]1C[C@@H]2[C@H](C[C@H]1F)C(=O)[C@H](C(=O)O)C[N@H+]2[C@@H]1CC[C@H](F)C[C@@H]1F,charged_or_radical,1,1,"6-31G(d,p)",-8.195163636047166,-4.55995384380943,3.635209792237737,10.217,6.242895511324311,2.015127053390936,low_confidence
pqr_0172,CC1=C[N+]([C@H]2C[C@@H]3O[P@@](=O)(O)OC[C@H]3O2)C(=O)[NH+]C1=O,charged_or_radical,2,3,def2-SVP,-15.477018361671352,-14.820072008900228,0.656946352771123,9.021,6.229211654693637,2.5150506546704765,low_confidence
pqr_0173,Cc1cn([C@@H]2O[C@H](COP(=O)(O)O)[C@@H](O)[C@H]2OCCO[NH2+]CO)c(=O)[nH]c1=O,charged_or_radical,1,1,def2-SVP,-9.405294917763875,-5.129978480146227,4.275316437617648,8.822000000000001,6.295598099279994,2.22520228230294,low_confidence
pqr_0174,NC1=NC(=O)[N+]([C@@H]2C[C@H](N)[C@@H](CO)O2)C=C1,charged_or_radical,1,2,"6-31G(d,p)",-10.409315012574156,-9.494110898383257,0.9152041141909024,9.135000000000002,6.469576380394392,2.43318560312645,low_confidence
pqr_0175,O[N+]1CCC(C[C@H](c2ccc(C(O)(C(F)(F)F)C(F)(F)F)cc2)c2ccc(OC(F)F)c(OC(F)F)c2)CC1,charged_or_radical,1,2,"6-31G(d,p)",-9.247027371593964,-8.652096476758997,0.5949308948349691,8.078000000000001,6.479436437917625,2.6367848461062664,low_confidence
pqr_0176,O=C(O)C[C@H]1[C@@H](C2=C(C(=O)O)[NH+]C(=O)C=C2)CN[C@@H]1C(=O)O,charged_or_radical,1,2,"6-31G(d,p)",-10.393744327407,-9.671013237996055,0.7227310894109438,8.157,6.316157330023115,3.415837661428497,low_confidence
pqr_0177,NC1=NC(=O)[N+]([C@@H]2O[C@H](CO[P@](=O)(O)O[P@](=O)(O)OCCN(O)C=O)[C@@H](O)[C@H]2O)C=C1,charged_or_radical,1,2,def2-SVP,-10.452325099718928,-9.939843953177334,0.5124811465415923,8.026,6.316514497897638,3.685502697295019,low_confidence
pqr_0178,O=C1[NH+]C(=O)[N+]([C@H]2C=C[C@@H](CO)O2)C=C1CO,charged_or_radical,2,3,"6-31G(d,p)",-15.594369105913698,-14.748043131118653,0.8463259747950448,9.207,6.330721289543024,2.265161764195387,low_confidence
pqr_0179,O=C1[NH+]C(=O)[N+]([C@@H]2CS[C@H](CO)O2)C=C1F,charged_or_radical,2,3,def2-SVP,-15.81401360700392,-14.687462515368708,1.126551091635212,8.356,6.262698092668021,3.207824373611839,low_confidence
pqr_0180,COC1=C(C)C=NC(=O)[NH+]1,charged_or_radical,1,2,"6-31G(d,p)",-12.50230490331548,-10.315092731073172,2.187212172242305,8.651,6.352936923445411,2.798999648390037,low_confidence
pqr_0181,Cc1c[n+]2c([nH]c1=O)O[C@H]1[C@H](O)[C@@H](CO)O[C@H]12,charged_or_radical,1,1,"6-31G(d,p)",-10.654979628209322,-6.339471599952433,4.315508028256888,9.129,6.581694390320124,1.9752985494519104,low_confidence
pqr_0182,CC(=O)N[C@H]1[C@@H](O[P@](=O)(O)O[P@](=O)(O)OC[C@H]2O[C@@H]([N+]3C=CC(=O)[NH+]C3=O)[C@H](O)[C@@H]2O)O[C@H](CO)[C@@H](O)[C@@H]1O[C@H](C)C(=O)O,charged_or_radical,2,3,def2-SVP,-12.72211130620579,-12.331253935293374,0.3908573709124147,8.032,6.358246029604016,3.7589242178276248,low_confidence
pqr_0183,C[N@@H+]1C[C@H](O)C(=O)C[C@@H]1C(=O)O,charged_or_radical,1,1,"6-31G(d,p)",-10.91500078518253,-5.611750904203606,5.303249880978923,7.273,6.212316498928258,4.684081918703507,low_confidence
pqr_0184,O=C1[NH+]C(=O)[N+](C2CCCC2)C=C1[N+](=O)[O-],charged_or_radical,2,3,"6-31G(d,p)",-16.633371440498006,-15.543427830000187,1.0899436104978175,8.985,6.23425326509674,2.664755944382989,low_confidence
pqr_0185,O=C1[NH+]C(=O)[N+]([C@@H]2C[C@H](O)[C@@H](COP(=O)(O)O)O2)C=C1I,charged_or_radical,2,3,def2-SVP,-14.55456263080461,-14.03463498375934,0.5199276470452691,8.013,6.523474122844799,3.825474028765461,low_confidence
pqr_0186,CC1=C[N+]([C@@H]2C[C@@H](CO)[C@H](O)C2)C(=O)[NH+]C1=O,charged_or_radical,2,3,"6-31G(d,p)",-15.310833825661913,-14.552729300690991,0.758104524970921,9.042,6.4400230836322265,2.7978891513569035,low_confidence
pqr_0187,N#C[C@H]1[C@@H](N2C[C@@H]3NCCO[C@H]3C2)[C@@H](F)C[C@H]2C(=O)[C@H](C(=O)O)C[N@H+](C3CC3)[C@@H]12,charged_or_radical,1,1,"6-31G(d,p)",-8.072260604225638,-4.729766094061754,3.3424945101638843,10.865,6.259486526426415,1.2724011980464454,low_confidence
pqr_0188,C#C[C@@]1(O)[C@@H](CO)O[C@@H]([N+]2C=CC(=O)[NH+]C2=O)[C@@H]1O,charged_or_radical,2,3,"6-31G(d,p)",-15.06701367964486,-14.184647511367071,0.8823661682777896,12.376,6.470119090966403,0.677015296470449,low_confidence
pqr_0189,CCCC#CC1=C[N+]([C@H]2C[C@H](O)[C@@H](CO)O2)C(=O)[NH+]C1=O,charged_or_radical,2,3,"6-31G(d,p)",-14.589647207008648,-13.84587398405305,0.7437732229555974,8.42,6.555143271318407,3.189653391520027,low_confidence
pqr_0190,C[NH2+]CCO[P@@](=O)(O)OC[C@@H](COC=O)OC=O,charged_or_radical,1,1,def2-SVP,-9.4105507206984,-4.754943336797266,4.655607383901135,9.291,6.55256052650655,2.7383459040876943,low_confidence
pqr_0191,COC(=O)Cc1cc(=O)[oH+]c2cc(O[C@@H]3O[C@H](CO)[C@H](O)[C@H](O)[C@H]3O)ccc12,charged_or_radical,1,1,"6-31G(d,p)",-9.064759808014282,-6.407025421630417,2.6577343863838645,8.241000000000001,6.204327424740966,2.713553604340005,low_confidence
pqr_0192,CCC1=C[N+]([C@@H]2C[C@@H](O)[C@H](COP(=O)(O)O)O2)C(=O)[NH+]C1=O,charged_or_radical,2,3,def2-SVP,-14.691610815088833,-14.134749354037163,0.556861461051668,9.13,6.272359352180565,2.454850809350482,low_confidence
pqr_0193,COCC1=C[N+]([C@H]2C[C@@H](OC(C)=O)[C@H](CO)O2)C(=O)[NH+]C1=O,charged_or_radical,2,3,"6-31G(d,p)",-13.999796488488478,-13.31159765356468,0.6881988349237996,12.178,6.567067557848917,0.6388837880580063,low_confidence
pqr_0194,CC1=C[N+]([C@H]2C[C@H](S)[C@@H](CO[P@](=O)(O)O[P@@](=O)(O)OP(=O)(O)O)O2)C(=O)[NH+]C1=O,charged_or_radical,2,3,def2-SVP,-13.466134642543864,-13.001695407789333,0.4644392347545301,7.845,6.481536270511264,3.936349530614312,low_confidence
pqr_0195,CCCC[C@H]1C[C@H]2C(=O)C[C@@H](C(=O)O)[NH2+][C@H]2[C@H]2C(=O)C[C@@H](C(=O)O)[NH2+][C@@H]12,charged_or_radical,2,1,"6-31G(d,p)",-12.995482002388623,-8.433798548499924,4.5616834538886994,10.388,6.292366608736414,1.8226598974425985,low_confidence
pqr_0196,CC1(C)C[C@@]2(NCC3=C[N+]([C@H]4C[C@H](O)[C@@H](CO)O4)C(=O)[NH+]C3=O)O[N@@H+]1C2(C)C,charged_or_radical,3,3,"6-31G(d,p)",-16.451065501453254,-15.748086278854284,0.7029792225989728,8.689,6.544408299926617,2.967205762875325,low_confidence
pqr_0197,CC1=C(C=C(CO)CO)[NH+]C(=O)[NH+]C1=O,charged_or_radical,2,3,"6-31G(d,p)",-15.270129156454187,-14.597242187401603,0.6728869690525846,12.079,6.249114915553267,0.693655365046304,low_confidence
pqr_0198,O=C1C[C@H](C(=O)O)[NH2+][C@H]2[C@@H]1CCC[C@@H]2O,charged_or_radical,1,1,"6-31G(d,p)",-10.585631920019498,-5.254699405523322,5.330932514496175,7.323,6.209546034692483,4.947170930411098,low_confidence
pqr_0199,O=C1[NH+]C(=O)[N+]([C@@H]2C[C@@H](O)[C@@H](COP(=O)(O)O)O2)C=C1F,charged_or_radical,2,3,def2-SVP,-14.722270665750967,-14.12520062188701,0.5970700438639557,9.034,6.265390909580578,2.7334555687998705,low_confidence
pqr_0200,C[C@@H]1CC[C@H]1[N@H+](O)[C@@H]1C[C@@H]1C,charged_or_radical,1,1,"6-31G(d,p)",-11.813665571697683,-4.442776722674594,7.370888849023089,14.191,8.843766388611805,1.163004673345366,low_confidence
pqr_0201,OC[C@@H]1[C@@H](O)[C@H](O)C[S]1C[C@@H](O)[C@@H](O)CO,charged_or_radical,0,2,def2-SVP,-0.8851894245321003,0.4798993032678688,1.365088727799969,9.041,8.11831111625429,3.7732610674938334,low_confidence
pqr_0202,C[C@@H]1CC[C@H]1[N@H+](O)C1CCCCC1,charged_or_radical,1,1,"6-31G(d,p)",-11.883057454774496,-3.4244162144931467,8.458641240281349,10.909,8.780059077839917,2.2494948149960745,low_confidence
pqr_0203,CCC[N@@H+](O)[C@H]1CC[C@@H]1C,charged_or_radical,1,1,"6-31G(d,p)",-12.08695695186938,-4.377124765762393,7.709832186106985,14.479,8.840513203074595,1.1286908568744192,low_confidence
pqr_0204,CC[C@@H](C)[N@@H+](O)CC(C)(C)CC,charged_or_radical,1,1,"6-31G(d,p)",-12.094647303860276,-4.007997885547725,8.086649418312552,14.396,8.875171257463943,0.4947054013614185,low_confidence
pqr_0205,C[N@@H+]1[C@H](N)NC(=O)[C@@H]2NCN[C@H]21,charged_or_radical,1,1,"6-31G(d,p)",-10.597497068369131,-4.193514021636882,6.403983046732251,8.712,6.603626455823403,3.567051690273804,low_confidence
pqr_0206,CC(C)C[N@@H+](O)[C@H]1CC[C@@H]1C,charged_or_radical,1,1,"6-31G(d,p)",-11.838780365775817,-4.108737473690171,7.7300428920856445,14.449,8.877009540076878,0.8500250406275089,low_confidence
pqr_0207,C[N@@H+](O)C1CC1,charged_or_radical,1,1,"6-31G(d,p)",-12.765122641621913,-4.807119332479406,7.958003309142507,14.402,8.946254995593725,1.5192236075865466,low_confidence
pqr_0208,C/[N+](O)=N/CO[C@@H]1O[C@H](CO[C@@H]2OC[C@@H](O)[C@H](O)[C@H]2O)[C@@H](O)[C@H](O)[C@H]1O,charged_or_radical,1,1,"6-31G(d,p)",-8.524369030181532,-7.81998234842159,0.7043866817599427,12.849,8.127665071302522,0.5472201855043188,low_confidence
pqr_0209,CO[N+](O)CC(=O)N[C@H](C(C)C)[C@H](O)[C@H](C)C(=O)O,charged_or_radical,1,2,"6-31G(d,p)",-10.20875587268949,-9.678307148667068,0.5304487240224225,12.162,6.971355364702287,0.0363918281133806,low_confidence
pqr_0210,O=C(O)[C@@H]1CC(=S)[C@@H]2CCCC[C@H]2[NH2+]1,charged_or_radical,1,1,def2-SVP,-9.504411558521891,-5.449966204078221,4.054445354443673,9.54,6.8016415169554,2.779828188150553,low_confidence
pqr_0211,CC(C)CCC[N@H+](O)CC(C)C,charged_or_radical,1,1,"6-31G(d,p)",-11.45086586544628,-4.304198851018054,7.146667014428227,14.568,8.945125421055117,1.0223680433162468,low_confidence
pqr_0212,CC(C)C[N@@H+](O)CC(C)(C)C,charged_or_radical,1,1,"6-31G(d,p)",-12.499832137148813,-4.35990004922426,8.139932087924551,14.486999999999998,8.87097471963104,0.5944514768733598,low_confidence
pqr_0213,CCCCCCCCCC[N+](C)(C)CCCS(=O)(=O)O,charged_or_radical,1,1,def2-SVP,-10.390205706190107,-3.8664517923367647,6.523753913853345,7.311999999999999,7.730867865431256,5.239203979867019,low_confidence
pqr_0214,CCC[N@@H+](O)C(C)C,charged_or_radical,1,1,"6-31G(d,p)",-13.029419536388705,-4.433179374486885,8.596240161901818,14.498,8.914801650182214,0.9882965924785712,low_confidence
pqr_0215,CCCCCCCCCCCCCCCCCC(=O)OC[C@H](CO[P@@](=O)(O)OCC[N+](C)(C)C)OC(=O)CCCCCCCCCCCCCCCCC,charged_or_radical,1,1,def2-SVP,-8.671672592584937,-3.955901415962005,4.715771176622932,8.247,7.292515460411686,4.160129238440005,low_confidence
pqr_0216,CC1(C)C[C@@H]1[N@H+](O)C1CC1,charged_or_radical,1,1,"6-31G(d,p)",-11.867303644083274,-4.037454029642511,7.829849614440762,14.156,8.706366236280367,1.213596962107898,low_confidence
pqr_0217,CCCC(CCC)C(=O)O[C@H](CC(=O)O)C[N+](C)(C)C,charged_or_radical,1,1,"6-31G(d,p)",-10.10903631821918,-3.554424217476824,6.554612100742356,8.285,6.976541329078675,3.851380363113421,low_confidence
pqr_0218,C[NH2+]OC,charged_or_radical,1,1,"6-31G(d,p)",-13.653251942736066,-4.697011326044603,8.956240616691463,11.343,9.201711023392354,1.2282100718031792,low_confidence
pqr_0219,CC(C)(C)[N@@H+](O)C1(C)CCC1,charged_or_radical,1,1,"6-31G(d,p)",-12.267040332452815,-3.5523301981293525,8.714710134323465,14.138,8.787206844279957,0.7009385594156008,low_confidence
pqr_0220,O[NH+]1CCCCC1,charged_or_radical,1,1,"6-31G(d,p)",-13.166896503674636,-4.5659206005906725,8.600975903083963,14.456,8.935606164541909,1.3430647817390238,low_confidence
pqr_0221,O=C1[N+](C[C@H]2CO2)C(=O)[N+](C[C@@H]2CO2)C(=O)[N+]1C[C@@H]1CO1,charged_or_radical,3,4,"6-31G(d,p)",-18.68113193647153,-17.87178717280456,0.8093447636669728,12.895,6.863487562890185,0.9915911290930204,low_confidence
pqr_0222,CCC[C@H](C)[N@H+](O)C1(C)CC1,charged_or_radical,1,1,"6-31G(d,p)",-12.21219862374386,-3.830202998169242,8.38199562557462,14.224,8.844442438057644,0.6214839802984038,low_confidence
pqr_0223,[Li][NH+]O,charged_or_radical,1,2,def2-SVP,-12.917231740749656,-8.503376004814527,4.413855735935128,10.984,8.509650580601118,2.002575113525852,low_confidence
pqr_0224,CCCCC[N@H+](O)[C@@H](C)CC,charged_or_radical,1,1,"6-31G(d,p)",-12.131539188270215,-4.35166744438372,7.779871743886498,14.472,8.938389369952333,1.0053827437059653,low_confidence
pqr_0225,S[P@]12S[P@]3(S)S[P@](S)(S1)S[P@](S)(S2)S3,charged_or_radical,0,5,def2-SVP,-3.7908265537921615,-2.6067078110311512,1.1841187427610105,10.042000000000002,7.209187870785264,2.072325736249468,low_confidence
pqr_0226,CC1(C)C[C@H](O)CC(C)(C)[N@H+]1OOC(=O)CCN1CC1,charged_or_radical,1,1,"6-31G(d,p)",-9.57076916308979,-3.9502379602987383,5.620531202791052,9.588,7.0184723630181605,2.782807461844872,low_confidence
pqr_0227,N[C@H]1NC(=O)[C@H]2NCN(CC[C@@H](O)CO)[C@@H]2[NH2+]1,charged_or_radical,1,1,"6-31G(d,p)",-9.72518409926567,-4.525235399371808,5.199948699893863,9.014,6.936583472698167,3.366250775883925,low_confidence
pqr_0228,CC(C)C[N@@H+](O)[C@@H]1C[C@H]1C,charged_or_radical,1,1,"6-31G(d,p)",-11.860887920130144,-4.379784341252427,7.481103578877716,14.356000000000002,8.858009602392764,0.9488884901675334,low_confidence
pqr_0229,CC(C)CC[N@H+](O)C(C)(C)C,charged_or_radical,1,1,"6-31G(d,p)",-12.33687748027433,-4.251970784624648,8.084906695649682,14.422,8.869537927300893,0.5877600613315046,low_confidence
pqr_0230,N=C1S[C@@H]2CCCC[C@@H]2C2=NCCC[N+]12,charged_or_radical,1,2,def2-SVP,-10.620296670758664,-9.686835404861624,0.9334612658970391,11.078,6.831428850163373,1.2871031949721434,low_confidence
pqr_0231,CCCC(C)(C)[N@H+](O)CCC(C)C,charged_or_radical,1,1,"6-31G(d,p)",-12.23436418574068,-3.501559730574222,8.732804455166457,14.416,8.854191071668552,0.5805276445457181,low_confidence
pqr_0232,O=C1NC[NH2+][C@@H]2[C@@H]1NCN2[C@@H]1C[C@H](CO)[C@H](O)[C@H]1O,charged_or_radical,1,1,"6-31G(d,p)",-9.769211501186676,-3.94997434011674,5.819237161069935,8.807,6.947450448771402,3.534017079846853,low_confidence
pqr_0233,C[N+]1(C)[C@H](CSS(O)(O)O)C[S]1S(O)(O)O,charged_or_radical,1,2,def2-SVP,-8.833322994417609,-7.886839820792571,0.946483173625038,7.138,8.11665836369504,5.352411543627747,low_confidence
pqr_0234,C[N@@H+](O)C(C)(C)C,charged_or_radical,1,1,"6-31G(d,p)",-13.46962513623859,-4.543765903040097,8.925859233198493,14.445,8.975134858941257,1.1495359218277876,low_confidence
pqr_0235,C[N@H+]1CNC(=N)[C@@H]2NCN([C@H]3C[C@H](O)[C@@H](CO)O3)[C@@H]21,charged_or_radical,1,1,"6-31G(d,p)",-9.546261295316624,-3.470424393755454,6.0758369015611695,8.409,6.889080346578811,3.6027241058622987,low_confidence
pqr_0236,C[C@@H]1CC[C@H]1[N@@H+](C)O,charged_or_radical,1,1,"6-31G(d,p)",-12.034675193523553,-4.526062368229505,7.508612825294049,14.436,8.779403570329409,1.28610075766764,low_confidence
pqr_0237,N[C@@H]1NC(=O)[C@@H]2[C@@H](CN[C@@H]3[C@@H](O)[C@@H](O)[C@@H]4O[C@H]34)CN([C@@H]3O[C@H](CO)[C@@H](O)[C@H]3O)[C@H]2[NH2+]1,charged_or_radical,1,1,"6-31G(d,p)",-8.275923493152332,-4.61409850175859,3.6618249913937433,11.657,7.522277704909747,0.5270359111701843,low_confidence
pqr_0238,C[C@@H]1CC[C@@H]1[N@H+](O)[C@H]1C[C@@H]1C,charged_or_radical,1,1,"6-31G(d,p)",-11.899616082114736,-4.263035502247767,7.636580579866966,14.233,8.843766388611805,1.2050046733453676,low_confidence
pqr_0239,CCC(C)(C)C[N@@H+](O)[C@@H]1CCC1(C)C,charged_or_radical,1,1,"6-31G(d,p)",-11.746743560171698,-4.105183672253374,7.641559887918324,14.381,8.820927568327438,0.8990712642173797,low_confidence
pqr_0240,CC[N@@H+](O)C1CCC1,charged_or_radical,1,1,"6-31G(d,p)",-12.558757486107975,-4.44090587314353,8.117851612964445,14.429,8.860588613105584,1.2163077770116448,low_confidence
pqr_0241,CO[NH+]C(=N)NCCC[C@H](N)C(=O)O,charged_or_radical,1,2,"6-31G(d,p)",-10.028388822665926,-9.570600385662114,0.4577884370038123,12.936,7.128782076473929,0.9736554467831215,low_confidence
pqr_0242,CC1([N@H+](O)C2CCCCC2)CC1,charged_or_radical,1,1,"6-31G(d,p)",-11.73454455639856,-4.160340117215602,7.574204439182958,14.056,8.81374517500962,0.8908191850142533,low_confidence
pqr_0243,C[C@H]1C[C@@H]1[N@H+](O)C(C)(C)C,charged_or_radical,1,1,"6-31G(d,p)",-11.871485787526156,-4.417694367977164,7.453791419548993,14.239,8.795488550816609,0.6839898056903042,low_confidence
pqr_0244,C[N+](C)(C)C[C@H](CC(=O)O)OC(=O)C1CCC1,charged_or_radical,1,1,"6-31G(d,p)",-10.089251035977084,-3.742090830187914,6.347160205789172,8.030000000000001,6.953762777837373,3.849387018402947,low_confidence
pqr_0245,C[N+](C)(C)C[C@H](O)CC(=O)O,charged_or_radical,1,1,"6-31G(d,p)",-10.049440928411537,-3.5483055966194894,6.501135331792046,11.463,7.134136796387454,0.8859220316011331,low_confidence
pqr_0246,C[N+](C)(C)CCSC[C@H](N)C(=O)O,charged_or_radical,1,1,def2-SVP,-9.281289609439408,-3.51217487659624,5.769114732843168,10.83,7.049114099929094,1.6230307591351902,low_confidence
pqr_0247,O=C1N[C@H]2CCCN[C@H]2[NH2+][C@H]2CCCC[C@@H]12,charged_or_radical,1,1,"6-31G(d,p)",-10.24801416285199,-3.802933393825081,6.445080769026907,10.921,6.9673166405831,1.430365181511327,low_confidence
pqr_0248,C[C@@H]1[C@@H](C(=O)NCCO)[N+](O)[C@H]2CCCC[C@@H]2[N+]1O,charged_or_radical,2,3,"6-31G(d,p)",-14.25790540051476,-13.850889946546207,0.4070154539685509,6.902000000000001,7.180010547653496,5.588916937730094,low_confidence
pqr_0249,CCCCC[N@@H+](O)[C@H]1C[C@@H]1C,charged_or_radical,1,1,"6-31G(d,p)",-11.687806293272866,-4.305965996160011,7.381840297112855,14.395,8.919822282131687,1.0284741848327863,low_confidence
pqr_0250,O=C(NCc1ccc2c(c1)OCO2)[C@H]1Cc2c(sc3ccccc23)CN1,heteroatom_rich_non_qm9,0,1,def2-SVP,-5.428656532449415,-0.6036201731802242,4.82503635926919,10.956,5.658259487901591,0.1236865297816134,low_confidence
pqr_0251,CN(C)[C@H]1C[C@@H](c2ccc(Br)cc2)c2ccccc21,heteroatom_rich_non_qm9,0,1,def2-SVP,-5.701704519084893,-0.7317519548135141,4.969952564271379,8.832,5.67030132818536,1.0381468226664197,low_confidence
pqr_0252,COc1ccc2c(c1)c(CC(=O)NCCc1ccccc1)c(C)n2C(=O)c1ccc(Cl)cc1,heteroatom_rich_non_qm9,0,1,def2-SVP,-5.46245761114228,-2.4939938542307405,2.968463756911539,7.706,5.5912835437929616,3.2787006092872675,low_confidence
pqr_0253,COc1cc(Cl)c(OC)cc1N,heteroatom_rich_non_qm9,0,1,def2-SVP,-5.035999767036231,-0.0601925569970686,4.975807210039164,8.043000000000001,5.642266573656284,2.060442649662781,low_confidence
pqr_0254,C=NNc1cccc(Cl)c1,heteroatom_rich_non_qm9,0,1,def2-SVP,-5.735238806667344,-0.9495934986899608,4.785645307977384,8.166,5.383848074402088,1.7711722091879611,low_confidence
pqr_0255,O=C1c2ccccc2C(=O)N1Br,heteroatom_rich_non_qm9,0,1,def2-SVP,-7.483826579939481,-2.8050852434434925,4.678741336495988,11.193,5.281906463556347,0.1377337388606179,low_confidence
pqr_0256,C[C@]12CC[C@H]3[C@@H](CCC4=CC(=O)CC[C@@]43C)[C@@H]1CC[C@@H]2C(=O)CCl,heteroatom_rich_non_qm9,0,1,def2-SVP,-6.338039856790124,-1.5722436905030537,4.76579616628707,9.771,5.401059672899553,2.521294183360995,low_confidence
pqr_0257,Clc1c2ccccc2cc2ccccc12,heteroatom_rich_non_qm9,0,1,def2-SVP,-5.401471855448457,-2.240188429885118,3.161283425563339,7.151000000000001,5.3456119152621575,2.7057728155523675,low_confidence
pqr_0258,NNC(=S)Nc1ccc(Cl)cc1,heteroatom_rich_non_qm9,0,1,def2-SVP,-5.433839188351571,-1.0871915344269525,4.346647653924618,10.841,5.478354000603556,0.76444225528601,low_confidence
pqr_0259,O=C(O)C[S@](=O)C(c1ccccc1)c1ccccc1,heteroatom_rich_non_qm9,0,1,def2-SVP,-6.276945199354963,-1.2191093208132031,5.057835878541761,8.67,5.443089463462874,2.243360822473752,low_confidence
pqr_0260,O=[S@](O)CNc1ccc(S(=O)(=O)c2ccc(NC[S@](=O)O)cc2)cc1,heteroatom_rich_non_qm9,0,1,def2-SVP,-6.1940720726018,-1.565831349474275,4.628240723127526,8.568999999999999,5.579561906404005,2.0658531629342605,low_confidence
pqr_0261,Nc1c(C(=O)Nc2cccc(F)c2)sc2nc(-c3cccs3)ccc12,heteroatom_rich_non_qm9,0,1,def2-SVP,-5.607108919362935,-2.238474690806968,3.368634228555967,6.42,5.447931157784357,4.467301428444571,low_confidence
pqr_0262,NS(=O)(=O)c1cccc(-c2[nH]nc3ccc(NC(=O)Cc4ccccc4)cc23)c1,heteroatom_rich_non_qm9,0,1,def2-SVP,-5.63116475258573,-1.935343361645821,3.695821390939909,7.167,5.615838200143358,3.7749511517295833,low_confidence
pqr_0263,CCNC(=O)c1cc2c(-c3ccc(Cl)cc3Cl)nc(N)nc2s1,heteroatom_rich_non_qm9,0,1,def2-SVP,-6.117414980110869,-2.173478409704141,3.943936570406728,7.751,5.557631650874394,2.99510181372788,low_confidence
pqr_0264,N#CC(C#N)=NNCc1ccc(Cl)cc1,heteroatom_rich_non_qm9,0,1,def2-SVP,-7.011174521138582,-2.76652121113108,4.244653310007502,8.606,5.654853186164412,1.8152804808321896,low_confidence
pqr_0265,c1ccc(-c2cc(SSc3cc(-c4ccccc4)sn3)ns2)cc1,heteroatom_rich_non_qm9,0,1,def2-SVP,-6.4082061145598335,-2.1668420986688823,4.241364015890951,9.37,5.512549564956792,0.7847297873199715,low_confidence
pqr_0266,O=C(O)c1cc(CCc2ccc(Cl)cc2)c[nH]1,heteroatom_rich_non_qm9,0,1,def2-SVP,-6.146589456842562,-0.9392646484274842,5.207324808415078,8.792,5.5684535579975005,2.010203636749268,low_confidence
pqr_0267,O=S(=O)(c1ccccc1)C(F)S(=O)(=O)c1ccccc1,heteroatom_rich_non_qm9,0,1,def2-SVP,-7.385571740096501,-2.6766473756189946,4.7089243644775065,9.693,5.535400100850882,0.9161071422752548,low_confidence
pqr_0268,O=C(O)CCc1ccc(-c2ccc(Cl)cc2)o1,heteroatom_rich_non_qm9,0,1,def2-SVP,-5.646855983818441,-1.1873643603230593,4.459491623495382,8.056,5.42492243171133,3.045159301578789,low_confidence
pqr_0269,CC(C)c1ccc(-c2cc(C(=O)Cl)c3ccccc3n2)cc1,heteroatom_rich_non_qm9,0,1,def2-SVP,-6.386107916040354,-2.6323690871388497,3.753738828901504,10.848,5.342080486230406,0.3045211076968304,low_confidence
pqr_0270,O=C(c1ccc(Cl)cc1)c1cc(NC(=O)c2cc(I)cc(I)c2O)ccc1Cl,heteroatom_rich_non_qm9,0,1,def2-SVP,-6.382895954018694,-2.196378961534023,4.186516992484671,7.431000000000001,5.369267793440781,3.4802197637412355,low_confidence
pqr_0271,NS(=O)(=O)c1ccc(C(=O)NCc2c(F)c(F)c(F)c(F)c2F)cc1,heteroatom_rich_non_qm9,0,1,def2-SVP,-7.49950787836605,-2.6015059379515018,4.898001940414548,8.541,5.54458749427797,2.485878594078116,low_confidence
pqr_0272,Nc1nc2ccccc2n1Cc1ccc(Cl)c(Cl)c1,heteroatom_rich_non_qm9,0,1,def2-SVP,-5.3366927151466585,-1.3101076872921191,4.026585027854539,10.792,5.562338946120649,0.5012528365528262,low_confidence
pqr_0273,CO[C@]1(CO)Nc2cc(Br)ccc2C1=O,heteroatom_rich_non_qm9,0,1,def2-SVP,-6.308083817668812,-2.150577657302768,4.157506160366044,8.07,5.616031861620206,2.708909121450805,low_confidence
pqr_0274,N#Cc1ccc(C(=O)c2ccc(S[C@@H]3SC[C@@H](O)[C@H](O)[C@H]3O)cc2)cc1,heteroatom_rich_non_qm9,0,1,def2-SVP,-6.138004761276664,-2.7879977018565985,3.350007059420065,7.354,5.617404595077998,3.5319181567752453,low_confidence
pqr_0275,COC(=O)c1ccccc1[C@H]1c2ccc(N)cc2Oc2c1ccc(N)c2I,heteroatom_rich_non_qm9,0,1,def2-SVP,-5.2052934574657685,-1.331017023398062,3.8742764340677063,8.112,5.545813250866077,2.626118869496528,low_confidence
pqr_0276,c1cnc2ccsc2c1,heteroatom_rich_non_qm9,0,1,def2-SVP,-6.378405944728006,-1.460582134289555,4.917823810438451,10.996,5.369680660092257,1.5639777276064812,low_confidence
pqr_0277,COc1ccc(CC(=O)c2cc(Cl)c(O)cc2O)cc1,heteroatom_rich_non_qm9,0,1,def2-SVP,-5.9608208188407295,-1.4289080521015414,4.531912766739188,10.941,5.468515590992147,0.1806919473953492,low_confidence
pqr_0278,CNc1nc2ccc(-c3c(C)ccc(C(=O)c4c(-c5ccccc5)n(C)n(-c5ccccc5)c4=O)c3N)cc2s1,heteroatom_rich_non_qm9,0,1,def2-SVP,-5.187304842921407,-1.408633758205183,3.778671084716223,7.504,5.453900814404449,3.32356031643499,low_confidence
pqr_0280,Cc1csc(NC(=O)CSc2ccc(-c3ccccc3)nn2)n1,heteroatom_rich_non_qm9,0,1,def2-SVP,-5.805815482913975,-1.997776323772704,3.808039159141271,7.034,5.525694080815311,4.03415570907825,low_confidence
pqr_0281,Clc1ccc2c(c1)oc1ccccc12,heteroatom_rich_non_qm9,0,1,def2-SVP,-6.195607706235536,-1.4376421706966542,4.757965535538881,8.284,5.320318748105094,2.17820121616416,low_confidence
pqr_0282,O=C1C(O)=CC=C/C1=C1\N[C@H](C(=O)N(O)CCc2cnc[nH]2)CS1,heteroatom_rich_non_qm9,0,1,def2-SVP,-5.245740792521781,-1.87028056154526,3.375460230976522,7.187999999999999,5.59018226258071,3.987334659721854,low_confidence
pqr_0283,O=C1C=CC=C/C1=C\NNC(=S)N/N=C(\c1ccccc1)c1ccccn1,heteroatom_rich_non_qm9,0,1,def2-SVP,-5.482628827452031,-2.35600610973991,3.12662271771212,7.122000000000001,5.363504822511514,3.748640975723432,low_confidence
pqr_0284,Nc1c(O)cc(Cc2cc(Cl)c(N)c(OS(=O)(=O)O)c2)cc1Cl,heteroatom_rich_non_qm9,0,1,def2-SVP,-5.393488539868294,-2.1516066688579563,3.241881871010337,7.538,5.665827584107566,3.1391693537200105,low_confidence
pqr_0285,Cc1nc2ccccc2n1S(=O)(=O)c1cc([N+](=O)[O-])ccc1Cl,heteroatom_rich_non_qm9,0,1,def2-SVP,-6.4942830840792185,-4.074242158501375,2.4200409255778443,6.86,5.416568969799044,4.158020976085239,low_confidence
pqr_0286,O=C(c1ccc(OCCN2CCCC2)nc1)c1c(-c2ccc(OCCN3CCCC3)cc2)sc2ccccc12,heteroatom_rich_non_qm9,0,1,def2-SVP,-5.7226644601209005,-1.96180091387716,3.760863546243741,7.484,5.6520772578394975,3.632241786822648,low_confidence
pqr_0287,O=C1O/C(=C\Br)CC[C@@H]1c1ccccc1,heteroatom_rich_non_qm9,0,1,def2-SVP,-6.568098515071581,-1.0516050297836048,5.516493485287976,12.099,5.524145469844691,0.9771377255878892,low_confidence
pqr_0288,Sc1cccc2cccc(S)c12,heteroatom_rich_non_qm9,0,1,def2-SVP,-5.354656188403262,-1.784015398390539,3.5706407900127237,6.49,5.519471454095086,3.053093262535244,low_confidence
pqr_0289,O=c1[nH]c2cc(C(F)(F)F)cc(Cl)c2[nH]c1=O,heteroatom_rich_non_qm9,0,1,def2-SVP,-6.878326182120396,-2.536608239315991,4.341717942804404,7.930999999999999,5.574711278817485,2.916468567093231,low_confidence
pqr_0290,N=C(N)c1ccc(C[P@@](=O)(O)Oc2ccccc2)cc1,heteroatom_rich_non_qm9,0,1,def2-SVP,-6.134965939598335,-1.168131063864805,4.96683487573353,8.431000000000001,5.606263586045493,2.352935141935797,low_confidence
pqr_0291,O=C(O)c1ccc(O)c(I)c1,heteroatom_rich_non_qm9,0,1,def2-SVP,-6.705060457014988,-1.6614457692878886,5.043614687727099,11.224,5.565796861546189,0.0409847729601473,low_confidence
pqr_0292,NS(=O)(=O)c1cccc2cnccc12,heteroatom_rich_non_qm9,0,1,def2-SVP,-6.832729536959325,-2.547523066495151,4.285206470464173,11.339,5.3081166378218185,0.4980262083601339,low_confidence
pqr_0293,NS(=O)(=O)c1cc2c(cc1Cl)NC=NS2(=O)=O,heteroatom_rich_non_qm9,0,1,def2-SVP,-7.32096803095805,-2.729104748334642,4.591863282623407,8.685,5.665376648439969,2.1962439852146964,low_confidence
pqr_0294,Cc1cccc(C)c1NC(=O)c1cc(S(N)(=O)=O)c(Cl)cc1O,heteroatom_rich_non_qm9,0,1,def2-SVP,-6.442628078366853,-2.14880704450844,4.293821033858413,7.978999999999999,5.598712992367905,2.9780648459349788,low_confidence
pqr_0295,N[C@@H](C(=O)O)c1cc(O)ccc1Cl,heteroatom_rich_non_qm9,0,1,def2-SVP,-6.137490984250446,-0.9520273143909326,5.185463669859513,8.859,5.485679754207988,2.394901532667016,low_confidence
pqr_0296,CCCOc1ccc(-c2csc(-c3ccccc3Cl)c2CC(=O)NC(=N)N)cc1,heteroatom_rich_non_qm9,0,1,def2-SVP,-5.849830388566079,-1.2812030761353317,4.568627312430746,11.205,5.540540836219839,0.0979797667583923,low_confidence
pqr_0297,O=C1C=CC(O)(c2cc3ccccc3n2S(=O)(=O)c2ccccc2)C=C1,heteroatom_rich_non_qm9,0,1,def2-SVP,-6.054098317376468,-2.3756104299102105,3.678487887466258,7.712,5.322057326206682,3.460778162596018,low_confidence
pqr_0298,O=c1oc2ccccc2c(O)c1[C@@H](C[C@H](O)c1ccc(-c2ccc(Br)cc2)cc1)c1ccccc1,heteroatom_rich_non_qm9,0,1,def2-SVP,-5.906085337579234,-2.060610944916341,3.845474392662893,11.055,5.592172835580032,0.2696983405135302,low_confidence
pqr_0299,Nc1ncnc2c1ncn2Cc1ccccc1NC(=O)CBr,heteroatom_rich_non_qm9,0,1,def2-SVP,-6.088579424238941,-1.3356693245807782,4.752910099658163,8.488,5.528038912221523,2.4908090480427543,low_confidence
pqr_0300,CC(=O)SSCc1ccccc1,heteroatom_rich_non_qm9,0,1,def2-SVP,-6.386147417248039,-2.051816004786747,4.334331412461292,10.668,5.841417803594575,0.1338784451109038,low_confidence
pqr_0301,N[C@H](C(=O)O)[C@@H](CC(=O)O)c1ccc(Cl)cc1,heteroatom_rich_non_qm9,0,1,def2-SVP,-6.499042756741221,-0.7819232492619556,5.717119507479265,12.341,5.872831432427021,1.275849003408597,low_confidence
pqr_0302,CSCC/C=N/NC(=O)c1ccncc1,heteroatom_rich_non_qm9,0,1,def2-SVP,-5.990552257366955,-2.30853686380114,3.6820153935658153,7.701,5.744370460908659,3.2684097043069915,low_confidence
pqr_0303,C[C@H](OC(=O)/C=C/c1ccc(Cl)cc1)C(=O)O,heteroatom_rich_non_qm9,0,1,def2-SVP,-6.798730685700609,-2.330746272909633,4.467984412790976,8.484,5.719923839548017,2.249861167112904,low_confidence
pqr_0304,CCN[C@H](Cc1ccccc1N)c1sccc1C,heteroatom_rich_non_qm9,0,1,def2-SVP,-5.316170210249335,-0.1984419140471714,5.117728296202163,8.464,5.775528079495093,2.017874237870528,low_confidence
pqr_0305,N#Cc1ccc(COC(=O)[C@H]2C[C@]3(CN2)C(=O)Nc2ccccc23)cc1Br,heteroatom_rich_non_qm9,0,1,def2-SVP,-6.32856609090802,-1.9071910575074855,4.421375033400534,11.067,5.84085015749214,0.1459905784356614,low_confidence
pqr_0306,CCCCNC(=O)c1ccc(Cl)cc1O,heteroatom_rich_non_qm9,0,1,def2-SVP,-6.496785934621674,-1.3331697944020884,5.163616140219586,8.732000000000001,5.791612870446383,2.611598684686907,low_confidence
pqr_0307,CC(=O)NCCSc1ccc(O)cc1,heteroatom_rich_non_qm9,0,1,def2-SVP,-6.227390955857142,-0.6206846024892321,5.606706353367909,8.202,5.690789840473268,2.7542137844960592,low_confidence
pqr_0308,CC(C)(O/N=C/c1ccc(Cl)cc1)C(=O)O,heteroatom_rich_non_qm9,0,1,def2-SVP,-6.326868597746935,-1.5884627624081011,4.738405835338833,11.613,5.78249021831219,0.8071183716594401,low_confidence
pqr_0309,NCc1ccc(C[C@@H](C[P@@](=O)(O)[C@@H](N)CCc2ccccc2)C(=O)O)cc1,heteroatom_rich_non_qm9,0,1,def2-SVP,-5.907077811390537,-0.7040631427023611,5.203014668688176,8.692,5.837956100261341,2.4038032441222583,low_confidence
pqr_0310,Cl[Si]1(Cl)Oc2ccccc2O[Si](Cl)(Cl)Oc2ccccc2O1,heteroatom_rich_non_qm9,0,1,def2-SVP,-6.597162351635331,-1.069043606599042,5.528118745036289,8.171,5.916342179742782,2.25256619448756,low_confidence
pqr_0311,CC(=O)O[C@]1(C(C)=S)[C@@H](C)C[C@H]2[C@@H]3C[C@H](F)C4=CC(=O)C=C[C@]4(C)[C@@]3(F)[C@H](O)C[C@@]21C,heteroatom_rich_non_qm9,0,1,def2-SVP,-5.776526538266786,-1.8529990554407207,3.923527482826066,7.228999999999999,5.845182243961483,4.557899210728285,low_confidence
pqr_0313,Cc1cc(C)n(C(=O)CCNc2ccc(S(N)(=O)=O)cc2)n1,heteroatom_rich_non_qm9,0,1,def2-SVP,-6.168344125584268,-1.9808861717722897,4.187457953811978,7.927,5.796319770138777,3.0067312837671247,low_confidence
pqr_0314,CC(C)C[C@H]1CC[C@H](C(=O)COS(=O)(=O)c2ccccc2)CC1,heteroatom_rich_non_qm9,0,1,def2-SVP,-7.103725388396998,-2.08511480656652,5.018610581830478,9.155,5.745724250799557,2.0534797384653274,low_confidence
pqr_0315,O=C(CCC1CCCCC1)Nc1cc(NS(=O)(=O)c2cccs2)cc(-c2csc(=O)[nH]2)c1,heteroatom_rich_non_qm9,0,1,def2-SVP,-5.757940745768263,-1.9834608845019177,3.774479861266345,10.294,5.861664240786599,0.8265823088119504,low_confidence
pqr_0316,CN1CCc2cc(Cl)c(O)cc2[C@H]2c3ccccc3CC[C@@H]21,heteroatom_rich_non_qm9,0,1,def2-SVP,-5.413604535573939,-0.6946792801520125,4.718925255421927,8.471,5.738672933671518,2.210368386984223,low_confidence
pqr_0317,CCN(CC)C(=O)CN(C(=O)CCl)c1ccccc1,heteroatom_rich_non_qm9,0,1,def2-SVP,-6.295969420103725,-1.1784709770525377,5.117498443051187,12.145,5.852890569053049,1.069831874781805,low_confidence
pqr_0318,Cc1nc2ccc(Br)cc2c(-c2ccc(Cl)cc2)c1[C@H](OC(C)(C)C)C(=O)O,heteroatom_rich_non_qm9,0,1,def2-SVP,-6.343216576485848,-2.0411491995199564,4.302067376965892,7.81,5.77304009790123,3.0444775238054707,low_confidence
pqr_0320,COc1cc(OC)c(C(=O)CCCCN2CCC3(CC2)NC(=O)NC3=O)cc1NS(=O)(=O)c1ccc(C(F)(F)F)cc1,heteroatom_rich_non_qm9,0,1,def2-SVP,-6.543499663313217,-2.459012424617339,4.084487238695878,7.511,5.921548329285659,3.438935328941532,low_confidence
pqr_0321,COc1ccc2nc([S@@](=O)Cc3ncc(C)c(OC)c3C)[nH]c2c1,heteroatom_rich_non_qm9,0,1,def2-SVP,-5.681695264287696,-1.3321138280576648,4.349581436230031,8.152,5.743305790280356,2.5882036523417487,low_confidence
pqr_0322,FC(F)(F)c1nc2c(Cl)cc(Cl)c(Oc3cc(Cl)c(Cl)cc3Cl)c2[nH]1,heteroatom_rich_non_qm9,0,1,def2-SVP,-6.444933911710128,-1.9097895476531723,4.535144364056956,11.055,5.783401322302876,0.4849712040891312,low_confidence
pqr_0323,O=C(NCCS(=O)(=O)c1ccc(C(F)(F)F)cn1)c1ccc(Cl)cc1,heteroatom_rich_non_qm9,0,1,def2-SVP,-7.033410885503456,-2.6746240938033954,4.3587867917000604,8.133,5.829486582249726,2.7556836746581013,low_confidence
pqr_0324,CCC(=O)NCCSC(=O)[C@@H](C)[C@H]1CC[C@H]2[C@@H]3CCC4=CC(=O)C=C[C@]4(C)[C@H]3CC[C@]12C,heteroatom_rich_non_qm9,0,1,def2-SVP,-6.384144800942265,-1.73371147384389,4.650433327098376,8.408,5.805515007893164,3.4849477906960704,low_confidence
pqr_0325,CNC[C@@H]1CN(c2ccc(OCc3cccc(Cl)c3)cc2)C(=O)O1,heteroatom_rich_non_qm9,0,1,def2-SVP,-5.784921901118051,-0.8392762246363725,4.945645676481679,8.109,5.853296971737429,2.689179840985007,low_confidence
pqr_0326,N#C/N=C1\C(C#N)=NCN1C#CC(=O)C(=O)CO[P@@](=O)(S)O[P@](=O)(O)OP1(=O)OO1,heteroatom_rich_non_qm9,0,1,def2-SVP,-7.1260808193462815,-4.586477941343863,2.539602878002419,10.085,5.807335364788943,1.833574547369992,low_confidence
pqr_0327,COCCCN(C(=O)c1ccc(Cl)cc1)[C@H]1CCCN(CCc2ccccc2)C1,heteroatom_rich_non_qm9,0,1,def2-SVP,-5.639756795992919,-1.7538035095496871,3.885953286443231,11.235,5.842141005493694,0.1753267782770695,low_confidence
pqr_0328,O=C(O)C1=CCC(NS(=O)(=O)c2ccsc2C(=O)O)=C(O)C1,heteroatom_rich_non_qm9,0,1,def2-SVP,-5.6748707737735,-2.5511241735306687,3.123746600242831,7.705,5.67469912517037,3.3100621362915827,low_confidence
pqr_0329,Cn1c(=O)[nH]c(=O)n(-c2cc(Cl)c(Oc3ccc(S(=O)(=O)C(F)(F)F)cc3)c(Cl)c2)c1=O,heteroatom_rich_non_qm9,0,1,def2-SVP,-7.3767343262499345,-2.061967412696402,5.314766913553533,8.441,5.679605683623924,2.395949286112524,low_confidence
pqr_0330,COC(=O)c1cc2c(c(O)c1[C@H](C)OC(=O)CO)C(=O)c1c(O)cc3cc(C)c(Cl)c(OC)c3c1C2=O,heteroatom_rich_non_qm9,0,1,def2-SVP,-6.075723553899882,-3.347470467457087,2.728253086442795,6.871,5.749033639157087,4.008054558197626,low_confidence
pqr_0331,C[C@H](Oc1ccc(Oc2ncc(C(F)(F)F)cc2Cl)cc1)C(=O)O,heteroatom_rich_non_qm9,0,1,def2-SVP,-6.119040517786926,-1.867529479684132,4.251511038102794,8.443999999999999,5.854023723811434,2.3422075288264548,low_confidence
pqr_0332,CN(C)[C@@H]1C(=O)C(C(N)=O)=C(O)[C@@]2(O)C(=O)C3=C(O)c4c(O)ccc(Cl)c4[C@](C)(O)[C@H]3C[C@@H]12,heteroatom_rich_non_qm9,0,1,def2-SVP,-5.7434673025509895,-1.963917049156496,3.779550253394493,7.431,5.684012450537917,3.9538041776787294,low_confidence
pqr_0333,Cc1cc(C(=O)O)sc1[C@@H](N)C(=O)O,heteroatom_rich_non_qm9,0,1,def2-SVP,-6.644880629383694,-1.8958061537803588,4.749074475603335,7.644,5.843320186109524,3.711918961796058,low_confidence
pqr_0334,CNC(=O)[C@H](Cc1ccccc1)NC(=O)[C@H](CC(C)C)[C@H](CSc1cccs1)C(=O)NO,heteroatom_rich_non_qm9,0,1,def2-SVP,-6.443429061025907,-0.830594110742805,5.612834950283102,7.795999999999999,5.91401005379177,3.145430493265838,low_confidence
pqr_0335,CN(C)S(=O)(=O)c1ccc(N2CCC[C@@H]2C(=O)Cl)c2nonc12,heteroatom_rich_non_qm9,0,1,def2-SVP,-6.443350288224993,-3.0304154971234456,3.412934791101548,7.1240000000000006,5.88159979203361,4.140907605189776,low_confidence
pqr_0336,CCCOCCOC(=O)C1=C(C)NC(C)=C(C(=O)CS(=O)(=O)NC(C)C)[C@@H]1c1cccc([N+](=O)[O-])c1,heteroatom_rich_non_qm9,0,1,def2-SVP,-6.350162654948714,-3.545662629949342,2.8045000249993715,7.642,5.805684578743181,3.5745595662991416,low_confidence
pqr_0337,Clc1cccc2c1CN(C1=NCCN1)C2,heteroatom_rich_non_qm9,0,1,def2-SVP,-5.193521377049445,-0.7774234474882977,4.416097929561148,11.73,5.726553201291184,1.1667399306824944,low_confidence
pqr_0338,CCCCc1nc(Cl)c(CO)n1Cc1ccc(-c2ccccc2C(=O)O)cc1,heteroatom_rich_non_qm9,0,1,def2-SVP,-5.647537055841505,-1.8501962102777605,3.797340845563745,8.088,5.832080311490319,3.049584635185904,low_confidence
pqr_0339,NCCOc1c(Cl)cc(C(=O)O)cc1Cl,heteroatom_rich_non_qm9,0,1,def2-SVP,-6.408719766893006,-1.9450685416445068,4.463651225248499,7.943,5.720907289691356,2.9307841861802224,low_confidence
pqr_0340,COc1ccc(S(=O)(=O)N[C@H](CO)C(=O)N=O)cc1,heteroatom_rich_non_qm9,0,1,def2-SVP,-6.649466070977763,-4.45442671354092,2.1950393574368428,8.427,5.826992968609057,2.500497607004549,low_confidence
pqr_0341,C[C@@H](N)[C@H](Sc1ccccc1)C(=O)O,heteroatom_rich_non_qm9,0,1,def2-SVP,-6.3867389360508175,-0.8846128704475452,5.502126065603273,11.172,5.686452160362276,0.0459622656792095,low_confidence
pqr_0342,CC(=O)[C@@H](Cl)CC(=O)O,heteroatom_rich_non_qm9,0,1,def2-SVP,-7.198069310607765,-1.5771353979930602,5.620933912614704,13.412,5.834083466462627,0.4812004680804076,low_confidence
pqr_0343,CC(C)S(=O)(=O)N[C@H]1Cc2ccc(-c3ccc(F)nc3)cc2C1,heteroatom_rich_non_qm9,0,1,def2-SVP,-6.671240975623215,-1.487526486244312,5.183714489378903,8.418999999999999,5.813752319198832,2.3705013989485355,low_confidence
pqr_0344,CC(C)c1cc(Oc2c(Br)cc(C[C@H](N)C(=O)O)cc2Br)ccc1O,heteroatom_rich_non_qm9,0,1,def2-SVP,-5.756994112692337,-1.289665316917384,4.467328795774953,7.896000000000001,5.801803711937906,2.989580781530531,low_confidence
pqr_0345,N[C@@H](Cc1ccc(Oc2ccc(N(CCCl)CCCl)cc2)cc1)C(=O)O,heteroatom_rich_non_qm9,0,1,def2-SVP,-5.590928589580458,-0.7640918412725272,4.826836748307931,8.293000000000001,5.869020110147354,2.5278374794499623,low_confidence
pqr_0346,Cc1c([C@@H](C)OC(=O)Nc2ccccc2)sc2ncnn12,heteroatom_rich_non_qm9,0,1,def2-SVP,-6.189212020971628,-0.8521356813761257,5.337076339595502,11.016000000000002,5.916614631624981,0.1128706347468373,low_confidence
pqr_0347,CCOC(=O)[C@@H](NN)C(=O)N[C@@H](Cc1cc(I)c(Oc2cc(I)c(O)c(I)c2)c(I)c1)C(=O)O,heteroatom_rich_non_qm9,0,1,def2-SVP,-6.204039923212012,-1.772812747078615,4.431227176133397,7.501,5.892599554856111,3.4185182830933742,low_confidence
pqr_0348,COCc1cncc(C#Cc2csc(C)n2)c1,heteroatom_rich_non_qm9,0,1,def2-SVP,-6.196072712665505,-1.6274418402529465,4.56863087241256,10.964,5.744710605208639,0.2642180573608517,low_confidence
pqr_0349,C[C@H](Cc1ccccc1)NC(=S)S,heteroatom_rich_non_qm9,0,1,def2-SVP,-5.626100105673016,-1.6783424380386431,3.947757667634373,7.349,5.913546660342229,2.5905436227092,low_confidence
pqr_0350,O=c1[nH]c2cc(C(F)(F)F)c(N3CCOCC3)cc2n(CP(=O)(O)O)c1=O,heteroatom_rich_non_qm9,0,1,def2-SVP,-5.931173659258314,-2.394615022178161,3.536558637080153,10.817,6.129184716179606,0.1664976164661844,low_confidence
pqr_0351,CS(=O)(=O)c1ccc([C@@H](O)[C@@H](CF)NC(=O)C(Cl)Cl)cc1,heteroatom_rich_non_qm9,0,1,def2-SVP,-6.997681237183532,-1.4961623594485334,5.501518877734999,12.468,5.942454440223793,1.5979381215628266,low_confidence
pqr_0352,Cc1ncc(COP(=O)(O)O)c(CN[C@@H](CC(=O)O)CC(C)C)c1O,heteroatom_rich_non_qm9,0,1,def2-SVP,-6.072777003180351,-1.0467545761256625,5.02602242705469,8.094000000000001,6.20573149553767,3.207381534906109,low_confidence
pqr_0353,CCC(C)(C)[C@@H]1CCc2n[nH]c(C(=O)NCc3ccc(S(N)(=O)=O)cc3)c2C1,heteroatom_rich_non_qm9,0,1,def2-SVP,-6.80997222889225,-1.8394104084722225,4.970561820420028,8.795,6.061169991108612,2.270089049510119,low_confidence
pqr_0355,CC(C)(C)c1cc(C[C@H]2SCNC2=O)cc(C(C)(C)C)c1O,heteroatom_rich_non_qm9,0,1,def2-SVP,-5.916904942698995,-0.3274963268910596,5.589408615807935,11.152,6.0421638184091,0.085685112976682,low_confidence
pqr_0356,N[C@@H](CCC(=O)N(CC(=O)O)C(=O)[C@@H](N)CS[C@H](CC(=O)O)c1cnc[nH]1)C(=O)O,heteroatom_rich_non_qm9,0,1,def2-SVP,-6.175493584594199,-2.029237434517559,4.14625615007664,8.696,6.142883281918546,2.557043090179693,low_confidence
pqr_0357,COCCCN1CCC(NC(=O)c2cc(Cl)c(N)c3c2OCC3)CC1,heteroatom_rich_non_qm9,0,1,def2-SVP,-5.5988627050593305,-0.7418568238231026,4.857005881236228,8.49,6.166570619253866,2.6838892570446,low_confidence
pqr_0358,CCc1cccc(C)c1N(COC(C)C)C(=O)CCl,heteroatom_rich_non_qm9,0,1,def2-SVP,-6.574839051617156,-0.5666350136168005,6.008204038000355,12.342,6.007080470389301,1.1039884342053004,low_confidence
pqr_0359,O=C(C[S@](=O)Cc1ccco1)NCCCOc1cccc(CN2CCCCC2)c1,heteroatom_rich_non_qm9,0,1,def2-SVP,-5.437797951549902,-0.4694278208583513,4.96837013069155,8.652000000000001,5.971364624577497,2.3855587142779626,low_confidence
pqr_0360,NC(=O)Nc1cc(NC(N)=O)cc(N(CCCl)CCCl)c1,heteroatom_rich_non_qm9,0,1,def2-SVP,-5.48292820614726,-0.4011674114392729,5.081760794707987,8.552999999999999,6.068284542344312,2.271852127841184,low_confidence
pqr_0361,C=C(CCl)C1=NC[C@@H]2NN[C@H]3[C@@H]4CCCC[C@H]4SC(=C1C#CC#CC(=O)N1C=COC=C1)N23,heteroatom_rich_non_qm9,0,1,def2-SVP,-5.149278729837064,-2.1974004312385054,2.9518782985985577,6.909,6.119947196480708,4.615290374345757,low_confidence
pqr_0362,NS(=O)(=O)c1c(F)c(F)c(SCCO)c(F)c1NC1CCCCCCC1,heteroatom_rich_non_qm9,0,1,def2-SVP,-6.301303108310115,-2.2092993756146413,4.092003732695474,7.574,6.152036244197517,3.70544302799553,low_confidence
pqr_0363,CSc1nc(N)c2ncn([C@@H]3O[C@H](CO)[C@H](O)[C@H]3O)c2n1,heteroatom_rich_non_qm9,0,1,def2-SVP,-5.948776906553671,-1.133081679834408,4.815695226719263,7.98,6.109173359961476,2.9467076859904493,low_confidence
pqr_0364,C=C(O[C@H]1CC(C(=O)O)=C[C@@H](OP(=O)(O)O)[C@H]1O)C(=O)O,heteroatom_rich_non_qm9,0,1,def2-SVP,-6.73930167749292,-1.7673469131436146,4.971954764349305,9.441,6.14335894862011,2.0912806698409625,low_confidence
pqr_0365,COc1ccc(CCS(=O)(=O)NCC(=O)NO)cc1,heteroatom_rich_non_qm9,0,1,def2-SVP,-6.127200684563674,-0.7474136871405154,5.379786997423159,11.988,5.936683121322384,1.1345011560878948,low_confidence
pqr_0366,CCS(=O)(=O)NC1CCN(C(=O)COc2ccc(Cl)cc2Cl)CC1,heteroatom_rich_non_qm9,0,1,def2-SVP,-6.375716402894788,-0.923778308273603,5.451938094621185,8.832,5.964593601901158,2.232132089998938,low_confidence
pqr_0367,O[C@@]1(c2ccc(Cl)cc2)CCCCC[C@H]1n1cncn1,heteroatom_rich_non_qm9,0,1,def2-SVP,-6.761764512130995,-0.9569753145622218,5.804789197568773,9.338,5.953081741810989,1.3874105535905557,low_confidence
pqr_0368,COc1ccc(C[P@@](=O)(O)C[C@@H](O)CN[C@H](C)c2cccc(C(=O)O)c2)cc1,heteroatom_rich_non_qm9,0,1,def2-SVP,-5.9561100381174175,-1.5998485156167972,4.35626152250062,7.811,5.93043883680721,2.994034915816425,low_confidence
pqr_0369,CCOc1ccc2nc(SCCN3CCOCC3)[nH]c2c1,heteroatom_rich_non_qm9,0,1,def2-SVP,-5.509427421855992,-0.8246512765357764,4.684776145320216,10.778,6.003037169417114,0.3628774164117168,low_confidence
pqr_0370,O=c1[nH]c(=S)ccn1[C@@H]1O[C@H](CO)[C@@H](O)[C@H]1O,heteroatom_rich_non_qm9,0,1,def2-SVP,-5.874466036778434,-2.163528734597594,3.710937302180839,7.517,6.060867945337657,3.393199736615052,low_confidence
pqr_0371,CNS(=O)(=O)Cc1ccc2[nH]cc(C[C@H]3CCCN3)c2c1,heteroatom_rich_non_qm9,0,1,def2-SVP,-5.631835877983392,-0.8707057103966132,4.761130167586778,8.306,5.998622118978584,2.540737160273018,low_confidence
pqr_0373,CC(=O)OC[C@H]1O[C@@H](n2c(Br)nc3c(N)ncnc32)[C@@H](OC(C)=O)[C@H]1OC(C)=O,heteroatom_rich_non_qm9,0,1,def2-SVP,-6.067976666302354,-1.1084072489252257,4.959569417377129,8.383,6.1065942553062245,2.68633490333686,low_confidence
pqr_0375,C[C@]12CC[C@H]3[C@@H](CCC4=CC(=O)CC[C@@H]43)[C@H]1CC[C@@H]2OC(=O)N(CCCl)N=O,heteroatom_rich_non_qm9,0,1,def2-SVP,-6.477245552978082,-2.6815796031954755,3.795665949782606,9.167,6.154232110747484,2.622763818880342,low_confidence
pqr_0376,Cc1ccc([As](c2ccc(C)cc2)c2ccc(C)cc2)cc1,heteroatom_rich_non_qm9,0,1,def2-SVP,-5.969769311069522,-0.6774636760440269,5.292305635025495,7.971,5.969599545587453,1.9472727405113075,low_confidence
pqr_0377,O=S1Sc2ccccc2S1,heteroatom_rich_non_qm9,0,1,def2-SVP,-6.622203457469664,-2.043690392166092,4.578513065303572,10.536,5.976654882061383,0.2247019919318909,low_confidence
pqr_0380,N/C=C/OP(=O)(O)O,heteroatom_rich_non_qm9,0,1,def2-SVP,-5.473434095170998,-0.4645424938739795,5.00889160129702,7.949,6.214214022319139,4.007722472018623,low_confidence
pqr_0381,CCC(CC)CN(C[C@@H](O)[C@H](Cc1ccccc1)NC(=O)O[C@H]1CO[C@H]2OCC[C@H]21)S(=O)(=O)c1ccc(CO)cc1,heteroatom_rich_non_qm9,0,1,def2-SVP,-6.606252020745391,-1.863916321375934,4.742335699369456,8.551,6.159207111286217,2.3452251833358684,low_confidence
pqr_0382,CC[S@@](=O)c1c(C#N)nn(-c2c(Cl)cc(C(F)(F)F)cc2Cl)c1N,heteroatom_rich_non_qm9,0,1,def2-SVP,-6.103403500969257,-2.5120396079724627,3.591363892996795,6.7700000000000005,5.99015287408553,3.9502677764158056,low_confidence
pqr_0383,C=CCSC#N,heteroatom_rich_non_qm9,0,1,def2-SVP,-7.271670163077582,-0.851703938184437,6.419966224893145,8.5,6.210627100634667,3.657512236855844,low_confidence
pqr_0385,N#Cc1c(NC(=O)c2cc(S(=O)(=O)N3CCOCC3)c(Cl)cc2Cl)sc2c1CCCC2,heteroatom_rich_non_qm9,0,1,def2-SVP,-6.191294060717368,-2.7265863950233395,3.4647076656940285,7.071,6.041175775733066,4.125135235588779,low_confidence
pqr_0386,COc1c(NC(=O)Nc2ccc(-c3ccc(CN4CCOCC4)nc3)c3ccccc23)cc(C(C)(C)C)cc1NS(C)(=O)=O,heteroatom_rich_non_qm9,0,1,def2-SVP,-5.64068004609628,-1.7205319683500198,3.92014807774626,7.436,5.982765493412494,3.523206570843822,low_confidence
pqr_0387,NC(=S)N=C(N)N,heteroatom_rich_non_qm9,0,1,def2-SVP,-4.888706052650234,-0.5391541318938138,4.34955192075642,10.944,6.199006955966702,1.484922089974571,low_confidence
pqr_0388,CSCC[C@@H]1NC(=O)[C@@H](Cc2ccccc2)NC(=O)CCCCCNC1=O,heteroatom_rich_non_qm9,0,1,def2-SVP,-6.039301613216391,-0.6228198331545846,5.416481780061806,8.102,6.047436729553382,2.998781917843589,low_confidence
pqr_0389,CC(C)CN(C[C@@H](O)[C@H](Cc1ccccc1)NC(=O)O[C@H]1CO[C@H]2OCC[C@H]21)S(=O)(=O)c1ccc(C(=O)O)cc1,heteroatom_rich_non_qm9,0,1,def2-SVP,-6.498043900285619,-2.8701504725412565,3.627893427744363,8.048,6.0991409618946175,2.866582363639793,low_confidence
pqr_0390,COc1ccc(S(=O)(=O)N(C[C@H]2CCC(=O)N2)C[C@@H](O)[C@H](Cc2ccccc2)NC(=O)O[C@@H]2C[C@@H]3CCO[C@@H]3C2)cc1,heteroatom_rich_non_qm9,0,1,def2-SVP,-6.262005855831408,-1.6112257329237307,4.650780122907678,8.587,6.105111187011916,2.453534288838945,low_confidence
pqr_0391,CN(C[C@@H]1COCCO1)S(=O)(=O)Nc1ccc2ccc3ncc(-c4cnn(C5CCNCC5)c4)cc3c(=O)c2c1,heteroatom_rich_non_qm9,0,1,def2-SVP,-5.834746220327522,-2.388715000963141,3.4460312193643805,10.725,6.020828554250532,0.3007837883081148,low_confidence
pqr_0393,Cc1ccc(S(=O)(=O)N[C@@H](CCCCN)C(=O)NCC(=O)O)cc1,heteroatom_rich_non_qm9,0,1,def2-SVP,-6.376050834656414,-1.6674347601544817,4.708616074501933,8.763000000000002,6.023623494080898,2.359410900299043,low_confidence
pqr_0394,CC(C)CSC[C@H]1O[C@@H](n2cnc3c(N)ncnc32)[C@H](O)[C@@H]1O,heteroatom_rich_non_qm9,0,1,def2-SVP,-5.751116966572835,-1.030223536988564,4.720893429584271,7.877999999999999,6.172237605163859,2.9261446754001392,low_confidence
pqr_0395,COc1cc(C)c(S(=O)(=O)Nc2c(C)nn(C)c2C)c(C)c1C,heteroatom_rich_non_qm9,0,1,def2-SVP,-6.284158898274416,-1.0004512410963144,5.283707657178102,8.435,6.030601337255025,2.4855205441255155,low_confidence
pqr_0397,CC(C)[C@H](CO)Nc1nc(Sc2cccc(N)c2)c2ncn(C(C)C)c2n1,heteroatom_rich_non_qm9,0,1,def2-SVP,-5.341597326209471,-1.307406696715152,4.034190629494319,7.734000000000001,5.943992806211604,3.3738718173541296,low_confidence
pqr_0398,CCCCCOc1ccc([C@@H]2SC(=O)NC2=O)cc1OCC,heteroatom_rich_non_qm9,0,1,def2-SVP,-5.92659061159863,-1.2562620805049616,4.670328531093668,10.66,5.973019511398586,0.4306339809796942,low_confidence
pqr_0399,CCNS(=O)(=O)c1ccc2c(c1)CN(C)C(=O)N2,heteroatom_rich_non_qm9,0,1,def2-SVP,-6.639408921337075,-1.590642549973767,5.048766371363308,8.214,6.013842664975722,2.542592951685036,low_confidence
pqr_0400,O=C1O[C@H]([C@H](O)CO)C(O)=C1OS(=O)(=O)O,heteroatom_rich_non_qm9,0,1,def2-SVP,-7.377954918763111,-2.120186181861812,5.257768736901299,12.112,6.305659363087239,0.2899671244597339,low_confidence
pqr_0401,CC(=O)[O][Sn]([O]C(C)=O)([O]C(C)=O)[O]C(C)=O,heteroatom_rich_non_qm9,0,1,def2-SVP,-7.190002123952386,-2.873782364481215,4.316219759471172,11.51,7.194662352254108,1.2042940394906214,low_confidence
pqr_0402,CC(=O)N[C@@H](CSC(=O)[C@@]1([C@@H](O)C(C)C)NC(=O)[C@@H](C)[C@H]1O)C(=O)O,heteroatom_rich_non_qm9,0,1,def2-SVP,-6.553400989783815,-1.689850798241794,4.863550191542021,8.514,6.441330276047863,3.733204344109232,low_confidence
pqr_0403,C[S@@](=O)CCCCNC=S,heteroatom_rich_non_qm9,0,1,def2-SVP,-5.694285775861983,-1.2043937339421535,4.489892041919829,10.983,7.241306702581609,1.6025366580829523,low_confidence
pqr_0404,CCC(C)(C)CC(=O)SC1(C)CC1,heteroatom_rich_non_qm9,0,1,def2-SVP,-6.3276185204813205,-1.4268335099332152,4.9007850105481054,11.756,6.785169520899564,1.4196664925578766,low_confidence
pqr_0405,CC[C@@H]1C[C@@H](C(=O)N[C@@H]([C@@H]2O[C@H](SC)[C@H](O)[C@@H](O)[C@H]2O)[C@@H](C)O)N(C)C1,heteroatom_rich_non_qm9,0,1,def2-SVP,-5.852261704157809,-0.0681547582908771,5.784106945866932,11.715,7.354961444855004,0.3278998532373443,low_confidence
pqr_0406,CN(CC(=O)O)/C(N)=N/P(=O)(O)O,heteroatom_rich_non_qm9,0,1,def2-SVP,-6.290488578182391,-0.9756397434040912,5.314848834778299,9.707,6.550912393221015,2.3067223044438308,low_confidence
pqr_0407,O=C[C@H](NS(=O)(=O)O)[C@@H](O)[C@H](O)[C@H](O)CO,heteroatom_rich_non_qm9,0,1,def2-SVP,-6.90158330218846,-1.0780316607987752,5.823551641389684,9.842,6.338213225751176,2.5684017116722497,low_confidence
pqr_0408,CC1(C)CC[C@H]1C(=O)SC1CCCC1,heteroatom_rich_non_qm9,0,1,def2-SVP,-6.1028941003975286,-1.4076478513568271,4.695246249040702,11.722,6.771630757054187,1.0735494641223635,low_confidence
pqr_0409,O=C(Cl)CCCCCl,heteroatom_rich_non_qm9,0,1,def2-SVP,-7.9046130569874355,-1.4040853478164106,6.500527709171025,10.882,6.928389206892508,1.8014374705575484,low_confidence
pqr_0410,CCCC(C)(C)SC(=O)CC(C)(C)CC,heteroatom_rich_non_qm9,0,1,def2-SVP,-6.470963280790076,-1.2367256683537822,5.234237612436294,11.774,6.81835133155748,1.6099214366701418,low_confidence
pqr_0411,CCC(=S)[C@H]1CC[C@@H]1C,heteroatom_rich_non_qm9,0,1,def2-SVP,-5.624982903595099,-1.5280369495759738,4.096945954019126,7.340000000000001,7.345739663531501,5.759565459405613,low_confidence
pqr_0412,CC(C)CCN=C=S,heteroatom_rich_non_qm9,0,1,def2-SVP,-6.789401464838037,-1.498138926436472,5.291262538401566,8.083,6.978721598100225,4.456311946644892,low_confidence
pqr_0413,CCCCCCOc1nsnc1C1=CCCN(C)C1,heteroatom_rich_non_qm9,0,1,def2-SVP,-5.984496487523675,-1.76931212111265,4.215184366411025,7.948,6.2774776193880495,3.2426398373738934,low_confidence
pqr_0414,CSc1cc(O)c(SC)c(SC)c1O,heteroatom_rich_non_qm9,0,1,def2-SVP,-5.901028948489155,-1.169276113193255,4.731752835295899,10.041,6.322576660164782,1.4555322250845606,low_confidence
pqr_0415,C=CCCl,heteroatom_rich_non_qm9,0,1,def2-SVP,-7.247452386612963,-0.5396463834456937,6.707806003167269,10.818,6.79658177541341,1.083209083258767,low_confidence
pqr_0416,CCC(C)(C)CC(=O)S[C@@H]1C[C@H]1C,heteroatom_rich_non_qm9,0,1,def2-SVP,-6.176833063943032,-1.3102407384957957,4.866592325447236,11.642,6.798435630352884,1.5702767275665828,low_confidence
pqr_0417,CSCC[C@@](C)(N)C(=O)O,heteroatom_rich_non_qm9,0,1,def2-SVP,-5.935821189862686,-0.2524561640656857,5.683365025797,11.666,7.141137066748524,1.1380191405068647,low_confidence
pqr_0418,O=C(O)[C@H]1CO[P@@](=O)(O)O[P@@](=O)(O)O1,heteroatom_rich_non_qm9,0,1,def2-SVP,-8.154654078415529,-2.134998784214333,6.019655294201197,8.718,6.85450335129034,3.4089326239515643,low_confidence
pqr_0419,Brc1cc(Br)c(Oc2c(Br)cc(Br)c(Br)c2Br)c(Br)c1Br,heteroatom_rich_non_qm9,0,1,def2-SVP,-6.819842620827981,-2.1184881238324484,4.701354496995533,11.192,6.287515154195749,0.6130562430287831,low_confidence
pqr_0420,C[C@H](O)C(=O)Nc1c(I)c(C(=O)NC(CO)CO)c(I)c(C(=O)NC(CO)CO)c1I,heteroatom_rich_non_qm9,0,1,def2-SVP,-6.514703775042828,-2.111717503643524,4.402986271399303,7.712999999999999,6.262082472034434,3.993730093469919,low_confidence
pqr_0421,O=C(O)CNCP(=O)(O)O,heteroatom_rich_non_qm9,0,1,def2-SVP,-6.972736585363061,-0.7267211475392524,6.246015437823809,9.861,6.745009755543921,2.251319061542322,low_confidence
pqr_0422,C[C@H]1C[C@H]1C(=O)SC1CCC1,heteroatom_rich_non_qm9,0,1,def2-SVP,-6.152166839161195,-1.4600551573583258,4.692111681802869,11.755,6.778196807819334,0.8926181595678955,low_confidence
pqr_0423,CCCCCC/C=C\CCCCCCCC(=O)O[C@H](COC(=O)CCCCCCC/C=C\CCCCCCCC)CO[P@@](=O)(O)OC[C@H](O)CO,heteroatom_rich_non_qm9,0,1,def2-SVP,-6.428638587685061,-0.7653947884964528,5.663243799188607,9.224,6.269176526044485,2.570830796333757,low_confidence
pqr_0424,O=C(O)CS,heteroatom_rich_non_qm9,0,1,def2-SVP,-6.826194905266171,-0.7759928466115064,6.050202058654664,8.559000000000001,7.081743172072262,4.050276746472754,low_confidence
pqr_0425,Clc1ccccc1Cl,heteroatom_rich_non_qm9,0,1,def2-SVP,-6.885805344744925,-0.8753423730112514,6.010462971733674,12.254,6.318240072090496,2.4422656884106093,low_confidence
pqr_0426,CC[C@H](C)C(=O)S[C@@H]1C[C@H]1C,heteroatom_rich_non_qm9,0,1,def2-SVP,-6.1722719183535775,-1.2422583477273073,4.9300135706262695,11.626,6.777655615294929,1.341174703267917,low_confidence
pqr_0427,CNC(=S)NC,heteroatom_rich_non_qm9,0,1,def2-SVP,-5.341906249027892,0.0663057403628528,5.408211989390744,11.517,6.986708180675372,0.4003955779963064,low_confidence
pqr_0428,NS(=O)(=O)c1nnc(NC(=O)[C@]23C[C@H]4C[C@H](C[C@H](C4)C2)C3)s1,heteroatom_rich_non_qm9,0,1,def2-SVP,-7.379107570483762,-2.371402401287668,5.007705169196094,7.864,6.323391780432528,3.795233665434197,low_confidence
pqr_0430,O=S(Br)Br,heteroatom_rich_non_qm9,0,1,def2-SVP,-8.1396020417854,-3.46315898535443,4.676443056430969,7.569000000000001,7.072794813618092,5.108981238649973,low_confidence
pqr_0431,C[C@H](N)Cc1ccc(I)cc1,heteroatom_rich_non_qm9,0,1,def2-SVP,-6.360607407590168,-0.7988370194935029,5.561770388096665,8.567,6.428191196376314,1.6994500889184678,low_confidence
pqr_0432,CN1C(=O)[C@H]2SS[C@@H]1C(=O)N2C,heteroatom_rich_non_qm9,0,1,def2-SVP,-6.236448398223373,-1.9148342271219791,4.321614171101393,6.832000000000001,6.303925151110905,4.962008581270519,low_confidence
pqr_0434,CCCCCCCCCCCCCCCC(=O)OC[C@H](CSC[C@H](N)CO)OC(=O)CCCCCCCCCCCCCCC,heteroatom_rich_non_qm9,0,1,def2-SVP,-5.740130254208749,-0.515261227102087,5.224869027106662,8.703000000000001,7.189308647301207,3.596229657138585,low_confidence
pqr_0435,C[C@H]1C[C@@H](C(=S)C2CC2)C1,heteroatom_rich_non_qm9,0,1,def2-SVP,-5.536129375938098,-1.491681725553236,4.044447650384862,7.301,7.313965759712852,5.449335094398762,low_confidence
pqr_0436,C[C@@H]1CCC(=N)S1,heteroatom_rich_non_qm9,0,1,def2-SVP,-6.223761246708442,-0.2231602668138732,6.0006009798945685,8.571,7.292005461694268,4.209869676336533,low_confidence
pqr_0438,NC(=O)C1=NC=N[C@@H]1/N=N/N(CCCl)CCCl,heteroatom_rich_non_qm9,0,1,def2-SVP,-6.035283312930414,-2.63074997358803,3.404533339342384,8.591,6.333250772412938,3.4303076406315096,low_confidence
pqr_0439,CC(C)O[P@](=O)(O)OC[C@H](N)C(=O)O,heteroatom_rich_non_qm9,0,1,def2-SVP,-7.321399935817521,-1.024355452287077,6.297044483530445,9.176,6.847229782199074,2.964068263273388,low_confidence
pqr_0440,C=C(C)C(=O)OCCCCCCCCCCCBr,heteroatom_rich_non_qm9,0,1,def2-SVP,-7.291714435754784,-1.626143380091437,5.665571055663347,10.057,6.37182320539813,2.0105225815035244,low_confidence
pqr_0441,CCCC(=O)OC(=C(Cl)Cl)P(=O)(OC)OC,heteroatom_rich_non_qm9,0,1,def2-SVP,-7.092740831669829,-2.048082494683252,5.044658336986577,11.956,6.62176181996336,0.0872013608747597,low_confidence
pqr_0442,CC[C@]1(Cl)C(=O)NC(=O)N([C@H]2C[C@H](O)[C@@H](CO)O2)[C@@H]1OC,heteroatom_rich_non_qm9,0,1,def2-SVP,-6.886726057842672,-1.5751759648785324,5.31155009296414,12.765,6.5449546877921545,0.8910643661435458,low_confidence
pqr_0443,C=C(C)C(=O)O[C@H]1CC(=C)[C@@H]2[C@@H](O)[C@H](O)[C@](O)(CCl)[C@@H]2[C@H]2OC(=O)C(=C)[C@@H]21,heteroatom_rich_non_qm9,0,1,def2-SVP,-7.021212464361045,-2.0420267634283227,4.979185700932723,9.761,6.289322605076206,1.7281156063946934,low_confidence
pqr_0444,CO[P@](O)(=S)O[C@H]1CC[C@@]2(C)C(=CC[C@@H]3[C@@H]2CC[C@]2(C)C(=O)CC[C@@H]32)C1,heteroatom_rich_non_qm9,0,1,def2-SVP,-6.44498767386658,-0.6906935226489574,5.754294151217622,8.767,6.288398548723501,3.1844421023078766,low_confidence
pqr_0445,CCCO[C@@H]1[C@H](O)[C@@H](COP(=O)(O)O)O[C@H]1n1cc(C)c(=O)[nH]c1=O,heteroatom_rich_non_qm9,0,1,def2-SVP,-6.641076012607768,-1.6817522347286535,4.959323777879115,8.755,6.271566496911652,2.097788855026554,low_confidence
pqr_0446,Fc1c(F)c(F)c(I)c(F)c1F,heteroatom_rich_non_qm9,0,1,def2-SVP,-7.282225559534586,-2.1092074725047643,5.1730180870298215,10.743,6.302258502009252,0.2412284389024819,low_confidence
pqr_0447,CC1([C@@H](NC(=O)[C@H](CS)NC(=O)CCC[C@H](N)C(=O)O)C(=O)O)CC1,heteroatom_rich_non_qm9,0,1,def2-SVP,-6.808872118115979,-0.8144446072742891,5.994427510841691,8.278,6.51882734094206,3.962451585057403,low_confidence
pqr_0448,N[C@H](CCSC[C@@H](N)C(=O)O)C(=O)O,heteroatom_rich_non_qm9,0,1,def2-SVP,-6.149095058108647,-0.6728167694457595,5.476278288662887,11.689,6.694539123139647,0.5733099803569814,low_confidence
pqr_0449,CCc1c(Br)c(Br)c(Br)c(Br)c1Br,heteroatom_rich_non_qm9,0,1,def2-SVP,-6.975810886361473,-2.1543590207831484,4.821451865578325,8.414,6.404008543253642,2.260870643332576,low_confidence
pqr_0450,CCCCC[S@@](=O)[C@H]1CC1(C)C,heteroatom_rich_non_qm9,0,1,def2-SVP,-5.639919576530711,0.5477389378994332,6.187658514430144,12.764,8.099555496491005,0.0731006830018419,low_confidence
pqr_0451,CC[C@@H](C)PC1CCC1,heteroatom_rich_non_qm9,0,1,def2-SVP,-6.473256374695943,0.6601028789043932,7.133359253600336,13.135,8.924444650299137,0.4958306199320272,low_confidence
pqr_0452,CSSSSC,heteroatom_rich_non_qm9,0,1,def2-SVP,-6.036856867826328,-1.5503895766277864,4.486467291198542,9.881,8.876202448396562,3.139009130035941,low_confidence
pqr_0453,OC(O)CCl,heteroatom_rich_non_qm9,0,1,def2-SVP,-7.446411271997231,0.3465975641554509,7.793008836152683,14.549,8.551280682630757,1.1155369704439764,low_confidence
pqr_0454,O=S(=O)(O)CCN(CCCl)CCCl,heteroatom_rich_non_qm9,0,1,def2-SVP,-6.610773786866966,-0.4298650942547384,6.180908692612228,13.187,8.015304934746032,0.8380257642375497,low_confidence
pqr_0455,C[C@H]1CC[C@@H]1[S@@](=O)CCC(C)(C)C,heteroatom_rich_non_qm9,0,1,def2-SVP,-5.7074849408260855,0.523443623317881,6.230928564143967,12.809,8.038748871940351,0.0788218612656486,low_confidence
pqr_0456,CC[C@H](C)SC,heteroatom_rich_non_qm9,0,1,def2-SVP,-5.805017150125988,0.9744521373505604,6.779469287476549,11.727,8.864808047843681,1.7370079631434514,low_confidence
pqr_0458,CC(C)CCP[C@@H]1C[C@@H]1C,heteroatom_rich_non_qm9,0,1,def2-SVP,-6.595402953656012,0.8216073713337864,7.417010324989798,13.194,8.884107348658576,0.3520371623630218,low_confidence
pqr_0459,BrCI,heteroatom_rich_non_qm9,0,1,def2-SVP,-7.087213993094319,-1.5636101086488483,5.523603884445471,12.067,9.238770215201924,1.3660733758863175,low_confidence
pqr_0460,[F][Ti]([F])([Cl])[Cl],heteroatom_rich_non_qm9,0,1,def2-SVP,-9.491919997111545,-5.148935704657173,4.342984292454369,12.259,8.881649997659778,1.1164783215120124,low_confidence
pqr_0461,CC(C)(C)CCC(=S)[C@H]1CC1(C)C,heteroatom_rich_non_qm9,0,1,def2-SVP,-5.4556008281416295,-1.4692139790766443,3.9863868490649854,7.338000000000001,7.387277208984605,6.031347801053766,low_confidence
pqr_0462,CCOP(=O)(OCC)SCSP(=O)(OCC)OCC,heteroatom_rich_non_qm9,0,1,def2-SVP,-6.9857034759234535,-1.0271233535153712,5.958580122408081,7.983999999999999,8.12748863426426,4.570712431411962,low_confidence
pqr_0463,CC(C)CC(=S)C1CC(C)(C)C1,heteroatom_rich_non_qm9,0,1,def2-SVP,-5.774072847365702,-1.4576265014669925,4.31644634589871,10.645,7.425765306707872,2.580054137906074,low_confidence
pqr_0464,CPCC(C)(C)C,heteroatom_rich_non_qm9,0,1,def2-SVP,-6.49278744174287,0.7526755289513628,7.245462970694232,13.239999999999998,9.000786392754618,0.8722331350255743,low_confidence
pqr_0465,O=[S@](O)CO,heteroatom_rich_non_qm9,0,1,def2-SVP,-6.762738194831167,-0.4182122037229414,6.344525991108226,12.644,8.097937720930064,0.3602650881463471,low_confidence
pqr_0466,CPCCC(C)(C)C,heteroatom_rich_non_qm9,0,1,def2-SVP,-6.545636692372459,0.7324611385294693,7.278097830901927,13.234,9.026620134680735,1.0611968335837003,low_confidence
pqr_0467,CC[C@H](C)P[C@@H]1C[C@H]1C,heteroatom_rich_non_qm9,0,1,def2-SVP,-6.248697706029899,0.8114589109447651,7.060156616974665,13.1135,8.872725744613753,0.4228096805897454,low_confidence
pqr_0468,CCC(C)(C)CC(=S)C1CCCCC1,heteroatom_rich_non_qm9,0,1,def2-SVP,-5.606985660463318,-1.4202523339841928,4.186733326479125,10.58,7.426157796127525,2.6635225061134893,low_confidence
pqr_0469,CCCCC[S@@](=O)C(C)(C)CCC,heteroatom_rich_non_qm9,0,1,def2-SVP,-5.5802694171296965,0.6997901480982802,6.280059565227977,12.7165,8.029905409339722,0.1498428113903696,low_confidence
pqr_0470,[Cl][Pt][Cl],heteroatom_rich_non_qm9,0,1,def2-SVP,-6.84085471699817,-5.14464873115998,1.6962059858381904,9.265,8.491894328641367,3.689943252656123,low_confidence
pqr_0471,CCCCS[C@@H]1CC[C@H]1C,heteroatom_rich_non_qm9,0,1,def2-SVP,-5.79296336888843,0.6769396330086336,6.469903001897063,11.693,8.756728465269,1.7135076934825015,low_confidence
pqr_0472,C[C@H]1C[C@@H]1[S@](=O)[C@@H]1CC1(C)C,heteroatom_rich_non_qm9,0,1,def2-SVP,-5.741928347247946,0.6608879337750501,6.402816281022996,12.779,8.051281048363508,0.2419630431791652,low_confidence
pqr_0473,CCCCCS[C@H](C)CCC,heteroatom_rich_non_qm9,0,1,def2-SVP,-5.743712013463438,0.8766061953197564,6.620318208783194,11.714,8.823680334609596,1.9558069035391392,low_confidence
pqr_0474,S=P(N1CC1)(N1CC1)N1CCN(P(=S)(N2CC2)N2CC2)CC1,heteroatom_rich_non_qm9,0,1,def2-SVP,-6.092713130346553,0.842585471561188,6.935298601907741,8.556999999999999,7.900852229531424,3.806971456746103,low_confidence
pqr_0475,CC1(C)C[C@H]1SC1CCC1,heteroatom_rich_non_qm9,0,1,def2-SVP,-5.661792933937209,0.4628121512418839,6.124605085179092,11.685,8.646277567485402,1.8504285865717112,low_confidence
pqr_0476,CC(C)P[C@H]1CC[C@H]1C,heteroatom_rich_non_qm9,0,1,def2-SVP,-5.968742946659523,0.6394039908853579,6.6081469375448805,13.0405,8.87586831089297,0.6953437496614736,low_confidence
pqr_0477,CC[C@H](C)[S@](=O)[C@H]1CC[C@@H]1C,heteroatom_rich_non_qm9,0,1,def2-SVP,-5.6424570219859564,0.9140413886887552,6.556498410674712,12.737,8.01384403649568,0.103856518092444,low_confidence
pqr_0479,CS[C@H]1C[C@@H]1C,heteroatom_rich_non_qm9,0,1,def2-SVP,-5.819765286216206,0.8700818358430933,6.689847122059299,11.708,8.774564862049655,1.354381976920683,low_confidence
pqr_0480,[Br][Bi]([Br])[Br],heteroatom_rich_non_qm9,0,1,def2-SVP,-7.602883067575299,-2.9205249759759946,4.682358091599305,7.616,8.441139805271664,5.320030377208706,low_confidence
pqr_0481,CCP(C)CC(C)(C)C,heteroatom_rich_non_qm9,0,1,def2-SVP,-6.054336630408883,1.0541211239906323,7.108457754399515,12.955000000000002,8.898934402043697,1.2601243468515548,low_confidence
pqr_0482,O[C@H](CON=S)[C@H](O)CON=S,heteroatom_rich_non_qm9,0,1,def2-SVP,-6.003525730607769,-3.1314584680471147,2.8720672625606536,7.183999999999999,7.395539309089967,5.125609161867125,low_confidence
pqr_0484,[OH][Ca][OH],heteroatom_rich_non_qm9,0,1,def2-SVP,-5.336910806474712,-3.170414528471328,2.166496278003385,15.988,8.890216641350914,2.8893390573788835,low_confidence
pqr_0485,CCCCCC(=S)[C@H]1C[C@@H](C)C1,heteroatom_rich_non_qm9,0,1,def2-SVP,-5.6064488211970245,-1.5562296841253906,4.050219137071633,7.349,7.39532463624068,5.63755180022706,low_confidence
pqr_0486,C1CN1P1(N2CC2)=NP(N2CC2)(N2CC2)=NP(N2CC2)(N2CC2)=N1,heteroatom_rich_non_qm9,0,1,def2-SVP,-5.785467897488354,0.7792641165749016,6.564732014063256,8.158999999999999,7.88787063279656,4.067035751942951,low_confidence
pqr_0487,CC(C)PC1(C)CC1,heteroatom_rich_non_qm9,0,1,def2-SVP,-6.352930557424736,0.5744526374274419,6.927383194852177,13.105,8.838421920156675,0.4542623488095962,low_confidence
pqr_0488,CCCCC(=S)[C@H](C)CC,heteroatom_rich_non_qm9,0,1,def2-SVP,-5.586435602474219,-1.3516068093736189,4.234828793100601,10.647,7.427960178490696,2.678951139273952,low_confidence
pqr_0489,O=P(O)(O)O[C@H]1OC[C@@H](O)[C@H](O)[C@H]1O,heteroatom_rich_non_qm9,0,1,def2-SVP,-7.261151189102796,-0.6875132235843243,6.573637965518472,10.009,7.91984858982063,2.428084173824683,low_confidence
pqr_0490,C[C@@H]1CC[C@H]1S[C@@H]1CCC1(C)C,heteroatom_rich_non_qm9,0,1,def2-SVP,-5.696055468067426,0.6229051547660744,6.318960622833501,11.702,8.632768385139427,1.5629387501313925,low_confidence
pqr_0491,CC[C@H](C)[S@@](=O)[C@@H]1CC1(C)C,heteroatom_rich_non_qm9,0,1,def2-SVP,-5.642142394699369,0.8037897335057452,6.445932128205114,12.751,8.02920416368689,0.0248244354770772,low_confidence
pqr_0492,C[C@@H]1CC[C@H]1P[C@H]1C[C@@H](C)C1,heteroatom_rich_non_qm9,0,1,def2-SVP,-6.142822052648929,0.5870919009131378,6.729913953562067,13.144000000000002,8.790759835617262,0.2407746158488599,low_confidence
pqr_0493,BrBr,heteroatom_rich_non_qm9,0,1,def2-SVP,-7.806484377560552,-4.233408176341006,3.573076201219546,11.2,7.846587842894026,1.2869826782458436,low_confidence
pqr_0494,C[C@@H]1CC[C@@H]1C(=S)C1CCCCC1,heteroatom_rich_non_qm9,0,1,def2-SVP,-5.4476857409103765,-1.2885064106004829,4.159179330309894,10.577,7.395797314211022,2.547530456996089,low_confidence
pqr_0495,CS,heteroatom_rich_non_qm9,0,1,def2-SVP,-6.267573859312713,0.4287232298449522,6.696297089157666,11.625,9.215305109485616,1.6190806913807396,low_confidence
pqr_0496,CC[C@@H](C)[S@@](=O)[C@H]1CC[C@@H]1C,heteroatom_rich_non_qm9,0,1,def2-SVP,-5.720418984984404,0.8528964744111107,6.573315459395514,12.7,8.01575503323258,0.0599296440186698,low_confidence
pqr_0497,CCO[P@](C)(=O)SCCN(C)C,heteroatom_rich_non_qm9,0,1,def2-SVP,-5.692047807584422,0.0529924482204073,5.745040255804829,8.370999999999999,7.900231700301879,3.650905875240735,low_confidence
pqr_0498,C[C@H]1CC[C@@H]1[S@@](=O)C1CC(C)(C)C1,heteroatom_rich_non_qm9,0,1,def2-SVP,-5.55549414344741,0.6767782807800445,6.232272424227454,12.766,8.034848897242401,0.1386977954354922,low_confidence
pqr_0499,CCS[C@H]1C[C@H](C)C1,heteroatom_rich_non_qm9,0,1,def2-SVP,-5.816424631563103,0.6179167551333534,6.434341386696456,11.706,8.717198303561343,1.714726300884637,low_confidence
pqr_0502,Cc1c(O)ccc2c1Oc1c(ccc(O)c1C)C21OC(=O)c2ccccc21,large_neutral_organic,0,1,"6-31G(d,p)",-5.89726448930216,-1.4338474888537849,4.463417000448375,8.328,5.670641382894501,2.6029280651198654,low_confidence
pqr_0504,CC(=O)C1=C(O)C(Cc2c(O)c(C(C)=O)c(O)c3c2OC(C)(C)C=C3)=C(O)[C@@](C)(CC=C(C)C)C1=O,large_neutral_organic,0,1,"6-31G(d,p)",-5.527846977363927,-1.4826772018601193,4.045169775503807,8.118,5.585212032354896,3.03780041072803,low_confidence
pqr_0506,Cc1ccc([C@H](C(=O)C2C(=O)c3ccccc3C2=O)c2ccccc2)cc1,large_neutral_organic,0,1,"6-31G(d,p)",-6.2082170838605055,-2.548138072261106,3.6600790115994,7.845000000000001,5.303941746975776,3.3097099869310487,low_confidence
pqr_0507,O=C(/C=C/c1ccc(O)c(O)c1)NCCc1ccc(O)cc1,large_neutral_organic,0,1,"6-31G(d,p)",-5.608433665517803,-1.2789168517722058,4.329516813745598,8.097000000000001,5.510842671464681,2.831695002676888,low_confidence
pqr_0508,c1cncc(Nc2ncc(-c3ccncn3)c(-c3ccco3)n2)c1,large_neutral_organic,0,1,"6-31G(d,p)",-5.910164297529496,-1.7331002901001622,4.177064007429334,7.664,5.565800812280079,2.853823323664047,low_confidence
pqr_0510,Cc1c(COc2ccc([N+](=O)[O-])cc2)c2c(n1C)C(=O)C=C(NCCCCN)C2=O,large_neutral_organic,0,1,"6-31G(d,p)",-5.9870677670076535,-2.8952303944431685,3.091837372564485,7.3475,5.653702701242289,3.754895625334504,low_confidence
pqr_0512,O[C@@H]1C=Cc2c(ccc3cc4c(ccc5ccccc54)cc23)[C@H]1O,large_neutral_organic,0,1,"6-31G(d,p)",-4.990039112845901,-1.8055325067850012,3.1845066060608995,7.172000000000001,5.455029926952598,3.432132407942124,low_confidence
pqr_0514,CCC/C(=N/OCc1ccc(-c2ccc(F)cc2)cc1)[C@@H]1C(=O)CC(C)(C)[C@H](C#N)C1=O,large_neutral_organic,0,1,"6-31G(d,p)",-6.225754854707367,-1.472156770561783,4.753598084145584,11.873,5.701357937268018,0.7486449679593772,low_confidence
pqr_0518,CC(C)(C)C(=O)CCC1C(=O)N(c2ccccc2)N(c2ccccc2)C1=O,large_neutral_organic,0,1,"6-31G(d,p)",-5.603393547378861,-1.0245634187945312,4.578830128584329,8.718,5.604836314266106,2.552942074105154,low_confidence
pqr_0520,O=C(O)c1cc(NCc2cccc([N+](=O)[O-])c2)cc(C(=O)O)c1,large_neutral_organic,0,1,"6-31G(d,p)",-6.040340454716866,-2.9882988303798386,3.0520416243370283,10.555,5.6956662423956725,0.4741106566901489,low_confidence
pqr_0521,Nc1nc(-c2ccc3c(N)[nH]nc3c2)cc(N2CCO[C@H](C(=O)Nc3ccccc3)C2)n1,large_neutral_organic,0,1,"6-31G(d,p)",-4.674003985527893,-1.185722051746698,3.488281933781195,7.678000000000001,5.671786324854963,3.258882184781571,low_confidence
pqr_0522,CC1=CC(=O)c2c(O)c(O)c(O)c3c2C1=C1O[C@H](C)C(C)(C)[C@@]1(O)C3=O,large_neutral_organic,0,1,"6-31G(d,p)",-5.567724348142713,-2.339550905080705,3.2281734430620075,7.364000000000001,5.607040238713012,3.856068088329877,low_confidence
pqr_0523,C=C1CC(=O)O[C@]12c1ccc(O[C@H]3OC(=C=O)C(=O)C(=O)C3=O)cc1OC1=C3O[C@@H](C(=O)C(=O)C(=O)C=C=O)O[C@H]3C=C[C@H]12,large_neutral_organic,0,1,"6-31G(d,p)",-5.871852085877237,-4.728459736275744,1.1433923496014926,8.411,5.704395526751856,2.55604039559351,low_confidence
pqr_0524,O=C(Nc1ccc2[nH]ccc2c1)c1cc(F)cc(N2CCOCC2)c1,large_neutral_organic,0,1,"6-31G(d,p)",-5.166855450357472,-1.3654475131556614,3.8014079372018106,10.759,5.617278425178608,0.2738659401352823,low_confidence
pqr_0525,CC[C@H](O)C[C@@H](O)c1c(CC(=O)OC)cc2c(c1O)C(=O)c1c(O)cccc1C2=O,large_neutral_organic,0,1,"6-31G(d,p)",-6.277767763557581,-2.60176939952269,3.6759983640348906,10.645,5.708972787306241,0.4945978024421436,low_confidence
pqr_0526,C=C1C(=O)C(=C=O)C/C1=C\Cc1cccc(C)c1C#CC[C@H]1CC1=C=C1COC(=C)C1(F)F,large_neutral_organic,0,1,"6-31G(d,p)",-5.7059110124005965,-2.2075415990071066,3.49836941339349,6.583,5.685099666208076,4.585944107989697,low_confidence
pqr_0527,CC(C)=CCC[C@]1(C)[C@H](CC=C(C)C)C[C@]2(CC=C(C)C)C(=O)C(CC=C(C)C)=C(O)[C@@]1(C(=O)C(C)C)C2=O,large_neutral_organic,0,1,"6-31G(d,p)",-5.730966964680996,-1.64786949172162,4.083097472959376,8.864999999999998,5.546472542451275,3.106495612028892,low_confidence
pqr_0528,C=C1[C@@H](C)[C@H]2[C@H](Cc3c[nH]c4ccccc34)NC(=O)[C@]23C(=O)/C=C/C(=O)[C@H](O)/C(C)=C\[C@@H](C)C/C=C/[C@H]3[C@@H]1O,large_neutral_organic,0,1,"6-31G(d,p)",-5.342890422742766,-2.459174530927149,2.883715891815617,11.335,5.669402668783677,0.0811866444263511,low_confidence
pqr_0529,N=C(N)c1ccc(-c2cc3cc(C(=N)N)ccc3o2)cc1,large_neutral_organic,0,1,"6-31G(d,p)",-5.60726198801787,-1.613430892663355,3.993831095354515,7.868,5.455753100238485,2.700908635494386,low_confidence
pqr_0530,N#CC1=C(N)NN/C1=C(C#N)\C=C1/C=Nc2ccccc21,large_neutral_organic,0,1,"6-31G(d,p)",-5.261617381716474,-2.1900917347748976,3.071525646941576,7.281,5.511779785317609,3.568010080668265,low_confidence
pqr_0531,c1cc(Nc2cc(C3CC3)n[nH]2)nc(Nc2ccc3[nH]cnc3c2)n1,large_neutral_organic,0,1,"6-31G(d,p)",-5.140934352800301,-0.6861209401357181,4.454813412664583,8.029,5.642729905483776,2.29018782760752,low_confidence
pqr_0532,Cc1cc2c(c(O)c1O)C(=O)c1c(O)cc(O)cc1C2=O,large_neutral_organic,0,1,"6-31G(d,p)",-5.946270312889869,-2.5290827584524656,3.417187554437403,10.462,5.280705843826338,0.9580028187414058,low_confidence
pqr_0533,C=C1C(=O)[C@@]23[C@@H]4C[C@H]5C(=CCC5(C)C)[C@@](C)(O4)[C@@H]2CC[C@@H]1[C@H]3O,large_neutral_organic,0,1,"6-31G(d,p)",-6.200843237922515,-1.9480057844775664,4.252837453444949,9.098,5.693579529674301,2.6538697482917417,low_confidence
pqr_0534,O=C(/C=C/c1ccc2c(c1)OCO2)/C=C/c1ccc2c(c1)OCO2,large_neutral_organic,0,1,"6-31G(d,p)",-5.698551213620491,-1.8420573462550052,3.8564938673654856,7.925,5.387260399408095,3.166222620780739,low_confidence
pqr_0535,O=C1C=CC(=O)C12C=CC1(Oc3cccc4cccc(c34)O1)[C@H]2O,large_neutral_organic,0,1,"6-31G(d,p)",-5.215283292312199,-2.9511317723464763,2.2641515199657225,7.186999999999999,5.352619151430918,3.8010520104634384,low_confidence
pqr_0536,O=C[C@H](Cc1ccccc1)NC(=O)[C@@H]1Cc2ccc(cc2)OCCCCOc2ccc(cc2)CCC(=O)c2ccc([nH]2)C(=O)N1,large_neutral_organic,0,1,"6-31G(d,p)",-6.033885520038425,-1.8435341886112373,4.190351331427188,8.551,5.638822908404691,2.5579385387842866,low_confidence
pqr_0537,COc1ccc(C(=O)Nc2nc3ccccc3c(NCc3ccccc3)c2C#N)cc1,large_neutral_organic,0,1,"6-31G(d,p)",-5.84222409958772,-1.9542888072943407,3.8879352922933794,10.812,5.564502794874424,0.0169692991781449,low_confidence
pqr_0538,O=C1c2c(O)cc(O)cc2O[C@@]1(O)Cc1cc(O)c(O)c(O)c1,large_neutral_organic,0,1,"6-31G(d,p)",-5.222311501259277,-1.4191792707440234,3.8031322305152537,11.294,5.495769444532824,0.3012871405286663,low_confidence
pqr_0539,COC(=O)c1c2c(c3ccccc3c1O)OC(C)(C)C=C2,large_neutral_organic,0,1,"6-31G(d,p)",-4.987872433938343,-1.2865210611128046,3.701351372825538,7.382000000000001,5.661416913967044,3.589962285027366,low_confidence
pqr_0541,O=C(O)C(=O)c1cn(Cc2ccccc2)c2ccc(-c3ccc(OC(F)(F)F)cc3)cc12,large_neutral_organic,0,1,"6-31G(d,p)",-5.708145333241591,-2.417539525790072,3.2906058074515188,7.948,5.620206562604055,2.920359939711457,low_confidence
pqr_0543,CN(C)[C@@H]1C(=O)C(C(N)=O)=C(O)[C@@]2(O)C(=O)C3=C(O)c4c(O)ccc(N5CC5)c4C[C@H]3C[C@@H]12,large_neutral_organic,0,1,"6-31G(d,p)",-4.98243243799518,-2.311362649081292,2.671069788913888,7.854,5.677477769283561,3.466644015992262,low_confidence
pqr_0548,Cc1nc(N)nc2c1/C(=N/O)C[C@@H](c1ccc(F)cc1-c1cccnc1)C2,large_neutral_organic,0,1,"6-31G(d,p)",-5.650149672960445,-0.9729634986137567,4.677186174346687,11.409,5.683897144750329,0.421859598677079,low_confidence
pqr_0549,Cc1cc(-c2ncc(CC(=O)Nc3ccc(-c4cnccn4)cn3)cc2C)ccn1,large_neutral_organic,0,1,"6-31G(d,p)",-6.368330228478889,-1.783721275557084,4.584608952921806,11.043,5.630630969313536,0.163982218386204,low_confidence
pqr_0551,C[C@H]1CC2=C3CC[C@]4(C)[C@H](O)CC[C@@H]4[C@@H]3CCC2=CC1=O,large_neutral_organic,0,1,"6-31G(d,p)",-5.916688167743764,-1.4259481247650374,4.490740042978726,11.781,5.777550619205236,0.2430452839122399,low_confidence
pqr_0552,CCC[C@H]1O[C@H]2C[C@@H]3[C@@H]4CCC5=CC(=O)C=C[C@]5(C)[C@H]4[C@@H](O)C[C@]3(C)[C@@]2(C(=O)CO)O1,large_neutral_organic,0,1,"6-31G(d,p)",-6.205119178914296,-1.5182569595607205,4.686862219353575,9.393,5.8829888644139885,2.302074176446496,low_confidence
pqr_0553,COC(=O)c1c(O)cc(O)cc1OC1=C(OC)C(=O)C(CC=C(C)C)=C(CC=C(C)C)C1=O,large_neutral_organic,0,1,"6-31G(d,p)",-5.921879275343149,-3.321493635752586,2.600385639590563,7.667,5.778382928067999,3.5686760221868834,low_confidence
pqr_0555,Cc1ccc(O)cc1CC[C@@H]1C(=O)C[C@@H](O)[C@]2(C)C(=O)CC[C@H]12,large_neutral_organic,0,1,"6-31G(d,p)",-5.850149723181518,-0.7564995698784498,5.093650153303069,11.986999999999998,5.847531670880814,0.7038689452956497,low_confidence
pqr_0556,CNC(=O)N(O)CC1=Cc2cc(Oc3ccc(F)cc3)ccc2OC1,large_neutral_organic,0,1,"6-31G(d,p)",-5.31767921840272,-1.028360155477916,4.289319062924803,8.049,5.831599428372443,2.9248093695292106,low_confidence
pqr_0557,COc1cc(OC)c2c(c1-c1ccc(O)c3c(OC)cc(C)cc13)C[C@H](C)N[C@H]2C,large_neutral_organic,0,1,"6-31G(d,p)",-4.818683237516506,-0.6339727072915597,4.1847105302249465,7.965,5.887910927128752,2.5202933652420008,low_confidence
pqr_0558,N[C@H]1CCc2cc(OC(=O)c3ccccc3)c(OC(=O)c3ccccc3)cc2C1,large_neutral_organic,0,1,"6-31G(d,p)",-5.991961859261584,-1.695316400911905,4.296645458349679,8.434000000000001,5.743741264617849,2.547107978528645,low_confidence
pqr_0559,O=C(O)C[C@@H]1c2ccccc2C[C@H]1NC(=O)c1cc2cc(F)ccc2[nH]1,large_neutral_organic,0,1,"6-31G(d,p)",-5.7759425923945535,-1.3447420416860991,4.4312005507084535,11.331,5.765731581792385,0.2393466220055558,low_confidence
pqr_0560,N[C@@H](C[C@@H](C/C=C/c1ccc(/N=N/c2ccccc2)cc1)C(=O)O)C(=O)O,large_neutral_organic,0,1,"6-31G(d,p)",-5.560968208219885,-2.2827744771375613,3.278193731082324,7.494,5.922910364215194,3.392119184455412,low_confidence
pqr_0561,COC(=O)Nc1nc2cc(Oc3ccc(NC(=O)Nc4cc(C(F)(F)F)ccc4F)cc3)ccc2[nH]1,large_neutral_organic,0,1,"6-31G(d,p)",-5.324348718339983,-0.8135087843380974,4.510839934001885,10.652,5.823039497812891,0.22922568331483,low_confidence
pqr_0562,CC(C)NC[C@@H](O)CO[C@@H]1c2ccccc2C(=O)N1c1ccccc1,large_neutral_organic,0,1,"6-31G(d,p)",-5.454263587431867,-1.496513491592942,3.957750095838925,7.883,5.826864098011879,3.041492869479872,low_confidence
pqr_0563,OC[C@H]1O[C@@H](Oc2cc(O)cc(-c3cc4ccc(O)cc4o3)c2)[C@H](O)[C@@H](O)[C@@H]1O,large_neutral_organic,0,1,"6-31G(d,p)",-4.911163224185911,-0.8388159799171648,4.072347244268745,7.906,5.921643633750965,3.072424280683525,low_confidence
pqr_0564,CC1=C[C@H]2O[C@@H]3[C@H](O)C[C@](C)([C@@]2(CO)[C@H](O)C1=O)[C@@]31CO1,large_neutral_organic,0,1,"6-31G(d,p)",-6.522224824766427,-1.6462085103040465,4.8760163144623805,12.334,5.913209226490678,0.7510216914009593,low_confidence
pqr_0565,O=C1C=C[C@H](O)[C@H]([C@H](O)[C@H](OC(=O)/C=C/c2ccccc2)c2ccccc2)O1,large_neutral_organic,0,1,"6-31G(d,p)",-6.303059198839149,-1.7182273721309762,4.584831826708173,8.763,5.788967661037932,2.0548316389246235,low_confidence
pqr_0566,CC(C)CC(=O)c1c(O)c(C=O)c(O)c2c1O[C@]1(C)[C@H](C2)C[C@@H]2C[C@H]1C2(C)C,large_neutral_organic,0,1,"6-31G(d,p)",-6.1246665509616856,-1.897831230773119,4.226835320188568,8.569999999999999,5.782399244445172,3.0261325287712566,low_confidence
pqr_0567,CC#C/N=C(\C#C/N=C1/CC(=O)C(=O)C([C@@H]2C[C@H]2CF)=C1C#N)CNC(=O)N1C=COC=C1,large_neutral_organic,0,1,"6-31G(d,p)",-4.786413191688581,-4.313368207021467,0.4730449846671137,6.140000000000001,5.894877262862923,5.411828278522943,low_confidence
pqr_0569,Cc1cc(Cc2cnc(N)nc2N)c2cccnc2c1N(C)C,large_neutral_organic,0,1,"6-31G(d,p)",-4.82720438709968,-1.4614311848948094,3.36577320220487,10.978000000000002,5.791775855302797,0.4349466409626714,low_confidence
pqr_0570,C=CC[C@@]12C=C(OC)C(=O)C=C1O[C@H](c1ccc3c(c1)OCO3)[C@H]2C,large_neutral_organic,0,1,"6-31G(d,p)",-5.82696339574503,-1.5123782610773455,4.314585134667685,11.584,5.752639709217406,0.4897174487327724,low_confidence
pqr_0571,NCCc1c[nH]c2ccc(OCC(=O)N[C@@H](Cc3ccc(O)cc3)C(=O)NCC(N)=O)cc12,large_neutral_organic,0,1,"6-31G(d,p)",-5.085970501216551,-0.162756824828443,4.923213676388107,8.163,5.76878656786056,2.886625895646766,low_confidence
pqr_0572,CC1=C(/C=C/C(C)=C\C=C\C(C)=C/C=O)C(C)(C)CC[C@@H]1O,large_neutral_organic,0,1,"6-31G(d,p)",-5.752851189730289,-2.0295883444336766,3.723262845296612,8.499,5.836746974924063,3.48449189674853,low_confidence
pqr_0573,C[C@@H]1C[C@H]2[C@@H]3C[C@H](F)C4=CC(=O)C=C[C@]4(C)[C@@]3(F)[C@@H](O)C[C@]2(C)[C@@]1(O)C(=O)CO,large_neutral_organic,0,1,"6-31G(d,p)",-6.18134661854162,-1.54814682000063,4.63319979854099,9.344,5.798790137837242,2.2728615972653845,low_confidence
pqr_0574,COc1ccccc1NC(=O)Nc1nn(C)c2cccc(OC)c12,large_neutral_organic,0,1,"6-31G(d,p)",-5.000095455605801,-0.3837241992904108,4.61637125631539,10.966,5.738044256534739,0.2894557622099931,low_confidence
pqr_0575,CN1C(=O)[C@]2(CC(C)(C)Cc3ccc(-c4cncnc4)cc32)N=C1N,large_neutral_organic,0,1,"6-31G(d,p)",-6.027365942513796,-1.093977018580054,4.933388923933742,11.538,5.807392998713524,0.5047044518349111,low_confidence
pqr_0576,Cc1c(C(=O)O)c(O)cc2c1C(=O)c1c(O)c([C@H]3O[C@H](CO)[C@@H](O)[C@H](O)[C@H]3O)c(O)c(O)c1C2=O,large_neutral_organic,0,1,"6-31G(d,p)",-5.827196620833377,-2.619936886374773,3.207259734458604,7.045,5.750412946680208,4.136832436531208,low_confidence
pqr_0577,COc1cc(C)cc2c(-c3c(O)cc(O)c4c3C[C@@H](C)N[C@@H]4C)ccc(O)c12,large_neutral_organic,0,1,"6-31G(d,p)",-4.733706891691896,-0.5200299974770076,4.213676894214888,7.969,5.7915498058737,2.7593357731428627,low_confidence
pqr_0578,CC(=O)C1=NN(c2cc(C)ccc2F)C[C@@]1(CCCN1CCN(C(C)=O)CC1)c1ccccc1,large_neutral_organic,0,1,"6-31G(d,p)",-5.397485784710261,-1.6477911565179275,3.7496946281923327,11.059,5.722507173278059,0.0989504024500202,low_confidence
pqr_0579,CC#C[C@]1(O)CC[C@@H]2[C@@H]3CCC4=CC(=O)CCC4=C3[C@@H](c3ccc4c(c3)OCO4)C[C@@]21C,large_neutral_organic,0,1,"6-31G(d,p)",-5.615040626697251,-1.5251008692163248,4.089939757480926,8.773,5.902109219930959,2.404145514457788,low_confidence
pqr_0580,C[C@@]1(C(=O)O)[C@@H](O)CC[C@]2(C)c3cc4c(cc3CC[C@@H]12)[nH]c1ccccc14,large_neutral_organic,0,1,"6-31G(d,p)",-5.359602813445495,-0.6950484014654298,4.664554411980065,8.0,5.903748334657143,3.164669974475178,low_confidence
pqr_0581,O=C(O)CN(CCN(CC(=O)O)Cc1ccccc1O)Cc1ccccc1O,large_neutral_organic,0,1,"6-31G(d,p)",-5.730760128847943,-0.5074319140633474,5.223328214784595,8.898,5.920939620040769,2.011798641182178,low_confidence
pqr_0582,CC(=O)[C@@]12O[C@@H]1C[C@H]1[C@@H]3CC=C4C[C@H](O)CC[C@]4(C)[C@H]3CC[C@@]12C,large_neutral_organic,0,1,"6-31G(d,p)",-6.106386154297756,-0.6555100807548675,5.450876073542888,12.999,5.78764142359237,0.928947320960912,low_confidence
pqr_0583,C[C@]12CCC(=O)C=C1CC[C@@H]1[C@@H]2[C@@H](O)C[C@]2(CO)[C@@H](C(=O)CO)CC[C@@H]12,large_neutral_organic,0,1,"6-31G(d,p)",-6.249810348003146,-1.3535565287877624,4.896253819215384,9.763,5.893308228852565,2.356644606804892,low_confidence
pqr_0584,COc1cc(/C=C2/C(=O)NCC(=O)N2C)c(OC)c(C)c1OC,large_neutral_organic,0,1,"6-31G(d,p)",-5.414596653416488,-1.2657017642114308,4.1488948892050574,8.264000000000001,5.840953913824964,2.8099300205072293,low_confidence
pqr_0585,O=c1c(OC[C@@H](O)/C(O)=C(\O)[C@@H](O)COC[C@H](O)/C(O)=C(\O)[C@@H](O)CO)c(-c2ccc(O)c(O)c2)oc2cc(O)cc(O)c12,large_neutral_organic,0,1,"6-31G(d,p)",-4.81081822849829,-1.2790297186127113,3.531788509885579,7.605,5.768946463103768,3.433225063406396,low_confidence
pqr_0586,COC[C@H]1OC(=O)c2coc3c2[C@@]1(C)C1=C(C3=O)[C@@H]2CCC(=O)[C@@]2(C)CC1,large_neutral_organic,0,1,"6-31G(d,p)",-6.485268911423416,-2.3091807870802703,4.176088124343146,8.719999999999999,5.857096842873698,2.2767772877849985,low_confidence
pqr_0587,C/C(=C\[C@@H](C)C(=O)c1ccc(N(C)C)cc1)CCC(=O)NO,large_neutral_organic,0,1,"6-31G(d,p)",-5.472028775756511,-1.3226512478097991,4.149377527946712,11.36,5.748520316512299,0.019277167563807,low_confidence
pqr_0588,O=C1c2c(c(C(F)(F)F)nn2-c2cccc(-c3n[nH]c(=O)[nH]3)c2)CCN1c1ccc(-c2ccccc2CN2CCCC2)cc1,large_neutral_organic,0,1,"6-31G(d,p)",-5.583406075794589,-1.7781389998955284,3.805267075899061,10.625,5.835472467599345,0.3022822560014724,low_confidence
pqr_0589,C/C=C1/CN(C)[C@@H]2Cc3c([nH]c4ccccc34)C(=O)C[C@H]1[C@@H]2C(=O)OC,large_neutral_organic,0,1,"6-31G(d,p)",-5.293135472025442,-1.3631413449497214,3.929994127075721,7.798000000000001,5.713789231691357,3.184527628299961,low_confidence
pqr_0590,Nc1ccc([C@@]23C[C@@H]2C(=O)N(CC2CCCCC2)C3=O)cc1,large_neutral_organic,0,1,"6-31G(d,p)",-5.460898024697872,-0.8261492568162792,4.634748767881593,8.583,5.921832905047108,2.5551698631006605,low_confidence
pqr_0591,O=C(C[C@@H]1NCCC[C@H]1O)Cn1cnc2ccccc2c1=O,large_neutral_organic,0,1,"6-31G(d,p)",-5.928802662261895,-1.462481542068002,4.466321120193894,8.365,5.811046502896906,2.595399889927158,low_confidence
pqr_0592,NC(=O)c1ccc(Oc2ccc(CN3CCC[C@H]3c3cccc(F)c3)cc2)c(F)c1,large_neutral_organic,0,1,"6-31G(d,p)",-5.854424618039002,-1.333573935660262,4.52085068237874,11.602,5.750984044890961,0.4791316373702123,low_confidence
pqr_0593,NC(N)=NCCC[C@H](NC(=O)[C@@H](N)CCCN=C(N)N)C(=O)Nc1ccc2ccccc2c1,large_neutral_organic,0,1,"6-31G(d,p)",-5.131350227626478,-1.4014851862096032,3.7298650414168746,8.012,5.846591943218172,3.0771454906295386,low_confidence
pqr_0594,C[C@]12C[C@H](O)[C@H]3[C@@H](CCC4=CC(=O)C[C@H](O)[C@@]43C)[C@@H]1CC[C@@H]2C(=O)CO,large_neutral_organic,0,1,"6-31G(d,p)",-6.087078147721044,-1.2077198840426042,4.87935826367844,12.764,5.901627271591001,0.5337315113985781,low_confidence
pqr_0595,C=CC[C@]1([C@H](C)[C@@H](OC(C)=O)c2ccc(OC)c(OC)c2)C=C(OC)C(OC)=CC1=O,large_neutral_organic,0,1,"6-31G(d,p)",-5.227055980417108,-1.763492469227402,3.463563511189706,7.672999999999999,5.86848748772272,3.4547547773212584,low_confidence
pqr_0596,Oc1ccc(-c2c3cccc(C(F)(F)F)c3nn2Cc2ccccc2)c(O)c1,large_neutral_organic,0,1,"6-31G(d,p)",-5.581008101985728,-1.4410616869795851,4.139946415006143,7.779,5.862610291149915,3.228668294905779,low_confidence
pqr_0597,C=C1C(=O)[C@]23[C@H](O)[C@H]1CC[C@H]2[C@]12[C@@H]4OC[C@](C)(CC[C@@H]1O)[C@H]2C[C@H]3O4,large_neutral_organic,0,1,"6-31G(d,p)",-6.436660917520671,-1.7558876164077868,4.680773301112884,9.698,5.759859613196167,2.2030706603623216,low_confidence
pqr_0598,C=C1C[C@@H]2[C@]3(C)C(=C(O)C(=O)[C@@]2(C)[C@]2(C(=O)OC)C(=O)O[C@H](C)C(=O)[C@@]12C)C(C)(C)C(=O)C[C@@H]3O,large_neutral_organic,0,1,"6-31G(d,p)",-6.256165750892249,-1.6245792618739363,4.631586489018313,11.973,5.889561960927744,0.4175081462823424,low_confidence
pqr_0599,CN1Cc2c(-c3noc(C4CC4)n3)ncn2-c2ccccc2C1=O,large_neutral_organic,0,1,"6-31G(d,p)",-5.92854369893766,-1.4687869692621025,4.459756729675557,11.329,5.770759025260729,0.1766351313947858,low_confidence
pqr_0600,N=C(N)c1ccc(OCCCC2CCN(CCCOc3ccc(C(=N)N)cc3)CC2)cc1,large_neutral_organic,0,1,"6-31G(d,p)",-5.544771861384318,-0.3624183732871829,5.182353488097135,8.975000000000001,5.939802378522764,2.122651845747395,low_confidence
pqr_0601,COc1ccnc(NC2CCN(C(=O)c3ccc(C#N)cc3)CC2)c1,large_neutral_organic,0,1,"6-31G(d,p)",-5.684962337766959,-2.205081665812152,3.479880671954807,10.652,5.955121529930335,0.3435366557901318,low_confidence
pqr_0602,C[C@]12CC[C@@H](O)C[C@H]1C(=O)C[C@@H]1[C@@H]2CC[C@]2(C)C(=O)CC[C@@H]12,large_neutral_organic,0,1,"6-31G(d,p)",-6.138600899113178,-0.5229554846388875,5.61564541447429,10.583,6.016277389298958,2.064195622633603,low_confidence
pqr_0603,COC1=CC2=C(C=O)C[C@@H]3[C@H](CC[C@@]4(C)[C@H]3CC[C@]4(OC(C)=O)C(C)=O)[C@@]2(C)CC1,large_neutral_organic,0,1,"6-31G(d,p)",-5.645002242616184,-1.488029107393697,4.156973135222487,8.424,6.069988677087841,3.130495469894649,low_confidence
pqr_0604,NC(=O)c1cccc(-c2cccc(OC(=O)NC3CCCCC3)c2)c1,large_neutral_organic,0,1,"6-31G(d,p)",-6.1579273636456335,-1.122963679992443,5.03496368365319,8.566,6.013196652229357,2.399358536701138,low_confidence
pqr_0605,C=CC/C=C\C/C=C\CCCCCCCc1cc(O)cc(O)c1,large_neutral_organic,0,1,"6-31G(d,p)",-5.763039127840005,0.1676039596722831,5.930643087512289,12.292000000000002,5.950669218249851,1.0481673321087044,low_confidence
pqr_0606,C=C[C@@H]1CNCC[C@H]1CCCc1ccnc2ccc(OC)cc12,large_neutral_organic,0,1,"6-31G(d,p)",-5.637552416965086,-1.4028042310469704,4.234748185918114,8.011999999999999,5.942115856669363,2.592287801861376,low_confidence
pqr_0607,C[C@]12CC[C@H]3[C@@](C)(CCC4=CC(=O)CC[C@@]43C)[C@@H]1CC[C@@H]2OC(=O)C1CCCCC1,large_neutral_organic,0,1,"6-31G(d,p)",-6.1798714096532175,-1.3319430528151035,4.847928356838114,9.776,6.07135429124128,2.243194426343438,low_confidence
pqr_0608,CC(=O)O[C@@H]1Cc2cc3c(cc2[C@H]2N(C)Cc4c(ccc5c4OCO5)[C@@]12C)OCO3,large_neutral_organic,0,1,"6-31G(d,p)",-5.300368135466018,-0.2838092513905921,5.016558884075426,8.563,6.003036072702574,2.26208158509664,low_confidence
pqr_0609,N[C@@H](CC(=O)N1CCCN(C(=O)c2ccc(C(=O)O)cc2)CC1)Cc1cc(F)c(F)cc1F,large_neutral_organic,0,1,"6-31G(d,p)",-5.620199986810074,-2.1662769810068068,3.4539230058032677,11.244,5.954910096212873,0.3318054200410536,low_confidence
pqr_0610,CC(C)c1cccc(C(C)C)c1NC(=O)N[C@](C)(Cc1c[nH]c2ccccc12)C(=O)NCC1(c2ccccn2)CCCCC1,large_neutral_organic,0,1,"6-31G(d,p)",-5.461010285891772,-0.443338300668763,5.01767198522301,8.193999999999999,6.057913531541759,2.98692860929593,low_confidence
pqr_0611,C#C/C(=C\CNC#CC1CCCC1)N(C(=O)C#CC)c1ccc(C#N)c(N2CCC2=O)c1,large_neutral_organic,0,1,"6-31G(d,p)",-5.440871588368214,-1.801943810858817,3.6389277775093967,10.626,5.971833278625407,0.3159058877877978,low_confidence
pqr_0614,C[C@H](NC(=O)[C@@H](CC(=O)NO)Cc1ccccc1)C(=O)O,large_neutral_organic,0,1,"6-31G(d,p)",-6.491287376531281,-0.4732691240835572,6.018018252447724,9.782,6.101450493724728,1.1084440007564602,low_confidence
pqr_0615,CC1=CC(=O)CC(C)(C)[C@@]1(O)/C=C/[C@@H](C)O[C@@H]1O[C@H](CO)[C@@H](O)[C@H](O)[C@H]1O,large_neutral_organic,0,1,"6-31G(d,p)",-6.429192455814556,-1.6591185962311898,4.770073859583366,9.626,6.036819586196918,1.88092061204755,low_confidence
pqr_0616,CCc1cccc(CC)c1NC(=O)N1Cc2[nH]nc(NC(=O)c3ccc(N4CCN(C)CC4)cc3)c2C1,large_neutral_organic,0,1,"6-31G(d,p)",-5.261523912813685,-1.1002868958042378,4.161237017009446,8.407,5.988261963618971,2.685849018257036,low_confidence
pqr_0617,CCC1=C(C)/C(=C/C2=NC(=C\c3[nH]c(/C=C4\NC(=O)[C@H](C)[C@H]4CC)c(C)c3CCC(=O)O)/C(CCC(=O)O)=C2C)NC1=O,large_neutral_organic,0,1,"6-31G(d,p)",-4.891278492362378,-2.44684116248962,2.444437329872758,6.2170000000000005,6.024686020574564,5.062200626295876,low_confidence
pqr_0618,C/C(=C/C=C\C=C\Cc1cnco1)[C@@H](O)C(C)(C)C(N)=O,large_neutral_organic,0,1,"6-31G(d,p)",-5.543467142074553,-1.1411945228968472,4.402272619177705,8.938,6.065570966506528,2.028729641859826,low_confidence
pqr_0619,COc1ccc2c(c1)N1C(=O)C[C@]34C=CCN5CC[C@@H]2[C@@H](CC3)[C@]514,large_neutral_organic,0,1,"6-31G(d,p)",-5.451556136808865,-0.3092125071016024,5.142343629707263,11.722,6.008311399616508,0.6741956223524426,low_confidence
pqr_0620,Cc1cc(N)nc(CCc2cccc([C@@H](CN)Cc3cc(C)cc(N)n3)n2)c1,large_neutral_organic,0,1,"6-31G(d,p)",-5.403245255216741,-0.3104543763048606,5.09279087891188,11.622,5.962569789202839,0.734467149314062,low_confidence
pqr_0621,COc1ccc(C[C@@H](C)NC[C@H](O)c2ccc(O)c(NC=O)c2)cc1,large_neutral_organic,0,1,"6-31G(d,p)",-5.553709749145653,-0.2966993172928282,5.257010431852824,8.443,5.989621666033939,2.568611181802245,low_confidence
pqr_0622,CCN(CC)CCOC(=O)[C@H](Cc1cccc2ccccc12)C[C@H]1CCCO1,large_neutral_organic,0,1,"6-31G(d,p)",-5.656605251363435,-1.215476745605044,4.441128505758391,7.959999999999999,6.086531593091426,3.0586253011968534,low_confidence
pqr_0623,CC[C@@H](c1ccc(O)c(F)c1)[C@@H](C)c1ccc(O)c(F)c1,large_neutral_organic,0,1,"6-31G(d,p)",-5.775940470620294,-0.2346982504554378,5.541242220164857,8.943999999999999,5.9252502916483465,2.033563162447296,low_confidence
pqr_0624,COC(=O)/C=C/C(=O)Nc1ccc(CCN2C[C@H]3CCC[C@@H](C2)[C@]3(OC)c2cccc(OC)c2)cc1,large_neutral_organic,0,1,"6-31G(d,p)",-4.956638270580932,-2.4995829295140988,2.4570553410668325,10.636,6.011889905241475,0.416341357158343,low_confidence
pqr_0625,COc1cc([C@H](Nc2ccccn2)c2cc3c(cc2O)OCO3)cc(OC)c1OC,large_neutral_organic,0,1,"6-31G(d,p)",-5.077339799768524,-0.3478699025202043,4.729469897248319,11.365,5.924273836997564,0.7471857341155665,low_confidence
pqr_0626,O=C(NCc1cccc(-c2ccccc2)c1)c1cc(-c2cc(C(=O)N[C@@H](C(=O)O)C3CCCCC3)nc(C(=O)N3CCC[C@@H]3Cn3cccc3)c2)cc(C(=O)N2CCC[C@@H]2CN2CCCC2)n1,large_neutral_organic,0,1,"6-31G(d,p)",-5.835931729441828,-2.4107745554616224,3.425157173980206,7.342,5.928127328016855,3.795167829666201,low_confidence
pqr_0627,CC[C@H]1CN2CC[C@]3(C(=O)Nc4ccccc43)[C@@H]2C[C@@H]1/C(=C\OC)C(=O)OC,large_neutral_organic,0,1,"6-31G(d,p)",-5.242443087685657,-0.8595970306911419,4.382846056994515,8.517999999999999,6.073386013394749,2.458119843306644,low_confidence
pqr_0628,O=C(CCN1CCCCC1)N1CCc2[nH]c(=O)c3cc(F)ccc3c2C1,large_neutral_organic,0,1,"6-31G(d,p)",-5.527890130111517,-1.364164194329754,4.163725935781764,10.993,6.061824407565611,0.1222446153845755,low_confidence
pqr_0629,COC(=O)COc1ccc(OCCNC[C@@H](O)COc2ccccc2)cc1,large_neutral_organic,0,1,"6-31G(d,p)",-5.448927296933382,-0.5745318760261201,4.874395420907263,8.568999999999999,6.096838323605389,2.1367179535052294,low_confidence
pqr_0630,COC(=O)[C@]12CCC(C)(C)C[C@H]1[C@H]1C(=O)C=C3[C@@]4(C)C=C(C#N)C(=O)C(C)(C)[C@@H]4CC[C@@]3(C)[C@]1(C)CC2,large_neutral_organic,0,1,"6-31G(d,p)",-6.662033188859566,-2.462853248044511,4.199179940815055,8.878,5.985574835020381,2.82301427654844,low_confidence
pqr_0631,COc1cc(C[C@H]2NCCc3ccccc32)cc(OC)c1OC,large_neutral_organic,0,1,"6-31G(d,p)",-5.139291958841419,0.015466786858288,5.154758745699707,8.519,6.00509435397184,1.852232375027784,low_confidence
pqr_0632,CC(C)C[C@H](C(=O)NO)C(=O)N[C@@H](CC(=O)O)C(=O)NCc1ccccc1,large_neutral_organic,0,1,"6-31G(d,p)",-6.581983820348864,-0.85863726770655,5.723346552642314,9.696,6.037036708951753,1.3148676763099072,low_confidence
pqr_0633,c1ccc2c3c([nH]c2c1)[C@@H]1C[C@@H]2CCCC[C@@H]2CN1CC3,large_neutral_organic,0,1,"6-31G(d,p)",-4.975643913534896,0.0370589888766316,5.012702902411528,8.283000000000001,6.01787333924562,2.102993281277575,low_confidence
pqr_0634,C[C@@H](O)[C@@]1(O)CC[C@H]2[C@@H]3C[C@H](O)C4=CC(=O)CC[C@]4(C)[C@H]3CC[C@@]21C,large_neutral_organic,0,1,"6-31G(d,p)",-6.213461003500666,-1.430690544175628,4.782770459325039,9.685,5.936541475591662,2.508058374246163,low_confidence
pqr_0635,COC(=O)C[C@H]1OC(C)(C)C2=C1C[C@]13CC[C@]4(C)C(=O)[C@@H](C)[C@@H]5[C@H]6OC(=O)[C@@H](C)[C@H]6O[C@@](O1)(C(=O)C3=CC2=O)[C@@H]54,large_neutral_organic,0,1,"6-31G(d,p)",-6.899274575253469,-3.703091311389388,3.196183263864081,8.432,5.947358581530789,3.012535405260987,low_confidence
pqr_0636,Cc1occc1CN1CC[C@@]2(C)c3cc(O)ccc3C[C@@H]1[C@@H]2C,large_neutral_organic,0,1,"6-31G(d,p)",-5.311275343146328,0.0926876327456387,5.403962975891966,8.807,6.065290946040093,2.0342939330005674,low_confidence
pqr_0637,CCCCCc1ccc(C(=O)N(Cc2ccc(N(C)c3ccncc3)cc2)C2CCN(CCC(C)C)CC2)cc1,large_neutral_organic,0,1,"6-31G(d,p)",-5.296930435087614,-1.298047858476962,3.998882576610652,11.169,5.930547912491442,0.0221584290941798,low_confidence
pqr_0638,CNCCc1c([C@@H]2[C@@H]3[C@H](C=C(C)CC3(C)C)[C@]34Nc5ccccc5[C@]23CCN4C)[nH]c2ccccc12,large_neutral_organic,0,1,"6-31G(d,p)",-4.831788817504398,-0.1887713373741631,4.643017480130235,11.309,5.965038225336753,0.4535353748801309,low_confidence
pqr_0639,C=CC(C)(C)[C@]1(C[C@@H]2NC(=O)[C@]3(O)CCCN3C2=O)C(=O)Nc2c1ccc1c2C=CC(C)(C)O1,large_neutral_organic,0,1,"6-31G(d,p)",-5.4648240082920205,-0.7967744991302625,4.668049509161759,8.264999999999999,6.015651898957616,2.8390578301730063,low_confidence
pqr_0640,CC(C)C(=O)OCC(=O)[C@@]12O[C@H](C3CCCCC3)O[C@@H]1C[C@H]1[C@@H]3CCC4=CC(=O)C=C[C@]4(C)[C@H]3[C@@H](O)C[C@@]12C,large_neutral_organic,0,1,"6-31G(d,p)",-6.160312950255289,-1.5729116618892038,4.5874012883660855,9.415,5.977741719723225,2.2694093877795964,low_confidence
pqr_0641,CC[C@@](COC(=O)c1cc(OC)c(OC)c(OC)c1)(NC)c1ccccc1,large_neutral_organic,0,1,"6-31G(d,p)",-5.690686149891354,-1.1922304654175115,4.498455684473842,8.437,6.1144731929630805,2.305246034847743,low_confidence
pqr_0642,Cc1cc(N)nc(CCc2cncc([C@@H](CN)Cc3cc(C)cc(N)n3)c2)c1,large_neutral_organic,0,1,"6-31G(d,p)",-5.313642078716915,-0.3631259303512637,4.950516148365652,11.639,5.9571171571031725,0.7160178641135175,low_confidence
pqr_0643,CO[C@@]12C[C@H](CO)CN(C)[C@@H]1Cc1c[nH]c3cccc2c13,large_neutral_organic,0,1,"6-31G(d,p)",-4.9057403917177735,-0.2954150095751412,4.610325382142633,8.007000000000001,5.970950332051929,2.7364467868583944,low_confidence
pqr_0644,C=CCNc1ncnc2c1ncn2[C@@H]1O[C@H](CO)[C@@H](O)[C@H]1O,large_neutral_organic,0,1,"6-31G(d,p)",-5.562469230415196,-0.6393414454101572,4.923127785005038,11.401,6.070017362780902,0.7820382686280372,low_confidence
pqr_0645,COc1ccc2c3c4n(c2c1)[C@@H](C=C(C)C)OOC(C)(C)C[C@@H]4N1C(=O)[C@@H]2CCCN2C(=O)[C@]1(O)[C@H]3O,large_neutral_organic,0,1,"6-31G(d,p)",-4.908180878759595,-0.6465618180798889,4.261619060679706,8.087,5.958527565426166,3.025914887859898,low_confidence
pqr_0647,CCN(CC)C[C@@H](C)OC(=O)C(O)(c1ccccc1)c1ccccc1,large_neutral_organic,0,1,"6-31G(d,p)",-5.627084685703069,-0.4892391987960922,5.1378454869069765,8.689,6.094910219174221,1.985255605401772,low_confidence
pqr_0648,C[C@@]1(c2cc(NC(=O)c3ccc(C#N)cn3)ccc2F)C[C@H](C(F)(F)F)OC(N)=N1,large_neutral_organic,0,1,"6-31G(d,p)",-5.958303814715773,-2.7109645067540296,3.247339307961743,10.24,5.992867629321036,0.6584621492783995,low_confidence
pqr_0649,CC1(C)CCC(C)(C)c2cc([C@@H](O)c3ccc4cc(C(=O)O)ccc4c3)ccc21,large_neutral_organic,0,1,"6-31G(d,p)",-5.839014238230524,-1.7454948933885908,4.0935193448419325,11.173,5.979989236866738,0.2424757647847926,low_confidence
pqr_0650,c1ccc(C2(c3ccccc3)OC[C@H]([C@H]3CCCCN3)O2)cc1,large_neutral_organic,0,1,"6-31G(d,p)",-5.66749020595064,-0.2846297749207566,5.382860431029884,8.882000000000001,6.137157158610762,1.9553352347164503,low_confidence
pqr_0651,CC(C)(NC[C@H](O)c1ccc(O)c(O)c1)[C@H]1CC[C@@](C)(N)CC1,large_neutral_organic,0,1,"6-31G(d,p)",-5.396103872812788,0.2833428574360014,5.67944673024879,11.849,6.319186770526056,0.4538042227112164,low_confidence
pqr_0652,COC(=O)[C@]1(O)O[C@@H]2C[C@@]13C(=CC(=O)[C@@H]3C)[C@]1(C)COC(=O)[C@]21O,large_neutral_organic,0,1,"6-31G(d,p)",-6.768127518877189,-1.8956737493501408,4.8724537695270485,9.63,6.197968954261361,1.8905154087848184,low_confidence
pqr_0653,C[C@H]1O[C@H](O[C@@H]2[C@@H](O)[C@H](O)O[C@H](CO)[C@H]2OC(=O)/C=C/c2ccc(O)c(O)c2)[C@@H](O)[C@@H](O)[C@@H]1O,large_neutral_organic,0,1,"6-31G(d,p)",-5.728993940465624,-1.5574345331407258,4.1715594073248985,7.893000000000001,6.2504837173540455,3.0072996033251744,low_confidence
pqr_0654,CC[C@@H]1CN2CCc3cc(OC)c(OC)cc3[C@H]2C[C@H]1C[C@@H]1NCCc2cc(OC)c(OC)cc21,large_neutral_organic,0,1,"6-31G(d,p)",-5.167893620061968,0.0951686698735715,5.26306228993554,8.33,6.149310122343579,2.2610823557371376,low_confidence
pqr_0655,CCCCOC[C@@H](CN1C(=O)NC(=O)[C@@](CC)(c2ccccc2)C1=O)OC(N)=O,large_neutral_organic,0,1,"6-31G(d,p)",-6.84729658458007,-1.7944244772625564,5.052872107317513,9.675,6.158408910511797,1.193685062408731,low_confidence
pqr_0656,CC(C)=C[C@@H](C)Nc1ncnc2c1ncn2[C@@H]1O[C@H](CO)[C@@H](O)[C@H]1O,large_neutral_organic,0,1,"6-31G(d,p)",-5.478761009737222,-0.6584306960121517,4.82033031372507,8.356,6.121719432524092,2.4564783310251865,low_confidence
pqr_0657,C=C1NC(=O)[C@H](CCCc2ccc(OC)cc2)NC(=O)[C@H](C(C)C)OC(=O)[C@H](C)NC1=O,large_neutral_organic,0,1,"6-31G(d,p)",-5.702597417124368,-1.509044338976248,4.19355307814812,8.742,6.134934781395478,2.0817328072844568,low_confidence
pqr_0658,Oc1ccc2c(c1)[C@@]13CCCC[C@@]1(O)[C@@H](C2)N(CC1CC1)CC3,large_neutral_organic,0,1,"6-31G(d,p)",-5.528632296488478,-0.0640283230161563,5.464603973472322,8.924,6.224825033326816,2.105514825653538,low_confidence
pqr_0659,[O-][n+]1ccc(C[C@H](c2ccc(C(O)(C(F)(F)F)C(F)(F)F)cc2)c2ccc(OC(F)F)c(OC(F)F)c2)cc1,large_neutral_organic,0,1,"6-31G(d,p)",-5.641626521135426,-1.357953431872753,4.283673089262672,11.042,6.14533319957629,0.4385621969557292,low_confidence
pqr_0660,CC[C@H]1C[C@H]2CN3CCc4c([nH]c5cc(OC)c(OC)cc45)[C@](C(=O)OC)(C2)[C@H]13,large_neutral_organic,0,1,"6-31G(d,p)",-4.689034020394667,-0.3837065358083526,4.305327484586313,8.173,6.144300689188924,2.84206552850795,low_confidence
pqr_0661,CC(C)(C)OC(=O)NCCCCCC[C@H](C(=O)O)c1c[nH]c2ccccc12,large_neutral_organic,0,1,"6-31G(d,p)",-5.324088464783723,-0.2985971368689014,5.025491327914822,11.459,6.327527190922588,0.4186685203295823,low_confidence
pqr_0662,CO[C@@H]1[C@H](O)[C@@H](CO)O[C@H]1n1cnc2c(NC3CCCCC3)ncnc21,large_neutral_organic,0,1,"6-31G(d,p)",-5.208762076269377,-0.3319331227884707,4.8768289534809055,8.346,6.252995741493234,2.575849641813864,low_confidence
pqr_0663,C#C[C@]1(OC(C)=O)CC[C@H]2[C@@H]3CCC4=C/C(=N/O)CC[C@@H]4[C@H]3CC[C@@]21CC,large_neutral_organic,0,1,"6-31G(d,p)",-5.649854355173942,-0.4897239618743619,5.16013039329958,9.262,6.389898530202062,2.60443934807882,low_confidence
pqr_0664,C[C@@H]1C[C@H]2OC(=O)[C@@]3(C)CCC[C@@](C)([C@@H]23)[C@@]1(O)CCc1ccoc1,large_neutral_organic,0,1,"6-31G(d,p)",-5.932497853589734,0.0458873884433397,5.978385242033073,9.848,6.364406655970931,1.230651955052183,low_confidence
pqr_0665,CCCC[C@@H](F)[C@H](O)/C=C/[C@H]1CCC(=O)[C@@H]1C/C=C\CCCC(=O)O,large_neutral_organic,0,1,"6-31G(d,p)",-6.123063561025446,-0.5511510427957442,5.571912518229701,10.044,6.158655469112473,1.7007692142319204,low_confidence
pqr_0666,C[C@H]1[C@@H](O[C@@H]2OCC[C@H](N)[C@H]2O)[C@H](C)C[C@@]2(CO2)C(=O)[C@H](C)[C@H](O)[C@@H](C)COC(=O)[C@@H](C)[C@H]1O[C@H]1C[C@H](O)[C@@H](O)CO1,large_neutral_organic,0,1,"6-31G(d,p)",-6.356071696546352,-0.7898386771359037,5.566233019410449,9.596,6.347364586368998,2.551105573339015,low_confidence
pqr_0667,C#CC#C[C@@H]1C(=C)C(O)=C=C/C=C\C=C=C1CC#CC1=C2CC(=C)[C@]3(CC3=C)[C@@H]2OC(=O)O1,large_neutral_organic,0,1,"6-31G(d,p)",-5.523782833140093,-1.6590584006024316,3.8647244325376615,6.896999999999999,6.185741069964175,4.533643162943416,low_confidence
pqr_0668,COc1cc2c(cc1OC)C(C)(C)C(C)(C)N(C)C2(C)C,large_neutral_organic,0,1,"6-31G(d,p)",-5.139070272087352,0.1949567744397979,5.33402704652715,8.732999999999999,6.183645131718816,1.8513496342177584,low_confidence
pqr_0669,CO[C@H]1C[C@H](C)Cc2cc(O)cc(c2)NC(=O)/C(C)=C/CC[C@H](C)[C@@H](OC(N)=O)/C(C)=C/[C@H](C)[C@H]1O,large_neutral_organic,0,1,"6-31G(d,p)",-5.465435889991013,-1.302310475871174,4.163125414119839,11.878,6.2297495950870205,0.8528333469708329,low_confidence
pqr_0670,Fc1ccc(CN2CCC(Nc3ccc(C(F)(F)F)nn3)CC2)cc1F,large_neutral_organic,0,1,"6-31G(d,p)",-6.001281342277829,-1.446847116583083,4.554434225694746,11.513,6.320878593809762,0.9140877824752192,low_confidence
pqr_0671,C=C1C(=O)O[C@H]2/C=C(\C)CC/C=C(/C(=O)O)CC/C=C(\C)CC[C@@H]12,large_neutral_organic,0,1,"6-31G(d,p)",-6.049450614164536,-1.576063965437593,4.473386648726943,9.125,6.376500176328854,2.422323444636572,low_confidence
pqr_0672,C=C(CO)[C@H](CO[C@@H]1O[C@H](CO)[C@@H](O)[C@H](O)[C@H]1O)OC(=O)/C=C/c1ccc(O)c(O)c1,large_neutral_organic,0,1,"6-31G(d,p)",-5.921429276481323,-1.7185967515131837,4.202832524968139,7.996,6.175364638100902,2.914997935783767,low_confidence
pqr_0673,N[C@@H](Cc1cnc(C(F)(F)F)[nH]1)C(=O)N1CCC[C@H]1C(=O)NC(=O)[C@@H]1CCC(=O)N1,large_neutral_organic,0,1,"6-31G(d,p)",-5.905384231176227,-1.124198947029431,4.7811852841467966,9.422,6.381290832164089,1.8562061852581648,low_confidence
pqr_0674,C/C=C/C(=O)Oc1c([C@H](C)CCCCCC)cc([N+](=O)[O-])cc1[N+](=O)[O-],large_neutral_organic,0,1,"6-31G(d,p)",-7.659400308564185,-3.52376557007144,4.135634738492745,11.703499999999998,6.248899504919193,0.5442379107869275,low_confidence
pqr_0675,C#CC#CN(C)C(=O)CCCCCCCCCC[C@@H]1Cc2cc(O)ccc2[C@H]2CC[C@]3(C)[C@@H](O)CC[C@H]3[C@H]12,large_neutral_organic,0,1,"6-31G(d,p)",-5.64660688566987,-0.706040493223843,4.940566392446027,12.037,6.239555720920246,0.9331234945364582,low_confidence
pqr_0676,O=C(NC(CN1CCOCC1)CN1CCOCC1)c1cc(O[C@H]2O[C@H](CO)[C@H](O)[C@H](O)[C@H]2O)cc([N+](=O)[O-])c1,large_neutral_organic,0,1,"6-31G(d,p)",-5.535935271617991,-3.273852592158123,2.2620826794598674,7.523999999999999,6.208816065323336,3.543138395335537,low_confidence
pqr_0677,O[C@@H]1C=C[C@@]23c4cc5c(cc4CN(C[C@H]2O)[C@H]3C1)OCO5,large_neutral_organic,0,1,"6-31G(d,p)",-5.282006703123431,-0.1120313344021457,5.1699753687212855,8.669,6.171633490620299,2.3071888553887554,low_confidence
pqr_0678,CCC(=O)N1CCOc2c(cc(-c3ccc(OC)c(OC)c3)cc2OC[C@@H]2CCCN(C)C2)C1,large_neutral_organic,0,1,"6-31G(d,p)",-5.341383820822526,-0.5880590468072787,4.753324774015247,11.145,6.147449276772505,0.1769625115814168,low_confidence
pqr_0679,C=C(CC)[C@H](C)/C=C/[C@@H](C)[C@H]1CC[C@H]2[C@@H]3CC=C4C[C@@H](O)CC[C@]4(C)[C@H]3CC[C@]12C,large_neutral_organic,0,1,"6-31G(d,p)",-6.041071474740771,0.1015525433275312,6.142624018068302,10.3,6.3742711608718885,1.9723383320195536,low_confidence
pqr_0680,CCCN1C[C@@H](NC(=O)N(CC)CC)C[C@@H]2c3cccc4[nH]cc(c34)C[C@H]21,large_neutral_organic,0,1,"6-31G(d,p)",-4.712670986953345,0.1840215839971285,4.896692570950473,8.378,6.259069997005997,2.706228919073673,low_confidence
pqr_0681,C=C(C)C(=O)O[C@H]1C/C(C=O)=C/CC[C@@]2(C)O[C@H]2[C@H]2OC(=O)C(=C)[C@@H]21,large_neutral_organic,0,1,"6-31G(d,p)",-6.970160270377927,-2.276350535106249,4.693809735271678,9.85,6.224687725027101,1.67770246793501,low_confidence
pqr_0682,C=C[C@]1(C)C[C@@H](OC(=O)CO)[C@@]2(C)[C@H](C)CC[C@]3(CCC(=O)[C@H]32)[C@@H](C)[C@@H]1O,large_neutral_organic,0,1,"6-31G(d,p)",-5.968998708312725,-0.4062340804277874,5.562764627884937,10.604,6.266883709396831,1.3497276273528094,low_confidence
pqr_0683,CC(=O)Oc1ccc2c(c1)CC[C@H]1[C@@H]2CC[C@]2(C)[C@@H](OC(C)=O)CC[C@H]12,large_neutral_organic,0,1,"6-31G(d,p)",-6.017597782400395,-0.6024912232652209,5.4151065591351735,9.211,6.273280881759313,1.935936786371954,low_confidence
pqr_0684,CC(C)=CCC[C@@]1(C)[C@@H]2CC[C@]3(C)Oc4cc(C)c(C(=O)O)c(O)c4[C@H]1[C@H]23,large_neutral_organic,0,1,"6-31G(d,p)",-5.912001972797678,-0.7435082661639082,5.16849370663377,8.783,6.280682470000252,2.349609439394147,low_confidence
pqr_0685,CC1(C)[C@@H](O)CC[C@]2(C)[C@H]3Cc4c(O)cc5c(c4O[C@@]3(C)CC[C@@H]12)COC5=O,large_neutral_organic,0,1,"6-31G(d,p)",-5.990173756774095,-1.1255358214193143,4.86463793535478,8.506,6.357145679606357,2.875552366866472,low_confidence
pqr_0686,CCCCCCC[C@H](O)CCC(=O)N1CCCC[C@H]1c1cccnc1,large_neutral_organic,0,1,"6-31G(d,p)",-6.060004770910318,-0.6602517361411343,5.399753034769183,9.118,6.17802967781884,1.8576773330421563,low_confidence
pqr_0687,COc1cc([C@@H](CN(CC(=O)O)CC(=O)O)N(CC(=O)O)CC(=O)O)c([N+](=O)[O-])cc1OC,large_neutral_organic,0,1,"6-31G(d,p)",-6.101220369373977,-3.279117320129975,2.822103049244002,11.0995,6.188551799283262,0.0338857434224966,low_confidence
pqr_0688,Cc1ccc(O)c(Cn2c(NC3CCN(CCN)CC3)nc3c(C)cccc32)n1,large_neutral_organic,0,1,"6-31G(d,p)",-4.926696944515946,-0.898386171409812,4.028310773106134,10.357,6.123263036594409,0.590042917112676,low_confidence
pqr_0689,CC(C)Oc1ccccc1N1CCN(CCNC(=O)CN2CCCCC2=O)CC1,large_neutral_organic,0,1,"6-31G(d,p)",-4.481871625224478,0.2033501715192776,4.685221796743756,8.477,6.122054717290402,2.7216693256184,low_confidence
pqr_0690,COc1cc(C)cc(C)c1NC(=O)CCN1CCCC[C@@H]1C,large_neutral_organic,0,1,"6-31G(d,p)",-5.464520232289575,0.0227943863479776,5.487314618637551,8.943,6.170166910876209,2.1136571711837533,low_confidence
pqr_0691,CCNC(=O)CNC(=O)/C(=C/c1ccccc1)NC(=O)[C@@H]1CCCN1C(=O)OC(C)(C)C,large_neutral_organic,0,1,"6-31G(d,p)",-6.285772792124388,-1.665968452726625,4.619804339397764,8.868,6.161817806429614,2.159774684937238,low_confidence
pqr_0692,CCC[C@H]1CN(Cc2ccc(CN3C(=N)N[C@](CCC4CCCCC4)(CC4CCCCC4)C3=O)cc2)C(=O)N1,large_neutral_organic,0,1,"6-31G(d,p)",-6.009689949610987,-0.4497088990107623,5.559981050600225,12.039,6.126980642338659,0.9011826755729332,low_confidence
pqr_0693,CC1=CCC[C@H]2[C@](C)(Cc3cc(O)ccc3O)[C@@H](C)CC[C@]12C,large_neutral_organic,0,1,"6-31G(d,p)",-5.38684121439429,-0.1235195080813375,5.2633217063129525,8.515,6.140697375199787,2.6134408243063696,low_confidence
pqr_0694,CN[C@@H](C)C(=O)N[C@H](C(=O)N1C[C@H]2C[C@@H]3C[C@@H]3N2C[C@H]1C(=O)N[C@@H]1CCOc2ccccc21)C1CCCCC1,large_neutral_organic,0,1,"6-31G(d,p)",-5.466160476321898,-0.9685339671093348,4.497626509212563,12.078,6.125480751947022,0.9603461010497528,low_confidence
pqr_0695,O=C(/C=C/c1ccc(O)c(O)c1)O[C@@H]1C[C@](O)(C(=O)O)C[C@@H](O)[C@@H]1O,large_neutral_organic,0,1,"6-31G(d,p)",-5.860015913439368,-1.714993564605393,4.145022348833974,8.088999999999999,6.138272862405434,2.885001231034355,low_confidence
pqr_0696,CC[C@H](C)CC/C=C/C=C(\C)[C@@H](O)C/C=C/C=C/C(=O)O[C@H]1[C@H](O)[C@@H](CO)O[C@@]2(OCc3cc(O)cc(O)c32)[C@@H]1O,large_neutral_organic,0,1,"6-31G(d,p)",-5.697151729531022,-1.5985719319016376,4.098579797629385,8.402,6.253676636645779,2.753159040832126,low_confidence
pqr_0697,C[C@]12CCC(=O)C[C@H]1CC[C@@H]1[C@@H]2[C@H]2C[C@@]3([C@H](O)O2)[C@@H](C(=O)CO)CC[C@@H]13,large_neutral_organic,0,1,"6-31G(d,p)",-6.273409142430557,-0.632777696171528,5.640631446259029,10.369,6.124421003714192,1.8058753762209907,low_confidence
pqr_0698,CCC(=O)Oc1ccc2c3c1O[C@H]1[C@@H](O)C=C[C@H]4[C@@H](C2)N(C)CC[C@@]341,large_neutral_organic,0,1,"6-31G(d,p)",-5.463935402118111,-0.1982374847944765,5.265697917323633,11.88,6.22443769343,0.827025116482945,low_confidence
pqr_0699,O=C(Nc1cccc(C(F)(F)F)c1)C1CCN(c2ncnc3[nH]cnc23)CC1,large_neutral_organic,0,1,"6-31G(d,p)",-5.817315688618138,-1.350373251100557,4.466942437517581,11.165,6.152217974225146,0.3509032020026179,low_confidence
pqr_0700,C=C[C@@]1(C)CC[C@H]2[C@@](O)(CC[C@@H]3[C@]2(C)CCC[C@]3(C)C(=O)O)C1,large_neutral_organic,0,1,"6-31G(d,p)",-6.655699257304295,-0.0461090845418517,6.609590172762443,13.964,6.572232067743544,1.7634727255310487,low_confidence
pqr_0701,N[C@@H](CCC(=O)CNC[C@@H](O)CC[C@H](N)C(=O)O)C(=O)O,large_neutral_organic,0,1,"6-31G(d,p)",-6.400030508462477,-1.0427461816952406,5.357284326767236,12.848,6.428350624451372,0.5842038044081335,low_confidence
pqr_0702,CC(=O)O[C@]1(C)CC[C@H]2[C@H]3[C@@H]1[C@@H]1C/C(C)=C\CC[C@](C)(OC(=O)[C@@H]2C)[C@H]3O1,large_neutral_organic,0,1,"6-31G(d,p)",-5.9278878566504245,-0.4116990681775109,5.516188788472914,10.159,6.6282070215306845,1.7124822221512233,low_confidence
pqr_0703,C=C1CC[C@@H]2[C@](C)(CO)[C@H](O)CC[C@@]2(C)[C@@H]1/C=C/C1=CCOC1=O,large_neutral_organic,0,1,"6-31G(d,p)",-6.189570923011857,-1.5913547762383558,4.598216146773502,8.798,6.436656189731638,2.81119805348334,low_confidence
pqr_0704,OCC(F)(F)C(F)(F)C(F)(F)C(F)(F)C(F)(F)C(F)(F)C(F)(F)C(F)(F)CO,large_neutral_organic,0,1,"6-31G(d,p)",-7.903775582731064,-0.4293191246899669,7.4744564580410975,11.344,9.219687543323763,2.0301232797280697,low_confidence
pqr_0705,CCCCC[C@@H]1O[C@@H]1C/C=C\CCCCCCCC(=O)O,large_neutral_organic,0,1,"6-31G(d,p)",-6.292800731169517,-0.045696000213218,6.247104730956298,10.694,6.520280566881727,1.2417856330054633,low_confidence
pqr_0706,CC(C)C[C@H](CC(=O)NO)C(=O)N1CCC[C@H]1C(=O)N[C@H](C(=O)O)C(C)C,large_neutral_organic,0,1,"6-31G(d,p)",-6.215065854957383,-0.1671773864874083,6.047888468469974,10.029,6.6669824116233976,2.1987391861691954,low_confidence
pqr_0707,C[C@@H]1C[C@H](C[C@H]2C[C@H]2O)[C@H]2C(=O)[C@@H]3[C@@H]4[C@@H](O)[C@H](O)[C@H]5C[C@H](O)[C@@H](O)C[C@]5(C)[C@H]4CC[C@]3(C)[C@H]21,large_neutral_organic,0,1,"6-31G(d,p)",-6.201515304235969,-0.4996331571034446,5.701882147132524,10.663,7.083155440733616,1.869885039197733,low_confidence
pqr_0708,CC/C=C/C[C@H](O)/C=C/[C@@H]1[C@@H](C/C=C/CCCC(=O)O)[C@@H](O)C[C@H]1O,large_neutral_organic,0,1,"6-31G(d,p)",-5.997992258128757,0.1121107371639421,6.110102995292698,10.145,6.45051788155261,1.8860270767382816,low_confidence
pqr_0709,O=C1NC(=O)[C@H]2NC(=O)N([C@@H]3O[C@H](CO)[C@@H](O)[C@H]3O)[C@@H]2N1,large_neutral_organic,0,1,"6-31G(d,p)",-6.8465187288698335,-1.1403727550573493,5.706145973812484,11.271,6.734030032979868,0.5646485883665342,low_confidence
pqr_0710,C=C(CO)C(=O)O[C@H]1C/C(C)=C\CC/C(CO)=C\[C@H]2OC(=O)C(=C)[C@H]12,large_neutral_organic,0,1,"6-31G(d,p)",-6.4112049528881325,-1.893951188874941,4.517253764013192,8.937,6.409555159021306,2.653716513606652,low_confidence
pqr_0711,CCCCCCCCCCCCCC/C(C(=O)O)=C(/C)C(=O)O,large_neutral_organic,0,1,"6-31G(d,p)",-6.903523654130824,-2.1879730257491623,4.715550628381662,12.91,6.504060278243191,0.5468364783502473,low_confidence
pqr_0712,NCCCNCCCN1CCCC/C=C\CCCCCCCC1,large_neutral_organic,0,1,"6-31G(d,p)",-5.380012378221521,0.5778639455409289,5.9578763237624495,10.1,7.071959077017832,2.317633266156923,low_confidence
pqr_0713,CCCCCCCCCCCCCC/C(C(=O)O)=C(\C)C(=O)O,large_neutral_organic,0,1,"6-31G(d,p)",-6.657434110550347,-1.986319384820987,4.67111472572936,9.971,6.486501666903301,2.3557523258609923,low_confidence
pqr_0714,OC[C@H]1O[C@H](OC[C@H]2O[C@H](O)[C@H](O)[C@@H](O)[C@@H]2O)[C@H](O)[C@@H](O)[C@@H]1O,large_neutral_organic,0,1,"6-31G(d,p)",-6.036554867203795,0.8180714693158286,6.854626336519623,11.245,8.664632060262125,1.272198621652846,low_confidence
pqr_0715,C[C@H](NC(=O)CNC(=O)[C@H](C)NC(=O)[C@@H](N)CC(N)=O)C(N)=O,large_neutral_organic,0,1,"6-31G(d,p)",-6.275019738789459,-0.2534440570994498,6.02157568169001,10.446,6.705807762448641,1.587653729493189,low_confidence
pqr_0716,O=C(ON1C(=O)CCC1=O)[C@H](O)[C@@H](O)C(=O)ON1C(=O)CCC1=O,large_neutral_organic,0,1,"6-31G(d,p)",-6.780747845082932,-1.539737963614819,5.241009881468112,9.735,6.705564299946243,2.298127234674899,low_confidence
pqr_0717,O=C1NCN[C@@H]2[C@H](CCNCC3CCCCC3)[C@H]3N[C@H](NCCN4CCOCC4)N[C@H]3C[C@H]12,large_neutral_organic,0,1,"6-31G(d,p)",-5.30456663704413,0.3995502766012948,5.704116913645424,7.497,7.353298114294333,4.63328983546138,low_confidence
pqr_0718,C[C@H](CCC[C@@H](C)[C@H]1CC[C@H]2[C@@H]3[C@H](O)C[C@@H]4C[C@H](O)CC[C@]4(C)[C@H]3C[C@H](O)[C@]12C)C(=O)O,large_neutral_organic,0,1,"6-31G(d,p)",-6.527089466673824,0.0036082055651777,6.530697672239002,11.065,7.706422687465977,1.6817437763001664,low_confidence
pqr_0719,CC[C@@H]1OC(=O)CCCC/C=C\C/C=C\[C@H]2[C@H]1C[C@@H]1O[C@H]21,large_neutral_organic,0,1,"6-31G(d,p)",-6.2363754966025295,-0.0444330761745699,6.191942420427959,10.537,6.41205919612566,1.0357941643822155,low_confidence
pqr_0720,CC(=O)O[C@H]1CC[C@H]2[C@@H]3CC[C@@H](C)C(C)(C)[C@H]3CC[C@]12C,large_neutral_organic,0,1,"6-31G(d,p)",-6.9332021590537085,-0.1130230170889703,6.820179141964739,11.334,7.830045568663946,1.0874815835716252,low_confidence
pqr_0721,C/C(C[C@@H](C)[C@H](C)C(C)(C)O)=C1/CC[C@H]2[C@@H]3CC=C4C[C@@H](O)CC[C@]4(C)[C@H]3CC[C@]12C,large_neutral_organic,0,1,"6-31G(d,p)",-5.5253323090139626,0.626075536079308,6.151407845093271,10.141,6.518837201613115,2.169444296778499,low_confidence
pqr_0722,CC(C)CCC[C@@H](C)[C@H]1CC[C@H]2C3=C(CC[C@]12C)[C@@]1(C)CC[C@H](O)C(C)(C)[C@H]1CC3,large_neutral_organic,0,1,"6-31G(d,p)",-5.714505009450887,0.531561424586896,6.246066434037783,10.143,6.97244244287768,2.737085134264838,low_confidence
pqr_0723,C[C@@H](Cc1ccc(C(C)(C)C)cc1)CN1C[C@@H](C)O[C@H](C)C1,large_neutral_organic,0,1,"6-31G(d,p)",-5.216161350217231,0.3374248543215661,5.553586204538798,9.14,6.406952201439642,1.6850879062737685,low_confidence
pqr_0724,C=C(C)[C@H]1[C@H]2OC(=O)[C@@H]1[C@]1(O)C[C@H]3O[C@]34C(=O)O[C@H]2[C@]14C,large_neutral_organic,0,1,"6-31G(d,p)",-7.006584568643064,-1.0384659349320384,5.968118633711026,10.752,6.499880699934504,0.7186606004141485,low_confidence
pqr_0725,CO[C@@H](C(=O)N[C@H]1CCCCNC1=O)[C@H](O)[C@@H](O)[C@H](O)/C=C/C(C)C,large_neutral_organic,0,1,"6-31G(d,p)",-5.647071560896791,-0.0550396203369841,5.592031940559807,10.445,6.403200631498758,1.0997271069267534,low_confidence
pqr_0726,C=C1CC[C@@H](O)C/C1=C/C=C1\CCC[C@]2(C)[C@@H]([C@H](C)CCC[C@@H](C)CO)CC[C@@H]12,large_neutral_organic,0,1,"6-31G(d,p)",-5.328759382361199,-0.6284125479010559,4.700346834460143,8.709999999999999,6.405186134238732,3.433964630607713,low_confidence
pqr_0727,C/C=C(/CC[C@@H](C)[C@H]1CC[C@H]2[C@@H]3CC=C4C[C@@H](O)CC[C@]4(C)[C@H]3CC[C@]12C)C(C)C,large_neutral_organic,0,1,"6-31G(d,p)",-6.022648471525949,0.5720810002232773,6.594729471749226,10.5,6.525082679978988,2.081276827357174,low_confidence
pqr_0728,C=C1[C@H](O)CC(=C/C=C2\CCC[C@]3(C)[C@@H]([C@@H](C)/C=C/C[C@@H](O)C[C@]45C[C@H]6C[C@H](C[C@H](C6)C4)C5)CC[C@@H]23)C[C@H]1O,large_neutral_organic,0,1,"6-31G(d,p)",-5.286178323868116,-0.3156650030513072,4.970513320816809,11.799,6.448191949201197,0.2410816839732863,low_confidence
pqr_0729,COC(=O)[C@@H]1C[C@@]23C4=C(CC[C@@H]5CN6C[C@@H](C)[C@@H](C=C[C@@]52CO)[C@]63O)CC[C@@H]41,large_neutral_organic,0,1,"6-31G(d,p)",-5.349449234865581,0.0986772067621802,5.448126441627762,9.833,6.522146310950225,1.7766278088524672,low_confidence
pqr_0730,COC[C@H]1CN(c2ccc(OCC[C@@H](O)C(F)(F)F)cc2)C(=O)O1,large_neutral_organic,0,1,"6-31G(d,p)",-5.525549576611234,-0.1221679935348236,5.403381583076411,8.465,6.460708935512983,2.459735258517588,low_confidence
pqr_0731,CO[C@@H](C(=O)NCC(N)=O)[C@H](O)[C@@H](O)[C@H](O)/C=C/C(C)(C)C,large_neutral_organic,0,1,"6-31G(d,p)",-6.001987769801857,-0.0279364559527715,5.974051313849086,10.064,6.435687181918922,1.5745003771397368,low_confidence
pqr_0732,CC(C)(CO[C@@H]1O[C@H](CO)[C@@H](O)[C@H](O)[C@H]1O)[C@@H](O)C(=O)NCCCC(=O)O,large_neutral_organic,0,1,"6-31G(d,p)",-6.358619841455478,-0.3563766566901378,6.002243184765341,10.638,6.9045119100510615,1.3397665333774604,low_confidence
pqr_0733,C[C@H](CCC(=O)O)[C@H]1CC[C@H]2[C@@H]3[C@H](O)C[C@@H]4C[C@H](O)CC[C@]4(C)[C@H]3C[C@H](O)[C@]12C,large_neutral_organic,0,1,"6-31G(d,p)",-6.576728048213853,0.0885174130054003,6.665245461219253,10.944,7.704693696131388,1.747386959081025,low_confidence
pqr_0734,OCC1=C[C@H](N[C@@H]2C[C@@H](CO)[C@H](O[C@@H]3O[C@H](CO)[C@@H](O)[C@H](O)[C@H]3O)[C@@H](O)[C@@H]2O)[C@@H](O)[C@H](O)[C@H]1O,large_neutral_organic,0,1,"6-31G(d,p)",-5.380941105352039,-0.1198694175095626,5.261071687842477,9.744,6.830402217859919,2.122717861738732,low_confidence
pqr_0735,C[C@H]1CC[C@@H]2N(C1)C[C@H]1[C@@H]3C[C@H]4[C@@H](CC(=O)[C@H]5C[C@@H](O)CC[C@@]54C)[C@@H]3CC[C@@H]1[C@]2(C)O,large_neutral_organic,0,1,"6-31G(d,p)",-5.330261069198484,-0.3839195028495945,4.946341566348889,9.866,6.959581095505463,2.687941182009908,low_confidence
pqr_0736,CCCCC/C=C/C[C@@H]1O[C@H]1/C=C/[C@H](O)C/C=C/CCCC(=O)O,large_neutral_organic,0,1,"6-31G(d,p)",-6.112299380536729,0.0329906634272365,6.145290043963966,9.988,6.483396814151438,1.6854391092949257,low_confidence
pqr_0737,CCCCCCCN[C@H]1CCC[C@@H]1CCCCCCC(=O)O,large_neutral_organic,0,1,"6-31G(d,p)",-5.874752938960951,-0.0761556177001531,5.7985973212607975,12.846,7.771227736607261,0.058216707673754,low_confidence
pqr_0738,C[C@H]1O[C@@H](O[C@H]2CC[C@@]3(C)[C@H](CC[C@@H]4[C@@H]3C[C@@H](O)[C@]3(C)[C@@H](C5=CC(=O)OC5)CC[C@]43O)C2)C[C@H](O)[C@@H]1O,large_neutral_organic,0,1,"6-31G(d,p)",-6.768007549785141,-1.07499776692192,5.693009782863221,12.731,6.644800575740125,0.7817932801647469,low_confidence
pqr_0739,C[C@H]1C=C2C=C[C@H](C)[C@H](CC[C@H]3C[C@@H](O)CC(=O)O3)[C@H]2CC1,large_neutral_organic,0,1,"6-31G(d,p)",-5.681337209920131,-0.3173416760616716,5.36399553385846,9.174,6.474308352706958,2.4732498626730663,low_confidence
pqr_0740,C/C(=C\CC/C(C)=C/CC/C(C)=C/CC/C(C)=C/CO)CO,large_neutral_organic,0,1,"6-31G(d,p)",-5.766690968480557,0.1303664951246137,5.8970574636051705,10.126,6.418100511609242,1.895630094055759,low_confidence
pqr_0741,C[C@H](CCC(=O)O)[C@H]1CC[C@H]2[C@@H]3CC[C@H]4CCCC[C@]4(C)[C@H]3CC[C@]12C,large_neutral_organic,0,1,"6-31G(d,p)",-6.9138984982148735,-0.0409466115261582,6.872951886688716,10.973,7.883321014297785,1.93987862255789,low_confidence
pqr_0742,C=C(C)[C@@H]1CN[C@H](C(=O)O)[C@H]1CC(=O)N[C@@H](CCC(=O)O)C(=O)O,large_neutral_organic,0,1,"6-31G(d,p)",-6.277343373755158,-0.5816932241930255,5.695650149562132,12.82,6.564745286486665,1.0786648117135726,low_confidence
pqr_0743,C=C[C@@]1(C)CCc2c3c(c(O)c(O[C@H]4O[C@H](CO)[C@@H](O)[C@H](O)[C@H]4O)c2[C@H]1O)C(C)(C)CCC3,large_neutral_organic,0,1,"6-31G(d,p)",-5.711738364738465,-0.3045320195007642,5.407206345237701,8.679,6.401752459140585,2.3643218696947272,low_confidence
pqr_0744,CCCCCCCC/C=C\CCCCCCCCCCCCCC(=O)N[C@@H](CO[C@H]1O[C@H](CO)[C@H](O)[C@H](O)[C@H]1O)[C@H](O)[C@H](O)CCCCCCCCCCCCCC,large_neutral_organic,0,1,"6-31G(d,p)",-6.2059335343162685,0.4424444938230123,6.648378028139281,10.808,6.589379350869647,1.120201531225515,low_confidence
pqr_0745,CCCCC/C=C\C=C\[C@@H](O)CCCCCCCC(=O)O,large_neutral_organic,0,1,"6-31G(d,p)",-5.628531054190154,-0.2081769159256788,5.420354138264475,9.248,6.417457101567544,2.700831625700721,low_confidence
pqr_0746,C[C@]12CC[C@H]3[C@@H](CC[C@@]45O[C@@H]4C(O)=C(C(N)=O)C[C@]35C)[C@@H]1CC[C@H]2O,large_neutral_organic,0,1,"6-31G(d,p)",-5.8045222557640574,-0.6384881382999625,5.166034117464095,9.417,6.516215892866195,2.511362860574385,low_confidence
pqr_0747,COC[C@@H]1OC[C@H](OCC(=O)OC)[C@@H](OCC(=O)OC)[C@@H]1OC(C)=O,large_neutral_organic,0,1,"6-31G(d,p)",-6.603690218542152,-0.5659598506508088,6.037730367891343,13.655,7.086050035168514,1.6465844541851666,low_confidence
pqr_0748,CC(C)[C@@H]1[C@H]2OC(=O)[C@@H]1[C@]1(O)C[C@H]3O[C@]34C(=O)O[C@H]2[C@]14C,large_neutral_organic,0,1,"6-31G(d,p)",-7.226743542193409,-0.7850879023032105,6.441655639890199,10.883,6.88471010010559,1.0115575700244186,low_confidence
pqr_0749,O=C(CCCCC(=O)OC1CCCCC1)OC1CCCCC1,large_neutral_organic,0,1,"6-31G(d,p)",-6.89431989807618,-0.2556483713576333,6.6386715267185465,11.602,6.99119447518196,0.4263987992274991,low_confidence
pqr_0750,C#Cc1ccccc1C=O,near_qm9_larger_organic,0,1,"6-31G(d,p)",-6.496587173165319,-2.0161685929218,4.480418580243519,8.864,5.128227692362362,2.341757031146516,low_confidence
pqr_0751,CN(C)C(=O)C(=O)c1c[nH]c2ccccc12,near_qm9_larger_organic,0,1,"6-31G(d,p)",-5.6771044779048685,-1.8618105927264648,3.815293885178404,8.33,5.397104354108633,2.447817359567603,low_confidence
pqr_0752,COc1ccc2[nH]ccc2c1,near_qm9_larger_organic,0,1,"6-31G(d,p)",-5.087363628201437,-0.0878283647715707,4.999535263429867,7.800000000000001,5.566226432441377,1.986187211248211,low_confidence
pqr_0753,Nc1ccc2cccc(O)c2n1,near_qm9_larger_organic,0,1,"6-31G(d,p)",-5.203346182587827,-1.138837638936305,4.064508543651522,10.764,5.477894021145836,0.7129820818225205,low_confidence
pqr_0754,O=C(O)[C@@H](O)c1ccc(O)c(O)c1,near_qm9_larger_organic,0,1,"6-31G(d,p)",-5.654735504976493,-0.6383561465351748,5.016379358441318,8.437999999999999,5.632014450005742,2.9481446241949403,low_confidence
pqr_0755,CCOC(=O)c1ccc(O)cc1,near_qm9_larger_organic,0,1,"6-31G(d,p)",-6.39014392194323,-1.1576799790397871,5.232463942903443,9.104,5.735384167723076,1.5902857092799412,low_confidence
pqr_0756,Cc1c(N)[nH]c(=O)[nH]c1=O,near_qm9_larger_organic,0,1,"6-31G(d,p)",-5.714922564037372,-0.4712312082290044,5.243691355808368,8.998,5.636669439386085,2.3307820688445755,low_confidence
pqr_0757,CCc1nc(N)nc(N)c1-c1ccccc1,near_qm9_larger_organic,0,1,"6-31G(d,p)",-5.437229062582155,-0.2916103482164511,5.145618714365704,11.839,5.674219259710007,1.0895617552840946,low_confidence
pqr_0758,COc1ccc(NC=O)c(C(=O)CCNC(C)=O)c1,near_qm9_larger_organic,0,1,"6-31G(d,p)",-5.958457836363743,-1.8226039571960884,4.135853879167654,7.759,5.705823280393088,3.2484922225697703,low_confidence
pqr_0759,C[C@H](C(=O)O)c1ccc(-c2ccccc2)cc1,near_qm9_larger_organic,0,1,"6-31G(d,p)",-6.060314882325016,-0.873184080915368,5.187130801409648,12.021999999999998,5.482867104557773,1.0590088182420576,low_confidence
pqr_0760,C=Cc1c(C)c(O)cc2c1-c1ccc(O)c(C)c1CC2,near_qm9_larger_organic,0,1,"6-31G(d,p)",-4.906349269119211,-0.6616038121716832,4.244745456947528,8.102,5.578677177033258,2.952353307571709,low_confidence
pqr_0761,NC(=O)c1cccc2[nH]c(-c3ccc(O)cc3)nc12,near_qm9_larger_organic,0,1,"6-31G(d,p)",-5.672885448208588,-1.4257011204388554,4.247184327769732,8.301,5.441498772350706,2.380910310105648,low_confidence
pqr_0762,c1cncc(C2=NCCC2)c1,near_qm9_larger_organic,0,1,"6-31G(d,p)",-6.649473002643383,-1.3248074207158616,5.324665581927521,12.052,5.611690082456716,1.8430523086304265,low_confidence
pqr_0763,Nc1nc[nH]c1-c1ncc[nH]1,near_qm9_larger_organic,0,1,"6-31G(d,p)",-4.447115755285863,0.1085344147343485,4.555650170020212,7.897999999999999,5.491250932778678,2.649707946643571,low_confidence
pqr_0764,O=C(O)CCc1cccc(O)c1O,near_qm9_larger_organic,0,1,"6-31G(d,p)",-5.776386157950066,-0.1578288759965934,5.618557281953473,8.864,5.678121225023986,2.5323435152972618,low_confidence
pqr_0765,c1ccc(NNc2ncnc3[nH]ncc23)cc1,near_qm9_larger_organic,0,1,"6-31G(d,p)",-4.912423101472163,-1.0565490864767464,3.855874014995417,10.113,5.553131876115978,0.0518297520896187,low_confidence
pqr_0766,O=c1c2ccccc2[nH]n1Cc1cccnc1,near_qm9_larger_organic,0,1,"6-31G(d,p)",-5.144835054086194,-0.9755981574017536,4.169236896684441,11.322,5.440899560335349,0.486501060360009,low_confidence
pqr_0767,NC(N)=NCc1cccc(N)c1,near_qm9_larger_organic,0,1,"6-31G(d,p)",-5.012085211234471,0.3720098859262447,5.384095097160715,8.783000000000001,5.5462126116559,1.5569808478470542,low_confidence
pqr_0768,O=C(O)c1ccc2cc[nH]c2c1,near_qm9_larger_organic,0,1,"6-31G(d,p)",-5.657664006517866,-1.1576148802788615,4.500049126239004,11.195,5.511223800093685,0.4430198095833706,low_confidence
pqr_0769,O[C@H]1c2ccccc2-c2cc3ccccc3cc2[C@@H]1O,near_qm9_larger_organic,0,1,"6-31G(d,p)",-5.4509809012279415,-1.2698854384549594,4.181095462772983,7.989,5.601276496783086,2.681403083352447,low_confidence
pqr_0770,OCc1cccc(CO)n1,near_qm9_larger_organic,0,1,"6-31G(d,p)",-6.505159082196815,-0.8146249937707669,5.690534088426048,12.619,6.136787990198366,2.049610124266808,low_confidence
pqr_0771,C/C(=C\[C@H]1c2cccc3[nH]cc(c23)C[C@H]1N)CO,near_qm9_larger_organic,0,1,"6-31G(d,p)",-4.9495929758215285,-0.0595736595325726,4.890019316288956,8.332,5.803133978684115,2.137208561448663,low_confidence
pqr_0772,C[C@H]1C[C@@H]2c3cccc4[nH]cc(c34)C[C@H]2N(C)C1,near_qm9_larger_organic,0,1,"6-31G(d,p)",-4.93151980157219,-0.0084458584276706,4.923073943144519,8.37,5.947618767172838,1.850824940128966,low_confidence
pqr_0773,N[C@@H](CC(=O)OCc1ccccc1)C(=O)O,near_qm9_larger_organic,0,1,"6-31G(d,p)",-6.657071251176888,-0.6715271256875324,5.985544125489357,9.72,6.06084009406225,1.035223943159652,low_confidence
pqr_0774,N#Cc1ccc([C@H]2CCc3cncn32)c(F)c1,near_qm9_larger_organic,0,1,"6-31G(d,p)",-5.841365327171014,-1.890252653366962,3.951112673804052,7.978000000000001,5.872069599273992,2.5829989767092405,low_confidence
pqr_0775,NC(=O)c1cccc([C@@H]2O[C@H](CO)[C@@H](O)[C@H]2O)c1,near_qm9_larger_organic,0,1,"6-31G(d,p)",-6.537847679001658,-1.1895113143751497,5.348336364626508,12.507,6.159268945506808,1.574229041454652,low_confidence
pqr_0776,C=CCC1([C@@H]2C=CCC2)C(=O)NC(=O)NC1=O,near_qm9_larger_organic,0,1,"6-31G(d,p)",-6.346832012466336,-1.816515431145791,4.5303165813205455,9.366,6.0217695265211,2.0434964475112967,low_confidence
pqr_0777,C=Cc1ccc(C(C)(C)C)nc1,near_qm9_larger_organic,0,1,"6-31G(d,p)",-6.23197899427857,-1.0236803842269817,5.208298610051589,12.026,5.779779686992339,1.277227172457211,low_confidence
pqr_0778,CCN(CC)C(=O)CCc1ccc(O)c(O)c1,near_qm9_larger_organic,0,1,"6-31G(d,p)",-5.586652186886634,-0.0189636158869121,5.567688570999722,8.479,6.030293993339008,2.811047568861472,low_confidence
pqr_0779,CCCCC/C(=C\c1ccccc1)CO,near_qm9_larger_organic,0,1,"6-31G(d,p)",-5.940273298004276,-0.4125886379341266,5.5276846600701495,9.644,5.945489059734806,1.2539116455917476,low_confidence
pqr_0780,CCN(CC)c1ccc(N)c(C)c1,near_qm9_larger_organic,0,1,"6-31G(d,p)",-4.378376389266795,0.3439087415662543,4.722285130833049,7.958,5.920276074604709,2.587141101413936,low_confidence
pqr_0781,CC1(C)[C@@H]2CC[C@@]1(C)C(=O)C2,near_qm9_larger_organic,0,1,"6-31G(d,p)",-6.281456228250922,-0.3927173067642793,5.888738921486643,10.736,6.191707905309063,2.081021105643835,low_confidence
pqr_0782,NC(=O)NC(c1ccccc1)c1ccccc1,near_qm9_larger_organic,0,1,"6-31G(d,p)",-6.140928749295315,-0.4188607508340152,5.7220679984613,12.563,5.7996863887367285,1.7340559280473349,low_confidence
pqr_0783,O=C1NC(=O)C2=C1CC[C@@H]2O,near_qm9_larger_organic,0,1,"6-31G(d,p)",-7.185616453712165,-2.708388918933769,4.477227534778396,9.185,5.826790029008699,2.301474276447941,low_confidence
pqr_0784,C=C1C(=O)O[C@@H]2[C@@H]3C(C)=CC(=O)C3=C(C)CC[C@H]12,near_qm9_larger_organic,0,1,"6-31G(d,p)",-6.09535778271008,-1.8416730474981609,4.25368473521192,9.388,5.761175885175014,2.2061707070623093,low_confidence
pqr_0785,C/C=C(/C=O)[C@@H]1NC(C(=O)O)=C2[C@@H](OC)CCC[C@@H]21,near_qm9_larger_organic,0,1,"6-31G(d,p)",-5.224730418036723,-1.7554530844582277,3.469277333578495,11.299,6.199785051409201,0.152929617895138,low_confidence
pqr_0786,C=C(CO)[C@]12O[C@H]1[C@@]1(C)C(=CC2=O)CC[C@@H](O)[C@H]1C,near_qm9_larger_organic,0,1,"6-31G(d,p)",-6.331184718507359,-1.5797267863701123,4.751457932137247,12.486,5.831638799962368,0.7974235239130891,low_confidence
pqr_0787,CCCC/C=C/CC/C=C/CCCCCC=O,near_qm9_larger_organic,0,1,"6-31G(d,p)",-6.394740239430896,-0.713383434202254,5.681356805228642,10.14,5.890590964074847,1.5505840339224406,low_confidence
pqr_0788,O=C(O)CCC(=O)Nc1cccnc1,near_qm9_larger_organic,0,1,"6-31G(d,p)",-6.293719176611262,-0.864203955153965,5.429515221457296,11.851,5.822224786503811,0.7486246736419613,low_confidence
pqr_0789,CC/C=C/CCOC(=O)/C=C/c1ccccc1,near_qm9_larger_organic,0,1,"6-31G(d,p)",-6.329561391232375,-1.8364201933311952,4.49314119790118,8.768,5.782840848991649,2.336103117472499,low_confidence
pqr_0790,CC[C@H](C)[C@H](NC(=O)[C@H](C)NC(=O)CN)C(=O)O,near_qm9_larger_organic,0,1,"6-31G(d,p)",-6.438445169392375,-0.3769379400065281,6.061507229385847,10.4,6.803144298492698,1.7779216563482994,low_confidence
pqr_0791,COC(=O)C1=CO[C@@H](O)[C@@H]2C(CO)=CC[C@H]12,near_qm9_larger_organic,0,1,"6-31G(d,p)",-6.537617218542837,-1.1832622214041797,5.354354997138658,9.675,6.428870578509784,1.822041350505442,low_confidence
pqr_0792,NC(N)=NCCC[C@H](NCCC(=O)O)C(=O)O,near_qm9_larger_organic,0,1,"6-31G(d,p)",-5.5151878396496175,-0.2209160377431229,5.294271801906494,10.322,6.822774802253685,1.6630414933609927,low_confidence
pqr_0793,O[C@@H]1CCc2ccccc2C1,near_qm9_larger_organic,0,1,"6-31G(d,p)",-6.266118749500158,-0.0099647534205381,6.256153996079619,9.581,6.232657496236976,1.1736727131933744,low_confidence
pqr_0794,CC1(C)[C@H]2CC(=O)[C@]1(C)C[C@H]2O,near_qm9_larger_organic,0,1,"6-31G(d,p)",-6.310740460093737,-0.4509349930727457,5.859805467020992,10.405,6.279171095455967,2.2606142470745656,low_confidence
pqr_0795,CC(C)[C@@H]1NC(=O)[C@H](C(C)C)NC1=O,near_qm9_larger_organic,0,1,"6-31G(d,p)",-6.606804590005452,-0.1715107954215345,6.435293794583917,10.611,6.616017990460364,1.5274999189804124,low_confidence
pqr_0796,Cc1[nH]c(N)nc1CCN,near_qm9_larger_organic,0,1,"6-31G(d,p)",-4.45651840530311,1.3070255126468493,5.76354391794996,9.418,6.260095837689833,1.774647434987605,low_confidence
pqr_0797,CC1(C)C[C@H]1CC(=O)OC(=O)C1CC1,near_qm9_larger_organic,0,1,"6-31G(d,p)",-6.518316996540731,-1.2351912821556563,5.283125714385076,13.874,6.800409436628149,1.356330711566855,low_confidence
pqr_0798,CNCCc1c[nH]c2ccc(C[C@@H]3COC(=O)N3)cc12,near_qm9_larger_organic,0,1,"6-31G(d,p)",-5.071151981199697,-0.1484889152016305,4.922663065998067,8.34,6.261162986096934,2.5600082163416733,low_confidence
pqr_0799,O[C@@H]1[C@@H](O)[C@H](OCc2ccccc2)OC[C@H]1O,near_qm9_larger_organic,0,1,"6-31G(d,p)",-6.651932162360972,-0.254990665713995,6.396941496646978,9.451,6.468740754114809,1.405885868638018,low_confidence
pqr_0800,C=C(C)[C@H]1CCC2=C(C1)[C@H](C)[C@H](O)[C@@H](O)C2,near_qm9_larger_organic,0,1,"6-31G(d,p)",-5.856549963369462,0.4325868827994918,6.289136846168954,9.744,6.43294244126134,2.265996546118501,low_confidence
pqr_0801,C[C@H]1C[C@@H](C(=O)OC(=O)CC2CCC2)C1,near_qm9_larger_organic,0,1,"6-31G(d,p)",-6.637111485563801,-1.2790959784108995,5.358015507152901,14.011,6.820649356935046,1.7941598144909443,low_confidence
pqr_0802,C/C(=C\CC[C@H](C)C(=O)O)[C@H]1CC[C@H](C(=O)O)CC1,near_qm9_larger_organic,0,1,"6-31G(d,p)",-6.081841112936491,-0.2507923431876585,5.831048769748833,10.443,6.597959974003264,1.605108101563122,low_confidence
pqr_0803,FC(F)(F)c1cccc([C@@H]2CNCCO2)c1,near_qm9_larger_organic,0,1,"6-31G(d,p)",-6.028578569022737,-0.7089841500968266,5.319594418925911,8.527000000000001,6.421901486382576,1.9332357379224805,low_confidence
pqr_0804,CCc1nc(N)nc(OC)n1,near_qm9_larger_organic,0,1,"6-31G(d,p)",-6.486888926253213,-0.6950088061849313,5.791880120068282,9.38,6.543320871378886,1.8591296602525187,low_confidence
pqr_0805,O=C[C@H](O)[C@@H](O)[C@@H](O)[C@H](O)C(=O)O,near_qm9_larger_organic,0,1,"6-31G(d,p)",-6.439511438573517,-1.171963381602028,5.2675480569714885,13.48,6.530510569606929,1.0552611084375003,low_confidence
pqr_0806,OCc1ccc(O[C@@H]2O[C@H](CO)[C@@H](O)[C@H](O)[C@H]2O)cc1,near_qm9_larger_organic,0,1,"6-31G(d,p)",-5.821271484969834,-0.0436526617888005,5.777618823181034,9.351,6.390440259598951,1.2687233733642618,low_confidence
pqr_0807,CC(C)(C)CCCC(=O)OC(=O)[C@H]1CCC1(C)C,near_qm9_larger_organic,0,1,"6-31G(d,p)",-6.490948383856615,-1.1446300878301423,5.346318296026473,10.81,6.80082587146409,1.5143670890485,low_confidence
pqr_0808,C[C@@H]1CC[C@@H]1C(=O)C1CCCCC1,near_qm9_larger_organic,0,1,"6-31G(d,p)",-6.336884258077085,-0.5798670274104256,5.757017230666659,13.632,6.249818645651531,0.9973033256122754,low_confidence
pqr_0809,Cc1ccc(OC[C@H](O)[C@H](C)NC(C)C)c2c1CCC2,near_qm9_larger_organic,0,1,"6-31G(d,p)",-5.420578581768544,0.3347152347292844,5.755293816497829,8.977,6.307823245728448,1.9657623880130048,low_confidence
pqr_0810,N[C@@H](CC1CCCCC1)[C@@H](O)CC(=O)O,near_qm9_larger_organic,0,1,"6-31G(d,p)",-6.052564485048677,-0.3014348905752263,5.751129594473452,10.535,7.201199806013033,2.054248765811032,low_confidence
pqr_0811,CC1(/C=C\C2CCCCC2)CC1,near_qm9_larger_organic,0,1,"6-31G(d,p)",-6.344490443287689,0.4879037897625857,6.832394233050275,10.483,7.063067949139436,2.154060405586444,low_confidence
pqr_0812,CCC(=O)OC(=O)CC1CCCC1,near_qm9_larger_organic,0,1,"6-31G(d,p)",-6.616139857993547,-1.1937669076451738,5.422372950348373,14.222,6.879448647777871,1.7908239083644322,low_confidence
pqr_0813,COCCOC(=O)CCC(N)=O,near_qm9_larger_organic,0,1,"6-31G(d,p)",-6.596858849339852,-0.4542705063084934,6.142588343031359,11.096,7.060068558546879,0.8949083160324527,low_confidence
pqr_0814,C[C@H]1C[C@H]1C(=O)OC(C)(C)C,near_qm9_larger_organic,0,1,"6-31G(d,p)",-6.723519712401484,-0.3186791193977067,6.404840593003777,14.501,7.526863216215728,2.54505217168275,low_confidence
pqr_0815,C[C@@H]1C[C@H]1/C=C\C1(C)CC1,near_qm9_larger_organic,0,1,"6-31G(d,p)",-6.126969405575348,0.4461382460853701,6.573107651660719,10.061,7.0223672521397,1.527218237544048,low_confidence
pqr_0816,CCCC/C=C/[C@@H]1C[C@@H]1C,near_qm9_larger_organic,0,1,"6-31G(d,p)",-6.136967747883355,0.4044573064433375,6.541425054326692,10.124,7.09720875678726,2.045317767835355,low_confidence
pqr_0817,CC[C@H](C)[C@@H](NC(=O)[C@H]1CCCN1)C(=O)O,near_qm9_larger_organic,0,1,"6-31G(d,p)",-6.400643946331826,-0.5408611007916504,5.859782845540175,13.44,6.919509371798876,1.1310186953206856,low_confidence
pqr_0818,CC1(C)C[C@H]1/C=C/C1CCCCC1,near_qm9_larger_organic,0,1,"6-31G(d,p)",-6.076735698444986,0.3477404121077287,6.424476110552714,10.042,7.060064750722182,2.688740371367766,low_confidence
pqr_0819,C[C@@H](C[C@@H](C[C@H](CCC(=O)O)C(=O)O)C(=O)O)C(=O)O,near_qm9_larger_organic,0,1,"6-31G(d,p)",-6.93971986231175,-0.5053942129429171,6.434325649368834,11.355,7.028564177465851,1.0983907078263575,low_confidence
pqr_0820,CC[C@H](C)/C=C/[C@H]1CC[C@@H]1C,near_qm9_larger_organic,0,1,"6-31G(d,p)",-6.139689500580769,0.4212932699588879,6.560982770539656,10.363,7.18144127278396,2.5498724959468166,low_confidence
pqr_0821,C1COC(NC(C2CC2)C2CC2)=N1,near_qm9_larger_organic,0,1,"6-31G(d,p)",-5.485754211397914,1.609201163051657,7.094955374449572,9.907,7.119137631124432,2.090775049969185,low_confidence
pqr_0822,CC(C)[C@H]1CC[C@@]2(C)[C@@H]1[C@H]1O[C@@H]2CC[C@@H]1C(=O)O,near_qm9_larger_organic,0,1,"6-31G(d,p)",-6.614513228277241,0.0944755541596714,6.708988782436912,10.654,7.269703878606419,1.674766512647171,low_confidence
pqr_0823,CC(C)C(=O)OCC(C)(C)[C@H](O)C(C)C,near_qm9_larger_organic,0,1,"6-31G(d,p)",-6.9897942597464695,-0.2374591648594057,6.752335094887063,14.537,7.309499365202424,2.310535594986426,low_confidence
pqr_0824,CC[C@H](C)/C=C\[C@H]1CC1(C)C,near_qm9_larger_organic,0,1,"6-31G(d,p)",-6.086736455312156,0.5648390281544149,6.651575483466571,10.489,7.094349096802294,2.231900735462835,low_confidence
pqr_0825,FC(F)(F)C1=C(C(F)(F)C(F)(F)F)OCCOC1(F)F,near_qm9_larger_organic,0,1,"6-31G(d,p)",-7.943169075874621,-2.2594225037247626,5.683746572149858,12.674,7.195085992147596,0.3602180639351449,low_confidence
pqr_0826,CCCC(C)(C)NC(=O)CCCC(C)C,near_qm9_larger_organic,0,1,"6-31G(d,p)",-6.486921502445764,0.3103219660637497,6.797243468509513,14.22,7.446888412507297,0.7676861533980386,low_confidence
pqr_0827,NC(=O)[C@H]1O[C@@H](O)[C@H](O)[C@@H](O)[C@@H]1O,near_qm9_larger_organic,0,1,"6-31G(d,p)",-6.811221045586369,-0.3485881546044712,6.462632890981898,14.135,7.201303921584428,1.5062938220884856,low_confidence
pqr_0828,CCCC(C)(C)/C=C/[C@H]1CCC1(C)C,near_qm9_larger_organic,0,1,"6-31G(d,p)",-6.1603371655929005,0.4224116557906586,6.58274882138356,13.628,7.157400979897068,0.7476717706745539,low_confidence
pqr_0829,CCC(C)(C)CC(=O)O[C@@H]1CCC1(C)C,near_qm9_larger_organic,0,1,"6-31G(d,p)",-6.880132847765614,-0.1099836648191679,6.770149182946446,14.656,7.478471989064053,2.3386575962279395,low_confidence
pqr_0830,CCC[C@]1(C)O[C@@H]1C(C)(C)C,near_qm9_larger_organic,0,1,"6-31G(d,p)",-6.635220836072961,1.9217081292198872,8.55692896529285,15.526,8.736135167039558,2.646589709255164,low_confidence
pqr_0831,CCCCCCCCCCCCC,near_qm9_larger_organic,0,1,"6-31G(d,p)",-7.720364923041338,2.254638770702803,9.975003693744142,17.61,10.304305011109689,2.7280330756700923,low_confidence
pqr_0832,CC(C)(C)CCOC(=O)C1(C)CC1,near_qm9_larger_organic,0,1,"6-31G(d,p)",-6.86753086728527,-0.2531663437358584,6.614364523549411,14.562,7.545812173990529,2.116265682057433,low_confidence
pqr_0833,O[C@@H]1C[C@@H]2N[C@@](O)(C[C@@H]2O)[C@H]1O,near_qm9_larger_organic,0,1,"6-31G(d,p)",-5.999401832418571,1.3143123802402803,7.313714212658852,11.814,8.286787379550496,0.8181783609079165,low_confidence
pqr_0834,CC(C)CC[C@H]1O[C@@H]1CC(C)(C)C,near_qm9_larger_organic,0,1,"6-31G(d,p)",-6.802288848280582,1.7375133187719989,8.53980216705258,15.643,8.981432793325547,2.9630485677275527,low_confidence
pqr_0835,CCC[C@@H](C)NC1CCC1,near_qm9_larger_organic,0,1,"6-31G(d,p)",-5.464785077374164,1.9155274533296516,7.380312530703816,14.883,8.942845461222994,1.498517815210775,low_confidence
pqr_0836,C[C@@H]1CC[C@H]1[C@@H]1O[C@@H]1[C@@H]1CC1(C)C,near_qm9_larger_organic,0,1,"6-31G(d,p)",-6.497820116664904,1.802327871265316,8.30014798793022,15.082999999999998,8.667868626606385,2.6381419210554213,low_confidence
pqr_0837,CCC[C@H](C)NCC(C)(C)CC,near_qm9_larger_organic,0,1,"6-31G(d,p)",-5.723389997984148,1.5475759362519788,7.270965934236127,14.992,8.968554142194387,1.0979146486175289,low_confidence
pqr_0838,CCCCC[C@@H]1O[C@@H]1CC,near_qm9_larger_organic,0,1,"6-31G(d,p)",-6.738799377900142,2.036845491545555,8.775644869445697,15.666,9.082759571087117,3.041791027643953,low_confidence
pqr_0839,C[C@@H]1CC[C@H]1N[C@@H]1CC1(C)C,near_qm9_larger_organic,0,1,"6-31G(d,p)",-5.143171250033652,1.9324795932180523,7.0756508432517045,14.255,8.747017086172345,1.0741248759141389,low_confidence
pqr_0840,CCC[C@@H](C)[C@@H]1O[C@@H]1C1CC(C)(C)C1,near_qm9_larger_organic,0,1,"6-31G(d,p)",-6.942937901555088,1.5911633082485517,8.534101209803639,15.558,8.761870195982876,2.964959623444317,low_confidence
pqr_0841,C[C@@H]1C[C@H]1[C@H]1O[C@H]1C1CC(C)(C)C1,near_qm9_larger_organic,0,1,"6-31G(d,p)",-6.582604724720914,1.784575364176885,8.3671800888978,15.111,8.638795769769535,2.680039509038302,low_confidence
pqr_0842,CN1C[C@@H](O)[C@H](O)[C@H]1CO,near_qm9_larger_organic,0,1,"6-31G(d,p)",-5.61283363034804,1.476837996816652,7.089671627164692,14.319,8.401144132603456,1.7637729424996618,low_confidence
pqr_0843,C[C@@H]1[C@@H](O)C[C@]2(O)C[C@@]3(O)CC(C)(C)C[C@H]3[C@]12C,near_qm9_larger_organic,0,1,"6-31G(d,p)",-6.463867189305599,1.566568353623365,8.030435542928963,15.854,8.462975823349273,2.8360595101406254,low_confidence
pqr_0844,CCCOC(=O)C1CCC1,near_qm9_larger_organic,0,1,"6-31G(d,p)",-6.766318381272448,-0.0230135768953231,6.743304804377124,14.732,7.551703104998228,2.774095089352393,low_confidence
pqr_0845,C[C@@H]1CC[C@H]1[C@@H]1O[C@H]1[C@@H]1CCC1(C)C,near_qm9_larger_organic,0,1,"6-31G(d,p)",-6.638803461101936,1.8391715308686825,8.477974991970619,12.249,8.632824192784849,0.2017028632092987,low_confidence
pqr_0846,CC1(C)CC[C@H]1OC1CCCCC1,near_qm9_larger_organic,0,1,"6-31G(d,p)",-6.361546819863711,1.7238704469242876,8.085417266787998,11.767,8.71204202368082,0.6089441017254629,low_confidence
pqr_0847,CCC(C)(C)CN[C@H]1CC[C@@H]1C,near_qm9_larger_organic,0,1,"6-31G(d,p)",-5.932900098799263,2.0176194986780267,7.95051959747729,14.968,8.941331676605918,1.465616055493031,low_confidence
pqr_0848,CCCCC[C@H]1O[C@H]1C(C)(C)CCC,near_qm9_larger_organic,0,1,"6-31G(d,p)",-6.696657387665106,1.9670390758180785,8.663696463483184,12.247,8.888797744574617,0.5662785297152979,low_confidence
pqr_0849,CC[C@H](C)[C@H]1O[C@@H]1[C@@H]1C[C@H]1C,near_qm9_larger_organic,0,1,"6-31G(d,p)",-6.651012341983607,2.143466100312688,8.794478442296294,15.207,8.851818864015721,2.8545265476782244,low_confidence
pqr_0850,Cc1ccc(C=O)cc1,qm9_like_small_organic,0,1,"6-31G(d,p)",-6.77124890417045,-1.7211663525470098,5.050082551623441,9.223,5.236530556942116,1.001963429627846,low_confidence
pqr_0851,NCc1ccco1,qm9_like_small_organic,0,1,"6-31G(d,p)",-5.654787185546994,0.5684372769218126,6.223224462468807,12.644,6.41123875343408,1.030403758634261,low_confidence
pqr_0852,C=Cc1ccncc1,qm9_like_small_organic,0,1,"6-31G(d,p)",-6.570981125544314,-1.3398623620028207,5.2311187635414935,12.775,5.373228072380874,2.0411940169167355,low_confidence
pqr_0853,CC(=O)c1ccco1,qm9_like_small_organic,0,1,"6-31G(d,p)",-6.453583795084769,-1.4342758129132198,5.019307982171549,9.31,5.18761648378875,1.0273008614199242,low_confidence
pqr_0854,CC(=O)C[C@@H](C)C(C)=O,qm9_like_small_organic,0,1,"6-31G(d,p)",-6.307640392262277,-0.605100662879645,5.702539729382632,13.871,6.118595658566098,1.1161341219641336,low_confidence
pqr_0855,O=C1C=CCCCC1,qm9_like_small_organic,0,1,"6-31G(d,p)",-6.379927993767715,-1.376436479787744,5.003491513979971,9.993,5.320920959771245,1.679737823054447,low_confidence
pqr_0856,N=C(CC(=O)O)C(=O)O,qm9_like_small_organic,0,1,"6-31G(d,p)",-7.25784272489515,-2.433477598074476,4.824365126820675,10.194,6.330269810123631,1.9865735474743929,low_confidence
pqr_0857,C/C(=N\O)C(=O)O,qm9_like_small_organic,0,1,"6-31G(d,p)",-7.25821223412457,-1.9155421242870647,5.342670109837505,13.524,6.18099182647304,1.0923706535666948,low_confidence
pqr_0858,Nn1cnnc1,qm9_like_small_organic,0,1,"6-31G(d,p)",-6.448965763587857,0.6830019323472554,7.131967695935113,13.564,6.374113449652785,1.3713829385503704,low_confidence
pqr_0859,O=C1NC(=O)C(=O)N1,qm9_like_small_organic,0,1,"6-31G(d,p)",-8.010967570323386,-3.2019547420074894,4.809012828315897,9.832,5.734754746028074,2.1289785365315392,low_confidence
pqr_0860,C=C/C=N/O,qm9_like_small_organic,0,1,"6-31G(d,p)",-6.358027386968714,-1.2086777328790153,5.149349654089699,9.299,6.042194885402143,2.824371673549896,low_confidence
pqr_0861,NC/C=C/CC(=O)O,qm9_like_small_organic,0,1,"6-31G(d,p)",-6.278816351726813,-0.3576692060021128,5.921147145724699,9.939,6.4341936728471065,2.488222037375728,low_confidence
pqr_0862,c1ncc2[nH]ccc2n1,qm9_like_small_organic,0,1,"6-31G(d,p)",-6.102708788854125,-1.0990976548642837,5.003611133989842,11.721,5.39021671480112,1.9395721804484385,low_confidence
pqr_0863,Cc1cccnn1,qm9_like_small_organic,0,1,"6-31G(d,p)",-6.0458897096037765,-1.247753630101008,4.798136079502769,9.679,6.2438863529685245,2.3008642415916416,low_confidence
pqr_0864,O=C1C[C@H]2CC[C@@H](C1)C2,qm9_like_small_organic,0,1,"6-31G(d,p)",-6.352846248747264,-0.5333476655219311,5.819498583225333,13.955,6.224855742457136,1.2748867604434275,low_confidence
pqr_0865,C=C(C)C(=O)OC,qm9_like_small_organic,0,1,"6-31G(d,p)",-7.149278272851896,-1.3298528021669935,5.819425470684903,10.177,6.195099196073417,2.477821866359335,low_confidence
pqr_0866,C=C(C(=O)O)C(F)(F)F,qm9_like_small_organic,0,1,"6-31G(d,p)",-7.573295760577257,-2.132345250940796,5.440950509636462,10.115,6.328287235210882,1.8507523400761023,low_confidence
pqr_0867,Cc1cccnc1,qm9_like_small_organic,0,1,"6-31G(d,p)",-6.489290900263312,-0.5900630670126725,5.89922783325064,12.694,6.0994434171266585,1.1989319294232563,low_confidence
pqr_0868,C[C@H](O)C=O,qm9_like_small_organic,0,1,"6-31G(d,p)",-6.896183421999687,-1.0745451109827104,5.821638311016978,13.531,6.258524825826125,1.0092104795049457,low_confidence
pqr_0869,C[C@H]1C=COC1=O,qm9_like_small_organic,0,1,"6-31G(d,p)",-6.77078293857593,-0.7556090111495651,6.015173927426364,10.245,6.18064459874006,2.559498320910434,low_confidence
pqr_0870,NCCCn1ccnc1,qm9_like_small_organic,0,1,"6-31G(d,p)",-5.8453503252670975,0.8912433982982251,6.736593723565322,13.02,6.7727609306931935,1.721250720664388,low_confidence
pqr_0871,C/C=C/[C@@H]1CC[C@H]1C,qm9_like_small_organic,0,1,"6-31G(d,p)",-6.095513587516715,0.4497465533566708,6.545260140873385,10.347,7.100396363992357,1.0496479483060153,low_confidence
pqr_0872,CC(C)/C=C/[C@@H]1C[C@@H]1C,qm9_like_small_organic,0,1,"6-31G(d,p)",-6.182936303801011,0.364001723255861,6.546938027056871,10.159,7.083291159283965,1.6844138666737276,low_confidence
pqr_0873,C=C(C)C(=O)OCCO,qm9_like_small_organic,0,1,"6-31G(d,p)",-7.109857042838374,-1.5819171175494195,5.527939925288954,10.192,6.510747405513497,2.3554890979840835,low_confidence
pqr_0874,CCCCN(N)C=O,qm9_like_small_organic,0,1,"6-31G(d,p)",-6.486933861444558,0.3135386982885867,6.800472559733144,13.419,7.049086479887913,0.7674389644197781,low_confidence
pqr_0875,CC/C=C\[C@@H]1CC1(C)C,qm9_like_small_organic,0,1,"6-31G(d,p)",-6.120185525117716,0.5231925717654433,6.64337809688316,10.291,7.039654970638897,1.508648570840684,low_confidence
pqr_0876,COC(=O)[C@@H]1CCCN1,qm9_like_small_organic,0,1,"6-31G(d,p)",-6.091887426866969,0.0467540824923242,6.138641509359293,10.024,7.1233560446140185,1.7364834601228605,low_confidence
pqr_0877,C/C=C/[C@H]1CC[C@@H]1C,qm9_like_small_organic,0,1,"6-31G(d,p)",-6.095500628955701,0.4497322962400501,6.545232925195752,10.347,7.100396363992357,1.0496479483060153,low_confidence
pqr_0878,CC1(C)OC(=O)NC1=O,qm9_like_small_organic,0,1,"6-31G(d,p)",-7.34602975577559,-0.9676069744865896,6.378422781289,13.9,6.801863290768409,2.193210821070645,low_confidence
pqr_0879,C[C@H]1CNC(=O)NC1=O,qm9_like_small_organic,0,1,"6-31G(d,p)",-6.881082507612128,-0.7654767436866905,6.115605763925437,10.567,6.692930175883867,1.028984619674807,low_confidence
pqr_0880,CN(CC(=O)O)C(=N)N,qm9_like_small_organic,0,1,"6-31G(d,p)",-5.480076661624854,-0.3660775334305917,5.113999128194262,10.278,6.847131262822157,1.7091095787769834,low_confidence
pqr_0881,NC(N)=NCO,qm9_like_small_organic,0,1,"6-31G(d,p)",-5.446772602242288,1.3580059349359694,6.804778537178258,10.387,7.1362397271660605,2.1886918551251995,low_confidence
pqr_0882,CC/C(C)=C\[C@@H]1C[C@@H]1C,qm9_like_small_organic,0,1,"6-31G(d,p)",-5.826286867127719,0.4997510193624344,6.326037886490153,10.013,6.98107801704032,1.749310109673175,low_confidence
pqr_0883,Cc1ncc(CCN)[nH]1,qm9_like_small_organic,0,1,"6-31G(d,p)",-5.368997276774814,0.9725987630765474,6.341596039851361,12.608,6.672011372144921,1.2864872710962558,low_confidence
pqr_0884,CC(C)=CC1CC1,qm9_like_small_organic,0,1,"6-31G(d,p)",-5.865571236461732,0.48346727470006,6.349038511161791,9.977,6.9836383021306325,1.2538166672919075,low_confidence
pqr_0885,CC/C(C)=C/[C@@H](C)CC,qm9_like_small_organic,0,1,"6-31G(d,p)",-5.98335125715201,0.4918048504264481,6.475156107578458,10.296,7.064722869077675,2.2599216418061747,low_confidence
pqr_0886,C=C/C=C/C,qm9_like_small_organic,0,1,"6-31G(d,p)",-5.890466694176701,-0.341502296035728,5.548964398140972,9.148,6.526140669302963,2.2550995318028715,low_confidence
pqr_0887,CC/C(C)=C\[C@@H](C)CC,qm9_like_small_organic,0,1,"6-31G(d,p)",-5.904669677078149,0.6050376781103437,6.5097073551884925,10.305,7.0666111040331545,2.2571566766219675,low_confidence
pqr_0888,C#CC#CC,qm9_like_small_organic,0,1,"6-31G(d,p)",-6.659068423956444,-0.0953333486569745,6.563735075299469,10.1,6.671613994645213,1.202714438179381,low_confidence
pqr_0889,CC/C=C\C(C)(C)CC,qm9_like_small_organic,0,1,"6-31G(d,p)",-6.392865882461477,0.5817888211361436,6.97465470359762,10.583,7.136568490261967,2.0667218208542817,low_confidence
pqr_0890,O=C1CCCCCO1,qm9_like_small_organic,0,1,"6-31G(d,p)",-6.922084195486153,-0.1860784388823035,6.73600575660385,11.329,7.235134625604545,1.03768533298925,low_confidence
pqr_0891,C=C(N)CCC,qm9_like_small_organic,0,1,"6-31G(d,p)",-4.964058608819556,1.5116936718781195,6.475752280697676,13.013000000000002,7.325560965434458,1.0763437477907924,low_confidence
pqr_0892,CCC(=O)NC,qm9_like_small_organic,0,1,"6-31G(d,p)",-6.447925338761074,0.4912739569785697,6.939199295739644,14.153,7.598151324367954,1.869212295803248,low_confidence
pqr_0893,C=C(O)CCC,qm9_like_small_organic,0,1,"6-31G(d,p)",-5.898186943027198,1.0891746836372986,6.987361626664495,13.629,7.387646000126289,1.075367811345069,low_confidence
pqr_0894,C=CCC[C@@H](C)CC,qm9_like_small_organic,0,1,"6-31G(d,p)",-6.59147864417252,0.4609739214495055,7.052452565622026,10.907,7.269760545178961,1.2050898803317427,low_confidence
pqr_0895,C/C=C\CCCC(C)C,qm9_like_small_organic,0,1,"6-31G(d,p)",-6.276518057658623,0.6852461628215346,6.961764220480158,10.533,7.210358631718382,1.6416295746278475,low_confidence
pqr_0896,CC[C@@H](C)[C@@H](O)C(=O)O,qm9_like_small_organic,0,1,"6-31G(d,p)",-7.001043359863561,-0.3454673279461189,6.655576031917443,11.08,7.504611295399334,1.8330486936089567,low_confidence
pqr_0897,C=CC(C)(C)C,qm9_like_small_organic,0,1,"6-31G(d,p)",-6.74577931138043,0.5002057183490615,7.245985029729492,10.963,7.322473630634645,1.18426024785599,low_confidence
pqr_0898,CC(C)C[C@@H](N)C(=O)O,qm9_like_small_organic,0,1,"6-31G(d,p)",-6.45412710157119,-0.2440394700516309,6.210087631519559,11.346,7.441625906279166,1.4813904219027272,low_confidence
pqr_0899,CCC/C=N/O,qm9_like_small_organic,0,1,"6-31G(d,p)",-6.754020655572411,-0.0618912912701056,6.692129364302306,10.606,7.367789353589405,1.915494869380188,low_confidence
pqr_0900,C/C=C/CC(C)(C)CC,qm9_like_small_organic,0,1,"6-31G(d,p)",-6.247270656611772,0.513168128030843,6.760438784642615,10.491,7.19852198447769,2.396571431893044,low_confidence
pqr_0901,N[C@@H](C[C@H]1CO1)C(=O)O,qm9_like_small_organic,0,1,"6-31G(d,p)",-6.759007613210283,-0.1880608152524374,6.570946797957846,10.494,7.272349623164382,2.1273300350880326,low_confidence
pqr_0902,CO[C@@H](C)OC(C)=O,qm9_like_small_organic,0,1,"6-31G(d,p)",-6.906351098447516,-0.1651579093051091,6.741193189142407,14.501,7.558747271243201,1.8090266419489096,low_confidence
pqr_0903,CC/C=C/CO,qm9_like_small_organic,0,1,"6-31G(d,p)",-6.382200234077095,0.1870644190635218,6.569264653140617,10.467,7.2402474619612,2.012187630133928,low_confidence
pqr_0904,C=C[C@@H](CC)C(C)C,qm9_like_small_organic,0,1,"6-31G(d,p)",-6.745852658236241,0.5039576486353274,7.249810306871569,10.885,7.195196400375485,1.4354185151934953,low_confidence
pqr_0905,CN(C=O)CO,qm9_like_small_organic,0,1,"6-31G(d,p)",-6.63687908534655,-0.066506710105704,6.570372375240846,10.79,7.314961082654052,2.115192865142008,low_confidence
pqr_0906,C=C(CC)CCCC,qm9_like_small_organic,0,1,"6-31G(d,p)",-6.308331440905497,0.4925407946982046,6.800872235603701,13.961000000000002,7.356578421762188,1.722060423728216,low_confidence
pqr_0907,CC1(C)C[C@H]1C(=O)O,qm9_like_small_organic,0,1,"6-31G(d,p)",-6.789469296117993,-0.2536176439870807,6.535851652130912,14.647,7.601224142865691,1.3291753674363296,low_confidence
pqr_0908,O=C(O)C[C@@H]1CC12CC2,qm9_like_small_organic,0,1,"6-31G(d,p)",-4.453610388581347,-0.6921290073970899,3.761481381184257,11.893,7.581748151827577,1.053408743768868,low_confidence
pqr_0909,F/C=C/C(F)(F)F,qm9_like_small_organic,0,1,"6-31G(d,p)",-7.848399453127187,-0.7333655437515656,7.115033909375622,10.841,7.494378085270151,2.193305408272749,low_confidence
pqr_0910,NCCN1CCNCC1,qm9_like_small_organic,0,1,"6-31G(d,p)",-5.226437609751975,1.5949100797166602,6.821347689468635,14.438,8.541341143229225,1.92050754580435,low_confidence
pqr_0911,C1C[C@@H]2CN[C@H](C1)C2,qm9_like_small_organic,0,1,"6-31G(d,p)",-5.880691612705555,1.6639130949188148,7.54460470762437,12.117,8.934145084742195,1.060380058023629,low_confidence
pqr_0912,C[C@@H](O)CNC[C@@H](C)O,qm9_like_small_organic,0,1,"6-31G(d,p)",-6.263936432688876,1.4378891826947964,7.701825615383671,14.712,8.613600971813128,1.8676519351518976,low_confidence
pqr_0913,CC[C@H]1O[C@@H]1[C@H]1C[C@@H]1C,qm9_like_small_organic,0,1,"6-31G(d,p)",-6.626062423809184,2.17951055629984,8.805572980109023,15.467,8.901159055714999,2.9521789107115506,low_confidence
pqr_0914,NCCCNCCCN,qm9_like_small_organic,0,1,"6-31G(d,p)",-5.062501427403999,2.093835923089938,7.156337350493938,12.132,8.778440514788537,0.6563416805640419,low_confidence
pqr_0915,O=C(O)C1CC1,qm9_like_small_organic,0,1,"6-31G(d,p)",-6.930616603980152,-0.3679319165310695,6.5626846874490825,14.816,7.642864315200811,1.6719140291973655,low_confidence
pqr_0916,CN(C)CCO,qm9_like_small_organic,0,1,"6-31G(d,p)",-5.299066546723021,1.657292843256791,6.956359389979813,14.449,8.859530528499398,1.929439410679075,low_confidence
pqr_0917,C[C@@H]1CC[C@@H]1NC1CC1,qm9_like_small_organic,0,1,"6-31G(d,p)",-5.578645453245249,2.086450321914426,7.665095775159675,14.254,8.82311719551178,1.0639198192965915,low_confidence
pqr_0918,C[C@@H](O)COC(C)(C)C,qm9_like_small_organic,0,1,"6-31G(d,p)",-6.722987280342194,1.7287714815034898,8.451758761845683,14.94,8.730740836790936,2.733297129368559,low_confidence
pqr_0919,C#CCOC[C@H]1CO1,qm9_like_small_organic,0,1,"6-31G(d,p)",-7.0786751841563085,0.8424618548104076,7.921137038966716,11.127,7.873459109892684,1.0381428308863736,low_confidence
pqr_0920,CC(C)C[C@H](N)C(O)O,qm9_like_small_organic,0,1,"6-31G(d,p)",-6.247003391727852,1.6847620399164376,7.93176543164429,15.181,8.65921267205306,1.9096264670931973,low_confidence
pqr_0921,C[C@@H]1C[C@@H]1[C@H]1OC1(C)C,qm9_like_small_organic,0,1,"6-31G(d,p)",-6.821216256418811,2.119738481456272,8.940954737875083,15.547,8.796655224870252,2.719468411578415,low_confidence
pqr_0922,CC(C)NN,qm9_like_small_organic,0,1,"6-31G(d,p)",-4.9515629385516,1.8340273926178416,6.785590331169442,11.018999999999998,8.893736886171942,2.002312186340665,low_confidence
pqr_0923,CN(C)CCCO,qm9_like_small_organic,0,1,"6-31G(d,p)",-5.9332200980466645,1.5373524600958288,7.470572558142495,11.343,8.801955785192163,1.3655608486554345,low_confidence
pqr_0924,O[C@H]1[C@H](O)COC[C@@H]1O,qm9_like_small_organic,0,1,"6-31G(d,p)",-6.507877569903712,1.064538221155525,7.572415791059236,11.628,8.410133529868604,1.3002675103595394,low_confidence
pqr_0925,C1C[C@H]2CC[C@@H]1N=N2,qm9_like_small_organic,0,1,"6-31G(d,p)",-5.538440680927204,-0.8393893579551344,4.69905132297207,10.114,8.236370643278445,2.812413083766036,low_confidence
pqr_0926,CN(N=O)[C@@H]1CO1,qm9_like_small_organic,0,1,"6-31G(d,p)",-6.179683027284726,-1.3845074497540597,4.795175577530666,10.01,7.8792228306365395,2.7920889220769656,low_confidence
pqr_0927,N#CC#N,qm9_like_small_organic,0,1,"6-31G(d,p)",-10.130921579708131,-2.4297771929842304,7.701144386723902,15.739,7.744184321621961,2.803046509105883,low_confidence
pqr_0928,CCCN(C)C1(C)CC1,qm9_like_small_organic,0,1,"6-31G(d,p)",-5.3258449088150295,2.165814829930968,7.491659738745997,14.354,8.855454355040884,1.2394992744960032,low_confidence
pqr_0929,CC[C@@H](C)[C@H]1OC1(C)C,qm9_like_small_organic,0,1,"6-31G(d,p)",-6.717742259933639,2.0664945140839484,8.784236774017586,15.655,8.932896467959958,2.573857034950672,low_confidence
pqr_0930,CCC(C)(C)N(C)C,qm9_like_small_organic,0,1,"6-31G(d,p)",-5.20010100985374,1.974948931600009,7.175049941453749,14.578,8.991218462825422,1.0243057591880884,low_confidence
pqr_0931,CCC[C@H]1CCCCN1,qm9_like_small_organic,0,1,"6-31G(d,p)",-5.576367736713268,2.018089305123375,7.594457041836642,12.091,8.952964210078381,1.089606288414414,low_confidence
pqr_0932,CN[C@H]1C[C@H](C)C1,qm9_like_small_organic,0,1,"6-31G(d,p)",-5.631114502207497,2.099494513174756,7.730609015382253,15.117,8.976953031040297,2.073098436149742,low_confidence
pqr_0933,CN1CCCCC1,qm9_like_small_organic,0,1,"6-31G(d,p)",-5.272805368288779,2.080271125695888,7.353076493984667,11.756,9.002966752109124,1.0859122437711672,low_confidence
pqr_0934,CCC(C)CC,qm9_like_small_organic,0,1,"6-31G(d,p)",-8.16461240723316,2.3319479702804164,10.496560377513577,18.014,10.4887084183307,1.2210055200410783,low_confidence
pqr_0935,C1CCC2(C1)CC2,qm9_like_small_organic,0,1,"6-31G(d,p)",-6.895248106101139,2.2565775829683345,9.151825689069474,15.973,9.408446772375912,1.7551195675868048,low_confidence
pqr_0936,CC[C@H](C)CO,qm9_like_small_organic,0,1,"6-31G(d,p)",-7.04751663408601,1.6593666017299171,8.706883235815928,16.361,9.274459096967552,2.026076918129053,low_confidence
pqr_0937,CCCC(C)C,qm9_like_small_organic,0,1,"6-31G(d,p)",-8.105884654297821,2.1594965742396006,10.265381228537422,18.099,10.564244403754934,1.1898263832596143,low_confidence
pqr_0938,CCCN[C@@H](C)CC,qm9_like_small_organic,0,1,"6-31G(d,p)",-5.7456185404979125,1.969829516607542,7.715448057105454,15.034,9.039711811648672,1.550740964315441,low_confidence
pqr_0939,CC1(C)CC[C@H]1N,qm9_like_small_organic,0,1,"6-31G(d,p)",-5.938817774230008,1.8122120021014956,7.751029776331504,15.723,9.01785290337846,2.1353992878719392,low_confidence
pqr_0940,CC1(C)OO1,qm9_like_small_organic,0,1,"6-31G(d,p)",-6.378136505955892,2.1659618597677444,8.544098365723636,10.631,9.107861089045656,2.9520083158929857,low_confidence
pqr_0941,CC[C@@H](C)O,qm9_like_small_organic,0,1,"6-31G(d,p)",-7.056936592507007,1.6637898792357697,8.720726471742777,16.489,9.250302625878744,2.4630214791688445,low_confidence
pqr_0942,CN[C@H]1CC[C@H]1C,qm9_like_small_organic,0,1,"6-31G(d,p)",-5.957119712251363,1.971311656327814,7.928431368579177,15.045,8.963264502713388,2.0080991289934964,low_confidence
pqr_0943,CCC[C@H](C)N,qm9_like_small_organic,0,1,"6-31G(d,p)",-6.034626933141917,2.0748747319008114,8.109501665042728,15.994,9.262279775173702,2.2239298252977804,low_confidence
pqr_0944,C[C@H]1CC[C@@H]1C#N,qm9_like_small_organic,0,1,"6-31G(d,p)",-8.222383852130864,0.8663350346450861,9.08871888677595,15.583,9.230073862009078,1.4683096288926354,low_confidence
pqr_0945,CCC(C)C,qm9_like_small_organic,0,1,"6-31G(d,p)",-8.333583255560084,2.1029079785173086,10.436491234077392,18.38,10.596763395523045,2.423167098879631,low_confidence
pqr_0946,CC(C)CNC(C)C,qm9_like_small_organic,0,1,"6-31G(d,p)",-5.943548838918041,2.0061357644819893,7.94968460340003,11.801,8.986069321572733,1.8661556502544825,low_confidence
pqr_0947,CCN(C)C(C)C,qm9_like_small_organic,0,1,"6-31G(d,p)",-5.124825257762704,2.033153329034407,7.157978586797111,14.634,9.112527140131569,1.3524133615205507,low_confidence
pqr_0948,CCCCCO,qm9_like_small_organic,0,1,"6-31G(d,p)",-7.014892764178917,1.942391699478919,8.957284463657835,13.151,9.284847906593376,1.0522067813197769,low_confidence
pqr_0949,NC1CCCC1,qm9_like_small_organic,0,1,"6-31G(d,p)",-5.991300702044407,1.922062874751681,7.913363576796087,15.747,9.220182910126615,2.5529974892049445,low_confidence
